Using pre-set license
Built from '6000.0/staging' branch; Version is '6000.0.48f1 (170d2541580d) revision 1510693'; Using compiler version '193933523'; Build Type 'Release'
OS: 'Windows 10  (10.0.19045) 64bit Core' Language: 'ja' Physical Memory: 16331 MB
BatchMode: 1, IsHumanControllingUs: 0, StartBugReporterOnCrash: 0, Is64bit: 1, IsPro: 1

COMMAND LINE ARGUMENTS:
C:\Program Files\Unity\Hub\Editor\6000.0.48f1\Editor\Unity.exe
-adb2
-batchMode
-noUpm
-name
AssetImportWorker3
-projectPath
D:/tryro-dev-camera_sim/unity_source/Demo_Parking
-logFile
Logs/AssetImportWorker3.log
-srvPort
52095
-job-worker-count
5
-background-job-worker-count
8
-gc-helper-count
1
Successfully changed project path to: D:/tryro-dev-camera_sim/unity_source/Demo_Parking
D:/tryro-dev-camera_sim/unity_source/Demo_Parking
[UnityMemory] Configuration Parameters - Can be set up in boot.config
    "memorysetup-bucket-allocator-granularity=16"
    "memorysetup-bucket-allocator-bucket-count=8"
    "memorysetup-bucket-allocator-block-size=33554432"
    "memorysetup-bucket-allocator-block-count=8"
    "memorysetup-main-allocator-block-size=16777216"
    "memorysetup-thread-allocator-block-size=16777216"
    "memorysetup-gfx-main-allocator-block-size=16777216"
    "memorysetup-gfx-thread-allocator-block-size=16777216"
    "memorysetup-cache-allocator-block-size=4194304"
    "memorysetup-typetree-allocator-block-size=2097152"
    "memorysetup-profiler-bucket-allocator-granularity=16"
    "memorysetup-profiler-bucket-allocator-bucket-count=8"
    "memorysetup-profiler-bucket-allocator-block-size=33554432"
    "memorysetup-profiler-bucket-allocator-block-count=8"
    "memorysetup-profiler-allocator-block-size=16777216"
    "memorysetup-profiler-editor-allocator-block-size=1048576"
    "memorysetup-temp-allocator-size-main=16777216"
    "memorysetup-job-temp-allocator-block-size=2097152"
    "memorysetup-job-temp-allocator-block-size-background=1048576"
    "memorysetup-job-temp-allocator-reduction-small-platforms=262144"
    "memorysetup-allocator-temp-initial-block-size-main=262144"
    "memorysetup-allocator-temp-initial-block-size-worker=262144"
    "memorysetup-temp-allocator-size-background-worker=32768"
    "memorysetup-temp-allocator-size-job-worker=262144"
    "memorysetup-temp-allocator-size-preload-manager=33554432"
    "memorysetup-temp-allocator-size-nav-mesh-worker=65536"
    "memorysetup-temp-allocator-size-audio-worker=65536"
    "memorysetup-temp-allocator-size-cloud-worker=32768"
    "memorysetup-temp-allocator-size-gi-baking-worker=262144"
    "memorysetup-temp-allocator-size-gi-baking-worker=262144"
    "memorysetup-temp-allocator-size-gi-baking-worker=262144"
    "memorysetup-temp-allocator-size-gi-baking-worker=262144"
    "memorysetup-temp-allocator-size-gi-baking-worker=262144"
    "memorysetup-temp-allocator-size-gfx=262144"
Player connection [24256]  Target information:

Player connection [24256]  * "[IP] 192.168.10.103 [Port] 0 [Flags] 2 [Guid] 3937147473 [EditorId] 3937147473 [Version] 1048832 [Id] WindowsEditor(7,DESKTOP-JPNJJEO) [Debug] 1 [PackageName] WindowsEditor [ProjectName] Editor" 

Player connection [24256]  * "[IP] 192.168.56.1 [Port] 0 [Flags] 2 [Guid] 3937147473 [EditorId] 3937147473 [Version] 1048832 [Id] WindowsEditor(7,DESKTOP-JPNJJEO) [Debug] 1 [PackageName] WindowsEditor [ProjectName] Editor" 

Player connection [24256] Host joined multi-casting on [225.0.0.222:54997]...
Player connection [24256] Host joined alternative multi-casting on [225.0.0.222:34997]...
JobSystem: Creating JobQueue using job-worker-count value 5
Input System module state changed to: Initialized.
[Physics::Module] Initialized fallback backend.
[Physics::Module] Id: 0xdecafbad
Library Redirect Path: Library/
[Physics::Module] Selected backend.
[Physics::Module] Name: PhysX
[Physics::Module] Id: 0xf2b8ea05
[Physics::Module] SDK Version: 4.1.2
[Physics::Module] Integration Version: 1.0.0
[Physics::Module] Threading Mode: Multi-Threaded
Refreshing native plugins compatible for Editor in 1560.87 ms, found 9 plugins.
Preloading 0 native plugins for Editor in 0.00 ms.
Initialize engine version: 6000.0.48f1 (170d2541580d)
[Subsystems] Discovering subsystems at path C:/Program Files/Unity/Hub/Editor/6000.0.48f1/Editor/Data/Resources/UnitySubsystems
[Subsystems] Discovering subsystems at path D:/tryro-dev-camera_sim/unity_source/Demo_Parking/Assets
GfxDevice: creating device client; kGfxThreadingModeNonThreaded
Direct3D:
    Version:  Direct3D 11.0 [level 11.1]
    Renderer: NVIDIA GeForce RTX 2060 (ID=0x1f08)
    Vendor:   NVIDIA
    VRAM:     5954 MB
    Driver:   32.0.15.6094
Initialize mono
Mono path[0] = 'C:/Program Files/Unity/Hub/Editor/6000.0.48f1/Editor/Data/Managed'
Mono path[1] = 'C:/Program Files/Unity/Hub/Editor/6000.0.48f1/Editor/Data/MonoBleedingEdge/lib/mono/unityjit-win32'
Mono config path = 'C:/Program Files/Unity/Hub/Editor/6000.0.48f1/Editor/Data/MonoBleedingEdge/etc'
Using monoOptions --debugger-agent=transport=dt_socket,embedding=1,server=y,suspend=n,address=127.0.0.1:56700
Begin MonoManager ReloadAssembly
Registering precompiled unity dll's ...
Register platform support module: C:/Program Files/Unity/Hub/Editor/6000.0.48f1/Editor/Data/PlaybackEngines/WindowsStandaloneSupport/UnityEditor.WindowsStandalone.Extensions.dll
Register platform support module: C:/Program Files/Unity/Hub/Editor/6000.0.48f1/Editor/Data/PlaybackEngines/AndroidPlayer/UnityEditor.Android.Extensions.dll
Registered in 0.483410 seconds.
- Loaded All Assemblies, in 12.200 seconds
Native extension for Android target not found
Android Extension - Scanning For ADB Devices 315 ms
Native extension for WindowsStandalone target not found
Mono: successfully reloaded assembly
- Finished resetting the current domain, in  0.850 seconds
Domain Reload Profiling: 13045ms
	BeginReloadAssembly (9308ms)
		ExecutionOrderSort (0ms)
		DisableScriptedObjects (0ms)
		BackupInstance (0ms)
		ReleaseScriptingObjects (0ms)
		CreateAndSetChildDomain (1ms)
	RebuildCommonClasses (542ms)
	RebuildNativeTypeToScriptingClass (17ms)
	initialDomainReloadingComplete (550ms)
	LoadAllAssembliesAndSetupDomain (1778ms)
		LoadAssemblies (9317ms)
		RebuildTransferFunctionScriptingTraits (0ms)
		AnalyzeDomain (1758ms)
			TypeCache.Refresh (1756ms)
				TypeCache.ScanAssembly (1456ms)
			BuildScriptInfoCaches (0ms)
			ResolveRequiredComponents (1ms)
	FinalizeReload (850ms)
		ReleaseScriptCaches (0ms)
		RebuildScriptCaches (0ms)
		SetupLoadedEditorAssemblies (788ms)
			LogAssemblyErrors (0ms)
			InitializePlatformSupportModulesInManaged (428ms)
			SetLoadedEditorAssemblies (4ms)
			BeforeProcessingInitializeOnLoad (75ms)
			ProcessInitializeOnLoadAttributes (183ms)
			ProcessInitializeOnLoadMethodAttributes (97ms)
			AfterProcessingInitializeOnLoad (0ms)
			EditorAssembliesLoaded (0ms)
		ExecutionOrderSort2 (0ms)
		AwakeInstancesAfterBackupRestoration (0ms)
========================================================================
Worker process is ready to serve import requests
Import Worker Mode flag is 0x00
Begin MonoManager ReloadAssembly
- Loaded All Assemblies, in 12.493 seconds
'Packages/com.unity.xr.openxr/Runtime/OpenXRLoader.cs' contains partial class of Unity.Object, exactly 1 of the partial classes needs to be in a file with the same filename. This is to know the one that can be referenced from ie. GameObjects
'Packages/com.unity.xr.openxr/Runtime/OpenXRLoaderInternal.cs' contains partial class of Unity.Object, exactly 1 of the partial classes needs to be in a file with the same filename. This is to know the one that can be referenced from ie. GameObjects
Refreshing native plugins compatible for Editor in 8.98 ms, found 9 plugins.
Native extension for Android target not found
Native extension for WindowsStandalone target not found
Package Manager log level set to [2]
[Package Manager] Failed to launch server process. Reason: Unity was launched with the -noUpm command-line argument
[Package Manager] Unable to send message (not connected to server process).
[Package Manager] Cannot connect to Unity Package Manager local server
System.NullReferenceException: Object reference not set to an instance of an object
  at UnityEditor.XR.Interaction.Toolkit.Analytics.XRIAnalytics..cctor () [0x00000] in .\Library\PackageCache\com.unity.xr.interaction.toolkit@9b07900cb163\Editor\Analytics\XRIAnalytics.cs:32 
UnityEngine.Debug:ExtractStackTraceNoAlloc (byte*,int,string)
UnityEngine.StackTraceUtility:ExtractStackTrace ()
UnityEngine.DebugLogHandler:Internal_Log (UnityEngine.LogType,UnityEngine.LogOption,string,UnityEngine.Object)
UnityEngine.DebugLogHandler:LogFormat (UnityEngine.LogType,UnityEngine.Object,string,object[])
UnityEngine.Logger:Log (UnityEngine.LogType,object)
UnityEngine.Debug:LogError (object)
UnityEditor.EditorAssemblies:ProcessInitializeOnLoadAttributes (System.Type[])

[Package Manager] Failed to launch server process. Reason: Unity was launched with the -noUpm command-line argument
[Package Manager] Unable to send message (not connected to server process).
[Package Manager] Cannot connect to Unity Package Manager local server
Failed to get package versions: Cannot connect to Unity Package Manager local server
UnityEngine.Debug:ExtractStackTraceNoAlloc (byte*,int,string)
UnityEngine.StackTraceUtility:ExtractStackTrace ()
UnityEngine.DebugLogHandler:Internal_Log (UnityEngine.LogType,UnityEngine.LogOption,string,UnityEngine.Object)
UnityEngine.DebugLogHandler:LogFormat (UnityEngine.LogType,UnityEngine.Object,string,object[])
UnityEngine.Logger:Log (UnityEngine.LogType,object)
UnityEngine.Debug:LogWarning (object)
Unity.XR.CoreUtils.Editor.PackageVersionUtility:UpdatePackageVersions () (at ./Library/PackageCache/com.unity.xr.core-utils@5b282bc7378d/Editor/ProjectValidation/PackageVersionUtility.cs:59)
Unity.XR.CoreUtils.Editor.PackageVersionUtility:GetPackageVersion (string) (at ./Library/PackageCache/com.unity.xr.core-utils@5b282bc7378d/Editor/ProjectValidation/PackageVersionUtility.cs:77)
UnityEditor.XR.Interaction.Toolkit.Samples.Hands.Editor.HandsSampleProjectValidation:.cctor () (at Assets/Samples/XR Interaction Toolkit/3.1.1/Hands Interaction Demo/Editor/Scripts/HandsSampleProjectValidation.cs:34)
System.Reflection.RuntimeMethodInfo:Invoke (object,System.Reflection.BindingFlags,System.Reflection.Binder,object[],System.Globalization.CultureInfo)
System.Reflection.MethodBase:Invoke (object,object[])
UnityEditor.EditorAssemblies:ProcessInitializeOnLoadMethodAttributes ()

(Filename: ./Library/PackageCache/com.unity.xr.core-utils@5b282bc7378d/Editor/ProjectValidation/PackageVersionUtility.cs Line: 59)

Mono: successfully reloaded assembly
[Package Manager] Failed to launch server process. Reason: Unity was launched with the -noUpm command-line argument
[Package Manager] Unable to send message (not connected to server process).
[Package Manager] Cannot connect to Unity Package Manager local server
[Package Manager] Failed to launch server process. Reason: Unity was launched with the -noUpm command-line argument
[Package Manager] Unable to send message (not connected to server process).
[Package Manager] Cannot connect to Unity Package Manager local server
- Finished resetting the current domain, in  1.778 seconds
Domain Reload Profiling: 14266ms
	BeginReloadAssembly (223ms)
		ExecutionOrderSort (0ms)
		DisableScriptedObjects (8ms)
		BackupInstance (0ms)
		ReleaseScriptingObjects (0ms)
		CreateAndSetChildDomain (33ms)
	RebuildCommonClasses (47ms)
	RebuildNativeTypeToScriptingClass (15ms)
	initialDomainReloadingComplete (52ms)
	LoadAllAssembliesAndSetupDomain (12149ms)
		LoadAssemblies (11338ms)
		RebuildTransferFunctionScriptingTraits (0ms)
		AnalyzeDomain (951ms)
			TypeCache.Refresh (870ms)
				TypeCache.ScanAssembly (790ms)
			BuildScriptInfoCaches (64ms)
			ResolveRequiredComponents (14ms)
	FinalizeReload (1779ms)
		ReleaseScriptCaches (0ms)
		RebuildScriptCaches (0ms)
		SetupLoadedEditorAssemblies (1557ms)
			LogAssemblyErrors (0ms)
			InitializePlatformSupportModulesInManaged (14ms)
			SetLoadedEditorAssemblies (7ms)
			BeforeProcessingInitializeOnLoad (146ms)
			ProcessInitializeOnLoadAttributes (832ms)
			ProcessInitializeOnLoadMethodAttributes (547ms)
			AfterProcessingInitializeOnLoad (10ms)
			EditorAssembliesLoaded (0ms)
		ExecutionOrderSort2 (0ms)
		AwakeInstancesAfterBackupRestoration (6ms)
Launched and connected shader compiler UnityShaderCompiler.exe after 0.04 seconds
Refreshing native plugins compatible for Editor in 8.72 ms, found 9 plugins.
Preloading 0 native plugins for Editor in 0.00 ms.
Unloading 244 Unused Serialized files (Serialized files now loaded: 0)
Unloading 5682 unused Assets / (8.1 MB). Loaded Objects now: 6348.
Memory consumption went from 172.0 MB to 163.9 MB.
Total: 11.242900 ms (FindLiveObjects: 0.844800 ms CreateObjectMapping: 0.442000 ms MarkObjects: 5.578900 ms  DeleteObjects: 4.376000 ms)

========================================================================
Received Import Request.
  Time since last request: 97136.426378 seconds.
  path: Assets/parking_fullset/ceiling_floor_AlbedoTransparency.png
  artifactKey: Guid(2a19fe751019d5f41831eb4ae7858e5a) Importer(815301076,1909f56bfc062723c751e8b465ee728b)
Start importing Assets/parking_fullset/ceiling_floor_AlbedoTransparency.png using Guid(2a19fe751019d5f41831eb4ae7858e5a) Importer(815301076,1909f56bfc062723c751e8b465ee728b) (PreviewImporter) -> (artifact id: 'f95e660855813b51629011969f1b299b') in 0.1061779 seconds
Number of updated asset objects reloaded before import = 0Number of asset objects unloaded after import = 2

========================================================================
Received Import Request.
  Time since last request: 0.000021 seconds.
  path: Assets/parking_fullset/light_base_Normal.png
  artifactKey: Guid(bfaf9ad260c882e489028e1ca3c9d998) Importer(815301076,1909f56bfc062723c751e8b465ee728b)
Start importing Assets/parking_fullset/light_base_Normal.png using Guid(bfaf9ad260c882e489028e1ca3c9d998) Importer(815301076,1909f56bfc062723c751e8b465ee728b) (PreviewImporter) -> (artifact id: '57aa250a4e935643a2d5196b1168e837') in 0.0543753 seconds
Number of updated asset objects reloaded before import = 0Number of asset objects unloaded after import = 2

========================================================================
Received Import Request.
  Time since last request: 0.000034 seconds.
  path: Assets/parking_fullset/P_signboard_close.mat
  artifactKey: Guid(21a5e76c6f79c1c4da5008ebc2d5662e) Importer(815301076,1909f56bfc062723c751e8b465ee728b)
Start importing Assets/parking_fullset/P_signboard_close.mat using Guid(21a5e76c6f79c1c4da5008ebc2d5662e) Importer(815301076,1909f56bfc062723c751e8b465ee728b) (PreviewImporter) -> (artifact id: 'd4f1141bde4fc7265d40450f31caa82f') in 0.8882636 seconds
Number of updated asset objects reloaded before import = 0Number of asset objects unloaded after import = 6

========================================================================
Received Import Request.
  Time since last request: 0.000038 seconds.
  path: Assets/parking_fullset/filde_base.mat
  artifactKey: Guid(ade59c1654e720d4aada8d5bb80acac9) Importer(815301076,1909f56bfc062723c751e8b465ee728b)
Start importing Assets/parking_fullset/filde_base.mat using Guid(ade59c1654e720d4aada8d5bb80acac9) Importer(815301076,1909f56bfc062723c751e8b465ee728b) (PreviewImporter) -> (artifact id: '87ec7f2df3a2822b463fb07aff1de2ee') in 0.0194209 seconds
Number of updated asset objects reloaded before import = 0Number of asset objects unloaded after import = 4

========================================================================
Received Import Request.
  Time since last request: 0.000041 seconds.
  path: Assets/parking_fullset/kaidan_wall_MetallicSmoothness.png
  artifactKey: Guid(8a18604be7826c247bc17121da285dd0) Importer(815301076,1909f56bfc062723c751e8b465ee728b)
Start importing Assets/parking_fullset/kaidan_wall_MetallicSmoothness.png using Guid(8a18604be7826c247bc17121da285dd0) Importer(815301076,1909f56bfc062723c751e8b465ee728b) (PreviewImporter) -> (artifact id: 'd2ce79136e2848ffd6dc80f446c9a65d') in 0.0304829 seconds
Number of updated asset objects reloaded before import = 0Number of asset objects unloaded after import = 2

========================================================================
Received Import Request.
  Time since last request: 0.000029 seconds.
  path: Assets/parking_fullset/P_machine_Normal.png
  artifactKey: Guid(a9eeb4109dd8df94bbf448b4a58e9cfe) Importer(815301076,1909f56bfc062723c751e8b465ee728b)
Start importing Assets/parking_fullset/P_machine_Normal.png using Guid(a9eeb4109dd8df94bbf448b4a58e9cfe) Importer(815301076,1909f56bfc062723c751e8b465ee728b) (PreviewImporter) -> (artifact id: '2627eca808e42e4ee807a503aa990ab5') in 0.0190438 seconds
Number of updated asset objects reloaded before import = 0Number of asset objects unloaded after import = 2

========================================================================
Received Import Request.
  Time since last request: 0.000035 seconds.
  path: Assets/parking_fullset/P_machine_AlbedoTransparency.png
  artifactKey: Guid(7d7b3d8702994b24387caecac64c1ea7) Importer(815301076,1909f56bfc062723c751e8b465ee728b)
Start importing Assets/parking_fullset/P_machine_AlbedoTransparency.png using Guid(7d7b3d8702994b24387caecac64c1ea7) Importer(815301076,1909f56bfc062723c751e8b465ee728b) (PreviewImporter) -> (artifact id: '4c60eebdc900ce6948efc8db40a586c5') in 0.0260734 seconds
Number of updated asset objects reloaded before import = 0Number of asset objects unloaded after import = 2

========================================================================
Received Import Request.
  Time since last request: 0.000031 seconds.
  path: Assets/parking_fullset/guard_pipe_MetallicSmoothness.png
  artifactKey: Guid(9d3ae8e729560514ab9b971dcdfcf466) Importer(815301076,1909f56bfc062723c751e8b465ee728b)
Start importing Assets/parking_fullset/guard_pipe_MetallicSmoothness.png using Guid(9d3ae8e729560514ab9b971dcdfcf466) Importer(815301076,1909f56bfc062723c751e8b465ee728b) (PreviewImporter) -> (artifact id: 'f9ab1ed80415394a15ace085daf97786') in 0.0193789 seconds
Number of updated asset objects reloaded before import = 0Number of asset objects unloaded after import = 2

========================================================================
Received Import Request.
  Time since last request: 0.000052 seconds.
  path: Assets/parking_fullset/light_base_MetallicSmoothness.png
  artifactKey: Guid(0b60a52faee57be4996c9c592365d066) Importer(815301076,1909f56bfc062723c751e8b465ee728b)
Start importing Assets/parking_fullset/light_base_MetallicSmoothness.png using Guid(0b60a52faee57be4996c9c592365d066) Importer(815301076,1909f56bfc062723c751e8b465ee728b) (PreviewImporter) -> (artifact id: '213b75e218c74b251a1d19bd92acd9ab') in 0.019545 seconds
Number of updated asset objects reloaded before import = 0Number of asset objects unloaded after import = 2

========================================================================
Received Import Request.
  Time since last request: 0.000023 seconds.
  path: Assets/parking_fullset/kaidan_mesh_MetallicSmoothness.png
  artifactKey: Guid(5bc782095fde6f44c9f27b488e8cf2e4) Importer(815301076,1909f56bfc062723c751e8b465ee728b)
Start importing Assets/parking_fullset/kaidan_mesh_MetallicSmoothness.png using Guid(5bc782095fde6f44c9f27b488e8cf2e4) Importer(815301076,1909f56bfc062723c751e8b465ee728b) (PreviewImporter) -> (artifact id: 'fd1ab9b10fe648e49a9f5f97d68d65be') in 0.017785 seconds
Number of updated asset objects reloaded before import = 0Number of asset objects unloaded after import = 2

========================================================================
Received Import Request.
  Time since last request: 0.000028 seconds.
  path: Assets/parking_fullset/floor.mat
  artifactKey: Guid(df1f0665699d07540bc20df6c3c16d25) Importer(815301076,1909f56bfc062723c751e8b465ee728b)
Start importing Assets/parking_fullset/floor.mat using Guid(df1f0665699d07540bc20df6c3c16d25) Importer(815301076,1909f56bfc062723c751e8b465ee728b) (PreviewImporter) -> (artifact id: '2dc08c8e25fae3cf1f8d3796d68d893f') in 0.0170924 seconds
Number of updated asset objects reloaded before import = 0Number of asset objects unloaded after import = 4

========================================================================
Received Import Request.
  Time since last request: 0.000033 seconds.
  path: Assets/parking_fullset/floor_MetallicSmoothness.png
  artifactKey: Guid(2e0e4040644a0a94988c2f68d0094361) Importer(815301076,1909f56bfc062723c751e8b465ee728b)
Start importing Assets/parking_fullset/floor_MetallicSmoothness.png using Guid(2e0e4040644a0a94988c2f68d0094361) Importer(815301076,1909f56bfc062723c751e8b465ee728b) (PreviewImporter) -> (artifact id: '69ca3cb7a519ac99e4e1b2af68c52281') in 0.0189665 seconds
Number of updated asset objects reloaded before import = 0Number of asset objects unloaded after import = 2

========================================================================
Received Import Request.
  Time since last request: 0.000031 seconds.
  path: Assets/parking_fullset/kaidan_wall_AlbedoTransparency.png
  artifactKey: Guid(cf0c4b7ae38daf04c9af435f7e0613fe) Importer(815301076,1909f56bfc062723c751e8b465ee728b)
Start importing Assets/parking_fullset/kaidan_wall_AlbedoTransparency.png using Guid(cf0c4b7ae38daf04c9af435f7e0613fe) Importer(815301076,1909f56bfc062723c751e8b465ee728b) (PreviewImporter) -> (artifact id: '3d1f1b1ebdf19f3a23be282a9c727051') in 0.0188674 seconds
Number of updated asset objects reloaded before import = 0Number of asset objects unloaded after import = 2

========================================================================
Received Import Request.
  Time since last request: 0.000039 seconds.
  path: Assets/parking_fullset/P_machine.mat
  artifactKey: Guid(c866533e21282a442bde785fc15d81c5) Importer(815301076,1909f56bfc062723c751e8b465ee728b)
Start importing Assets/parking_fullset/P_machine.mat using Guid(c866533e21282a442bde785fc15d81c5) Importer(815301076,1909f56bfc062723c751e8b465ee728b) (PreviewImporter) -> (artifact id: '66c357b1bcba0706e03b100d00024256') in 0.0169566 seconds
Number of updated asset objects reloaded before import = 0Number of asset objects unloaded after import = 4

========================================================================
Received Import Request.
  Time since last request: 0.000031 seconds.
  path: Assets/parking_fullset/limit_sign_Normal.png
  artifactKey: Guid(c3e82529e3678ea47a9750f366c7fbe3) Importer(815301076,1909f56bfc062723c751e8b465ee728b)
Start importing Assets/parking_fullset/limit_sign_Normal.png using Guid(c3e82529e3678ea47a9750f366c7fbe3) Importer(815301076,1909f56bfc062723c751e8b465ee728b) (PreviewImporter) -> (artifact id: '16e4813bdbd220b783c79e736dff8d89') in 0.0173256 seconds
Number of updated asset objects reloaded before import = 0Number of asset objects unloaded after import = 2

========================================================================
Received Import Request.
  Time since last request: 0.000024 seconds.
  path: Assets/parking_fullset/kaidan_mesh_Normal.png
  artifactKey: Guid(ad60d7914ba66dc429da50da1023646f) Importer(815301076,1909f56bfc062723c751e8b465ee728b)
Start importing Assets/parking_fullset/kaidan_mesh_Normal.png using Guid(ad60d7914ba66dc429da50da1023646f) Importer(815301076,1909f56bfc062723c751e8b465ee728b) (PreviewImporter) -> (artifact id: '90db7bbd0a53cc0908a1607b1f09653b') in 0.0190419 seconds
Number of updated asset objects reloaded before import = 0Number of asset objects unloaded after import = 2

========================================================================
Received Import Request.
  Time since last request: 0.000024 seconds.
  path: Assets/parking_fullset/kandan_step_MetallicSmoothness.png
  artifactKey: Guid(179e0fd503923c4499adefb680f1cb79) Importer(815301076,1909f56bfc062723c751e8b465ee728b)
Start importing Assets/parking_fullset/kandan_step_MetallicSmoothness.png using Guid(179e0fd503923c4499adefb680f1cb79) Importer(815301076,1909f56bfc062723c751e8b465ee728b) (PreviewImporter) -> (artifact id: 'da2e46cf4bb6be00c6032d8417e99235') in 0.0202238 seconds
Number of updated asset objects reloaded before import = 0Number of asset objects unloaded after import = 2

========================================================================
Received Import Request.
  Time since last request: 0.000031 seconds.
  path: Assets/parking_fullset/kaidan_mesh_AlbedoTransparency.png
  artifactKey: Guid(fd351a58dbfe2224cb5f494845ea7422) Importer(815301076,1909f56bfc062723c751e8b465ee728b)
Start importing Assets/parking_fullset/kaidan_mesh_AlbedoTransparency.png using Guid(fd351a58dbfe2224cb5f494845ea7422) Importer(815301076,1909f56bfc062723c751e8b465ee728b) (PreviewImporter) -> (artifact id: '87b1d254b76c8799f9d404bc294cbad2') in 0.0181944 seconds
Number of updated asset objects reloaded before import = 0Number of asset objects unloaded after import = 2

========================================================================
Received Import Request.
  Time since last request: 0.000038 seconds.
  path: Assets/parking_fullset/kaidan_mesh.mat
  artifactKey: Guid(7252f7837bfbfaf49b5420b2abc70559) Importer(815301076,1909f56bfc062723c751e8b465ee728b)
Start importing Assets/parking_fullset/kaidan_mesh.mat using Guid(7252f7837bfbfaf49b5420b2abc70559) Importer(815301076,1909f56bfc062723c751e8b465ee728b) (PreviewImporter) -> (artifact id: 'd6bc8de295374188e3c032755951c59d') in 0.0510802 seconds
Number of updated asset objects reloaded before import = 0Number of asset objects unloaded after import = 4

========================================================================
Received Import Request.
  Time since last request: 0.000028 seconds.
  path: Assets/parking_fullset/kandan_step_Normal.png
  artifactKey: Guid(4508cb233b193af438e8463d81dda577) Importer(815301076,1909f56bfc062723c751e8b465ee728b)
Start importing Assets/parking_fullset/kandan_step_Normal.png using Guid(4508cb233b193af438e8463d81dda577) Importer(815301076,1909f56bfc062723c751e8b465ee728b) (PreviewImporter) -> (artifact id: 'b5560c90fb1fbbf1ab1600389c2c61d4') in 0.0190295 seconds
Number of updated asset objects reloaded before import = 0Number of asset objects unloaded after import = 2

========================================================================
Received Import Request.
  Time since last request: 0.000038 seconds.
  path: Assets/parking_fullset/limit_sign_MetallicSmoothness.png
  artifactKey: Guid(9207ea26d049b6e4d82f86121da5e108) Importer(815301076,1909f56bfc062723c751e8b465ee728b)
Start importing Assets/parking_fullset/limit_sign_MetallicSmoothness.png using Guid(9207ea26d049b6e4d82f86121da5e108) Importer(815301076,1909f56bfc062723c751e8b465ee728b) (PreviewImporter) -> (artifact id: '27edef55673564af781b70880452cfb1') in 0.0219667 seconds
Number of updated asset objects reloaded before import = 0Number of asset objects unloaded after import = 2

========================================================================
Received Import Request.
  Time since last request: 0.000032 seconds.
  path: Assets/parking_fullset/ceiling_floor_MetallicSmoothness.png
  artifactKey: Guid(f5412851129d847458d2d0cd6aeeaed8) Importer(815301076,1909f56bfc062723c751e8b465ee728b)
Start importing Assets/parking_fullset/ceiling_floor_MetallicSmoothness.png using Guid(f5412851129d847458d2d0cd6aeeaed8) Importer(815301076,1909f56bfc062723c751e8b465ee728b) (PreviewImporter) -> (artifact id: '0b3efc97caf7e337e75fcd4d5d3ea8bd') in 0.0096112 seconds
Number of updated asset objects reloaded before import = 0Number of asset objects unloaded after import = 2

========================================================================
Received Import Request.
  Time since last request: 0.000039 seconds.
  path: Assets/parking_fullset/light_emi_Emission.png
  artifactKey: Guid(59e8c21102b5f9c4e9f4a0f87e913a21) Importer(815301076,1909f56bfc062723c751e8b465ee728b)
Start importing Assets/parking_fullset/light_emi_Emission.png using Guid(59e8c21102b5f9c4e9f4a0f87e913a21) Importer(815301076,1909f56bfc062723c751e8b465ee728b) (PreviewImporter) -> (artifact id: '200432533fc62628efe2547f689a446c') in 0.0168316 seconds
Number of updated asset objects reloaded before import = 0Number of asset objects unloaded after import = 2

========================================================================
Received Import Request.
  Time since last request: 0.642653 seconds.
  path: Assets/parking_fullset/P_signboard_Normal.png
  artifactKey: Guid(061053b38471fd84da7477584c5b1126) Importer(815301076,1909f56bfc062723c751e8b465ee728b)
Start importing Assets/parking_fullset/P_signboard_Normal.png using Guid(061053b38471fd84da7477584c5b1126) Importer(815301076,1909f56bfc062723c751e8b465ee728b) (PreviewImporter) -> (artifact id: 'fc40de6340a5553de49675278b86fa50') in 0.0185566 seconds
Number of updated asset objects reloaded before import = 0Number of asset objects unloaded after import = 2

========================================================================
Received Import Request.
  Time since last request: 0.000039 seconds.
  path: Assets/parking_fullset/p_space.mat
  artifactKey: Guid(14a6483e49526144eb4fe8dc66a840b0) Importer(815301076,1909f56bfc062723c751e8b465ee728b)
Start importing Assets/parking_fullset/p_space.mat using Guid(14a6483e49526144eb4fe8dc66a840b0) Importer(815301076,1909f56bfc062723c751e8b465ee728b) (PreviewImporter) -> (artifact id: '8007a46abbeda62e45ca8be4530988b1') in 0.0177821 seconds
Number of updated asset objects reloaded before import = 0Number of asset objects unloaded after import = 4

========================================================================
Received Import Request.
  Time since last request: 0.000025 seconds.
  path: Assets/parking_fullset/P_signboard_open.mat
  artifactKey: Guid(aec6d9429bb86a6449ba072ac52b3c4a) Importer(815301076,1909f56bfc062723c751e8b465ee728b)
Start importing Assets/parking_fullset/P_signboard_open.mat using Guid(aec6d9429bb86a6449ba072ac52b3c4a) Importer(815301076,1909f56bfc062723c751e8b465ee728b) (PreviewImporter) -> (artifact id: '32defbf260f74be9b9abcc84c51a0572') in 0.0249924 seconds
Number of updated asset objects reloaded before import = 0Number of asset objects unloaded after import = 5

========================================================================
Received Import Request.
  Time since last request: 0.000046 seconds.
  path: Assets/parking_fullset/Pillar_cushion.mat
  artifactKey: Guid(78c5b483d4ffddd4399049534de9e2e2) Importer(815301076,1909f56bfc062723c751e8b465ee728b)
Start importing Assets/parking_fullset/Pillar_cushion.mat using Guid(78c5b483d4ffddd4399049534de9e2e2) Importer(815301076,1909f56bfc062723c751e8b465ee728b) (PreviewImporter) -> (artifact id: 'dbd4df9100fb623cb3da899ed272877e') in 0.0168187 seconds
Number of updated asset objects reloaded before import = 0Number of asset objects unloaded after import = 4

========================================================================
Received Import Request.
  Time since last request: 0.000062 seconds.
  path: Assets/parking_fullset/road_sign_AlbedoTransparency.png
  artifactKey: Guid(8e59dd808f9db3a43b9553c39b6e824c) Importer(815301076,1909f56bfc062723c751e8b465ee728b)
Start importing Assets/parking_fullset/road_sign_AlbedoTransparency.png using Guid(8e59dd808f9db3a43b9553c39b6e824c) Importer(815301076,1909f56bfc062723c751e8b465ee728b) (PreviewImporter) -> (artifact id: '70d427c69005a2f633d6addc433ad0ed') in 0.0204031 seconds
Number of updated asset objects reloaded before import = 0Number of asset objects unloaded after import = 2

========================================================================
Received Import Request.
  Time since last request: 0.000028 seconds.
  path: Assets/parking_fullset/wall_conc.mat
  artifactKey: Guid(153e8a9ece8f599498ed78a9f62a102a) Importer(815301076,1909f56bfc062723c751e8b465ee728b)
Start importing Assets/parking_fullset/wall_conc.mat using Guid(153e8a9ece8f599498ed78a9f62a102a) Importer(815301076,1909f56bfc062723c751e8b465ee728b) (PreviewImporter) -> (artifact id: 'e03468db7b2003565e29906b8042fb2c') in 0.0185228 seconds
Number of updated asset objects reloaded before import = 0Number of asset objects unloaded after import = 4

========================================================================
Received Import Request.
  Time since last request: 0.000053 seconds.
  path: Assets/parking_fullset/road_sign_MetallicSmoothness.png
  artifactKey: Guid(613a6de16a9554746a3eed520e6f9e8f) Importer(815301076,1909f56bfc062723c751e8b465ee728b)
Start importing Assets/parking_fullset/road_sign_MetallicSmoothness.png using Guid(613a6de16a9554746a3eed520e6f9e8f) Importer(815301076,1909f56bfc062723c751e8b465ee728b) (PreviewImporter) -> (artifact id: '1a71a1f78cb9eb557006c5322b8a74b3') in 0.0197012 seconds
Number of updated asset objects reloaded before import = 0Number of asset objects unloaded after import = 2

========================================================================
Received Import Request.
  Time since last request: 0.000039 seconds.
  path: Assets/parking_fullset/road_sign.mat
  artifactKey: Guid(d466783e78fe6424ebd97b944e90b0d3) Importer(815301076,1909f56bfc062723c751e8b465ee728b)
Start importing Assets/parking_fullset/road_sign.mat using Guid(d466783e78fe6424ebd97b944e90b0d3) Importer(815301076,1909f56bfc062723c751e8b465ee728b) (PreviewImporter) -> (artifact id: '1e01cf4c854ce1b2465b3908fae199aa') in 0.0183374 seconds
Number of updated asset objects reloaded before import = 0Number of asset objects unloaded after import = 4

========================================================================
Received Import Request.
  Time since last request: 0.000046 seconds.
  path: Assets/parking_fullset/P_signboard_open_AlbedoTransparency.png
  artifactKey: Guid(036627823a4dbac409b58ded48109434) Importer(815301076,1909f56bfc062723c751e8b465ee728b)
Start importing Assets/parking_fullset/P_signboard_open_AlbedoTransparency.png using Guid(036627823a4dbac409b58ded48109434) Importer(815301076,1909f56bfc062723c751e8b465ee728b) (PreviewImporter) -> (artifact id: '347898a99305f0f2a460344f4c63a5e2') in 0.016679 seconds
Number of updated asset objects reloaded before import = 0Number of asset objects unloaded after import = 2

========================================================================
Received Import Request.
  Time since last request: 0.000039 seconds.
  path: Assets/parking_fullset/Pillar_cushion_AlbedoTransparency.png
  artifactKey: Guid(33863e0935699d74cb405d7b8e72d3de) Importer(815301076,1909f56bfc062723c751e8b465ee728b)
Start importing Assets/parking_fullset/Pillar_cushion_AlbedoTransparency.png using Guid(33863e0935699d74cb405d7b8e72d3de) Importer(815301076,1909f56bfc062723c751e8b465ee728b) (PreviewImporter) -> (artifact id: 'd88597a7c8c71049c3296ae27299e33f') in 0.018351 seconds
Number of updated asset objects reloaded before import = 0Number of asset objects unloaded after import = 2

========================================================================
Received Import Request.
  Time since last request: 0.000027 seconds.
  path: Assets/parking_fullset/Pillar_cushion_Normal.png
  artifactKey: Guid(da3f3275fc8c355489c3d3e33fc712d4) Importer(815301076,1909f56bfc062723c751e8b465ee728b)
Start importing Assets/parking_fullset/Pillar_cushion_Normal.png using Guid(da3f3275fc8c355489c3d3e33fc712d4) Importer(815301076,1909f56bfc062723c751e8b465ee728b) (PreviewImporter) -> (artifact id: '5455fa02229e0c04188b8856f11b6d44') in 0.0171597 seconds
Number of updated asset objects reloaded before import = 0Number of asset objects unloaded after import = 2

========================================================================
Received Import Request.
  Time since last request: 0.000023 seconds.
  path: Assets/parking_fullset/slope_AlbedoTransparency.png
  artifactKey: Guid(ac9d304451993634bacfd7d200084cd0) Importer(815301076,1909f56bfc062723c751e8b465ee728b)
Start importing Assets/parking_fullset/slope_AlbedoTransparency.png using Guid(ac9d304451993634bacfd7d200084cd0) Importer(815301076,1909f56bfc062723c751e8b465ee728b) (PreviewImporter) -> (artifact id: 'fdd85a10264d7bcbf3f44ae88a1a6617') in 0.0198082 seconds
Number of updated asset objects reloaded before import = 0Number of asset objects unloaded after import = 2

========================================================================
Received Import Request.
  Time since last request: 0.000039 seconds.
  path: Assets/parking_fullset/wall_conc_AlbedoTransparency.png
  artifactKey: Guid(faf007d48e64fb149a49a79129fddb70) Importer(815301076,1909f56bfc062723c751e8b465ee728b)
Start importing Assets/parking_fullset/wall_conc_AlbedoTransparency.png using Guid(faf007d48e64fb149a49a79129fddb70) Importer(815301076,1909f56bfc062723c751e8b465ee728b) (PreviewImporter) -> (artifact id: '08ac1302843d6b4052de93a067f5e2b5') in 0.0184606 seconds
Number of updated asset objects reloaded before import = 0Number of asset objects unloaded after import = 2

========================================================================
Received Import Request.
  Time since last request: 0.000034 seconds.
  path: Assets/parking_fullset/Pillar_cushion_MetallicSmoothness.png
  artifactKey: Guid(7138cbb88a0b60d439615ce0f52c453b) Importer(815301076,1909f56bfc062723c751e8b465ee728b)
Start importing Assets/parking_fullset/Pillar_cushion_MetallicSmoothness.png using Guid(7138cbb88a0b60d439615ce0f52c453b) Importer(815301076,1909f56bfc062723c751e8b465ee728b) (PreviewImporter) -> (artifact id: 'a7a0ea2560df51f26a0df7953434f1c8') in 0.0184193 seconds
Number of updated asset objects reloaded before import = 0Number of asset objects unloaded after import = 2

========================================================================
Received Import Request.
  Time since last request: 0.000023 seconds.
  path: Assets/parking_fullset/slope_MetallicSmoothness.png
  artifactKey: Guid(f33cae570b3fd1d409d9b19d03ed4a58) Importer(815301076,1909f56bfc062723c751e8b465ee728b)
Start importing Assets/parking_fullset/slope_MetallicSmoothness.png using Guid(f33cae570b3fd1d409d9b19d03ed4a58) Importer(815301076,1909f56bfc062723c751e8b465ee728b) (PreviewImporter) -> (artifact id: '51287bf54ca8939e6dd6ab732bfc1729') in 0.0098395 seconds
Number of updated asset objects reloaded before import = 0Number of asset objects unloaded after import = 2

========================================================================
Received Import Request.
  Time since last request: 0.000029 seconds.
  path: Assets/parking_fullset/p_space_MetallicSmoothness.png
  artifactKey: Guid(355ba4287a8b00443ab7b02ac4748be2) Importer(815301076,1909f56bfc062723c751e8b465ee728b)
Start importing Assets/parking_fullset/p_space_MetallicSmoothness.png using Guid(355ba4287a8b00443ab7b02ac4748be2) Importer(815301076,1909f56bfc062723c751e8b465ee728b) (PreviewImporter) -> (artifact id: '9223fda0af8fd5cdc036020002376b86') in 0.0102762 seconds
Number of updated asset objects reloaded before import = 0Number of asset objects unloaded after import = 2

========================================================================
Received Import Request.
  Time since last request: 0.000025 seconds.
  path: Assets/parking_fullset/p_space_AlbedoTransparency.png
  artifactKey: Guid(c5294d709be356a43802165a69c1880d) Importer(815301076,1909f56bfc062723c751e8b465ee728b)
Start importing Assets/parking_fullset/p_space_AlbedoTransparency.png using Guid(c5294d709be356a43802165a69c1880d) Importer(815301076,1909f56bfc062723c751e8b465ee728b) (PreviewImporter) -> (artifact id: 'c1891e542a9bd02cdf4bbf12672b12d3') in 0.0166696 seconds
Number of updated asset objects reloaded before import = 0Number of asset objects unloaded after import = 2

========================================================================
Received Import Request.
  Time since last request: 384.226198 seconds.
  path: Assets/parking_fullset/parking_full_set.fbx
  artifactKey: Guid(59e5d8a594929b64b8b3f802e97ddd65) Importer(815301076,1909f56bfc062723c751e8b465ee728b)
Start importing Assets/parking_fullset/parking_full_set.fbx using Guid(59e5d8a594929b64b8b3f802e97ddd65) Importer(815301076,1909f56bfc062723c751e8b465ee728b) (PreviewImporter) -> (artifact id: '297f12819fc14171458608ea13066e04') in 0.4077578 seconds
Number of updated asset objects reloaded before import = 0Number of asset objects unloaded after import = 93

========================================================================
Received Import Request.
  Time since last request: 0.316387 seconds.
  path: Assets/parking_fullset/P_machine.mat
  artifactKey: Guid(c866533e21282a442bde785fc15d81c5) Importer(2089858483,192608db42251d675da83286b1cce702)
Start importing Assets/parking_fullset/P_machine.mat using Guid(c866533e21282a442bde785fc15d81c5) Importer(2089858483,192608db42251d675da83286b1cce702) (ScriptedImporter) -> (artifact id: '3e691c3800c805b8fba74bf23578b97b') in 0.2459261 seconds
Number of updated asset objects reloaded before import = 0Number of asset objects unloaded after import = 4

========================================================================
Received Import Request.
  Time since last request: 3967.161081 seconds.
  path: Assets/Settings/Project Configuration/BasicScene.scenetemplate
  artifactKey: Guid(ca6cdc11bc902ba4c85c423630187a9b) Importer(815301076,1909f56bfc062723c751e8b465ee728b)
Start importing Assets/Settings/Project Configuration/BasicScene.scenetemplate using Guid(ca6cdc11bc902ba4c85c423630187a9b) Importer(815301076,1909f56bfc062723c751e8b465ee728b) (PreviewImporter) -> (artifact id: 'c94180f16eab7957fdfc0af3b725a173') in 1.1958086 seconds
Number of updated asset objects reloaded before import = 0Number of asset objects unloaded after import = 598

========================================================================
Received Import Request.
  Time since last request: 0.000260 seconds.
  path: Assets/Settings/Project Configuration/Quality URP Config.asset
  artifactKey: Guid(cf6a652e94858004a93399f0a3dac507) Importer(815301076,1909f56bfc062723c751e8b465ee728b)
Start importing Assets/Settings/Project Configuration/Quality URP Config.asset using Guid(cf6a652e94858004a93399f0a3dac507) Importer(815301076,1909f56bfc062723c751e8b465ee728b) (PreviewImporter) -> (artifact id: '1daaa15c44ba70527c6cf4674652b12a') in 0.0221374 seconds
Number of updated asset objects reloaded before import = 0Number of asset objects unloaded after import = 3

========================================================================
Received Import Request.
  Time since last request: 1.255018 seconds.
  path: Assets/Settings/Project Configuration/Standalone Preset.asset
  artifactKey: Guid(b4712bf26326e8a4286df35b4a6d2b19) Importer(815301076,1909f56bfc062723c751e8b465ee728b)
Start importing Assets/Settings/Project Configuration/Standalone Preset.asset using Guid(b4712bf26326e8a4286df35b4a6d2b19) Importer(815301076,1909f56bfc062723c751e8b465ee728b) (PreviewImporter) -> (artifact id: 'fe7c9790a3a60354bca9d0e67fab7a3e') in 0.0025355 seconds
Number of updated asset objects reloaded before import = 0Number of asset objects unloaded after import = 2

========================================================================
Received Import Request.
  Time since last request: 0.000025 seconds.
  path: Assets/Settings/Project Configuration/UniversalRenderPipelineGlobalSettings.asset
  artifactKey: Guid(b14f41a94dde88c4fa9fed9ae80f7362) Importer(815301076,1909f56bfc062723c751e8b465ee728b)
Start importing Assets/Settings/Project Configuration/UniversalRenderPipelineGlobalSettings.asset using Guid(b14f41a94dde88c4fa9fed9ae80f7362) Importer(815301076,1909f56bfc062723c751e8b465ee728b) (PreviewImporter) -> (artifact id: '92560f72abb30bb21aed8ec6652241b5') in 0.0009687 seconds
Number of updated asset objects reloaded before import = 0Number of asset objects unloaded after import = 0

========================================================================
Received Import Request.
  Time since last request: 112.608730 seconds.
  path: Assets/parking_fullset/parking_full_set 1.fbx
  artifactKey: Guid(a3cce977668a3974bbf709982080f206) Importer(2089858483,192608db42251d675da83286b1cce702)
Start importing Assets/parking_fullset/parking_full_set 1.fbx using Guid(a3cce977668a3974bbf709982080f206) Importer(2089858483,192608db42251d675da83286b1cce702) (ScriptedImporter) -> (artifact id: '16cf8b122540ba30c7bd2d6a0311e544') in 0.4362093 seconds
Number of updated asset objects reloaded before import = 0Number of asset objects unloaded after import = 62

========================================================================
Received Import Request.
  Time since last request: 171.002602 seconds.
  path: Assets/parking_fullset/parking_full_set.fbx
  artifactKey: Guid(59e5d8a594929b64b8b3f802e97ddd65) Importer(815301076,1909f56bfc062723c751e8b465ee728b)
Start importing Assets/parking_fullset/parking_full_set.fbx using Guid(59e5d8a594929b64b8b3f802e97ddd65) Importer(815301076,1909f56bfc062723c751e8b465ee728b) (PreviewImporter) -> (artifact id: '27ae4b7729690b734aab513cc867070e') in 1.8972615 seconds
Number of updated asset objects reloaded before import = 0Number of asset objects unloaded after import = 93

========================================================================
Received Import Request.
  Time since last request: 121.790063 seconds.
  path: Assets/DefaultVolumeProfile.asset
  artifactKey: Guid(b6d8050cecbe75e4c8b3445d5ccd33ff) Importer(815301076,1909f56bfc062723c751e8b465ee728b)
Start importing Assets/DefaultVolumeProfile.asset using Guid(b6d8050cecbe75e4c8b3445d5ccd33ff) Importer(815301076,1909f56bfc062723c751e8b465ee728b) (PreviewImporter) -> (artifact id: '55361a38e95839524c8edf08ae30bb6b') in 0.0032449 seconds
Number of updated asset objects reloaded before import = 20Number of asset objects unloaded after import = 0

========================================================================
Received Prepare
Begin MonoManager ReloadAssembly
- Loaded All Assemblies, in 10.126 seconds
'Packages/com.unity.xr.openxr/Runtime/OpenXRLoader.cs' contains partial class of Unity.Object, exactly 1 of the partial classes needs to be in a file with the same filename. This is to know the one that can be referenced from ie. GameObjects
'Packages/com.unity.xr.openxr/Runtime/OpenXRLoaderInternal.cs' contains partial class of Unity.Object, exactly 1 of the partial classes needs to be in a file with the same filename. This is to know the one that can be referenced from ie. GameObjects
Refreshing native plugins compatible for Editor in 9.99 ms, found 9 plugins.
Native extension for Android target not found
Native extension for WindowsStandalone target not found
[Package Manager] Failed to launch server process. Reason: Unity was launched with the -noUpm command-line argument
[Package Manager] Unable to send message (not connected to server process).
[Package Manager] Cannot connect to Unity Package Manager local server
System.NullReferenceException: Object reference not set to an instance of an object
  at UnityEditor.XR.Interaction.Toolkit.Analytics.XRIAnalytics..cctor () [0x00000] in .\Library\PackageCache\com.unity.xr.interaction.toolkit@9b07900cb163\Editor\Analytics\XRIAnalytics.cs:32 
UnityEngine.Debug:ExtractStackTraceNoAlloc (byte*,int,string)
UnityEngine.StackTraceUtility:ExtractStackTrace ()
UnityEngine.DebugLogHandler:Internal_Log (UnityEngine.LogType,UnityEngine.LogOption,string,UnityEngine.Object)
UnityEngine.DebugLogHandler:LogFormat (UnityEngine.LogType,UnityEngine.Object,string,object[])
UnityEngine.Logger:Log (UnityEngine.LogType,object)
UnityEngine.Debug:LogError (object)
UnityEditor.EditorAssemblies:ProcessInitializeOnLoadAttributes (System.Type[])

[Package Manager] Failed to launch server process. Reason: Unity was launched with the -noUpm command-line argument
[Package Manager] Unable to send message (not connected to server process).
[Package Manager] Cannot connect to Unity Package Manager local server
Failed to get package versions: Cannot connect to Unity Package Manager local server
UnityEngine.Debug:ExtractStackTraceNoAlloc (byte*,int,string)
UnityEngine.StackTraceUtility:ExtractStackTrace ()
UnityEngine.DebugLogHandler:Internal_Log (UnityEngine.LogType,UnityEngine.LogOption,string,UnityEngine.Object)
UnityEngine.DebugLogHandler:LogFormat (UnityEngine.LogType,UnityEngine.Object,string,object[])
UnityEngine.Logger:Log (UnityEngine.LogType,object)
UnityEngine.Debug:LogWarning (object)
Unity.XR.CoreUtils.Editor.PackageVersionUtility:UpdatePackageVersions () (at ./Library/PackageCache/com.unity.xr.core-utils@5b282bc7378d/Editor/ProjectValidation/PackageVersionUtility.cs:59)
Unity.XR.CoreUtils.Editor.PackageVersionUtility:GetPackageVersion (string) (at ./Library/PackageCache/com.unity.xr.core-utils@5b282bc7378d/Editor/ProjectValidation/PackageVersionUtility.cs:77)
UnityEditor.XR.Interaction.Toolkit.Samples.Hands.Editor.HandsSampleProjectValidation:.cctor () (at Assets/Samples/XR Interaction Toolkit/3.1.1/Hands Interaction Demo/Editor/Scripts/HandsSampleProjectValidation.cs:34)
System.Reflection.RuntimeMethodInfo:Invoke (object,System.Reflection.BindingFlags,System.Reflection.Binder,object[],System.Globalization.CultureInfo)
System.Reflection.MethodBase:Invoke (object,object[])
UnityEditor.EditorAssemblies:ProcessInitializeOnLoadMethodAttributes ()

(Filename: ./Library/PackageCache/com.unity.xr.core-utils@5b282bc7378d/Editor/ProjectValidation/PackageVersionUtility.cs Line: 59)

Mono: successfully reloaded assembly
[Package Manager] Failed to launch server process. Reason: Unity was launched with the -noUpm command-line argument
[Package Manager] Unable to send message (not connected to server process).
[Package Manager] Cannot connect to Unity Package Manager local server
- Finished resetting the current domain, in  2.649 seconds
Domain Reload Profiling: 12788ms
	BeginReloadAssembly (1982ms)
		ExecutionOrderSort (5ms)
		DisableScriptedObjects (333ms)
		BackupInstance (0ms)
		ReleaseScriptingObjects (2ms)
		CreateAndSetChildDomain (841ms)
	RebuildCommonClasses (64ms)
	RebuildNativeTypeToScriptingClass (21ms)
	initialDomainReloadingComplete (62ms)
	LoadAllAssembliesAndSetupDomain (8008ms)
		LoadAssemblies (7902ms)
		RebuildTransferFunctionScriptingTraits (0ms)
		AnalyzeDomain (519ms)
			TypeCache.Refresh (28ms)
				TypeCache.ScanAssembly (0ms)
			BuildScriptInfoCaches (452ms)
			ResolveRequiredComponents (19ms)
	FinalizeReload (2650ms)
		ReleaseScriptCaches (0ms)
		RebuildScriptCaches (0ms)
		SetupLoadedEditorAssemblies (1240ms)
			LogAssemblyErrors (0ms)
			InitializePlatformSupportModulesInManaged (21ms)
			SetLoadedEditorAssemblies (8ms)
			BeforeProcessingInitializeOnLoad (208ms)
			ProcessInitializeOnLoadAttributes (785ms)
			ProcessInitializeOnLoadMethodAttributes (204ms)
			AfterProcessingInitializeOnLoad (14ms)
			EditorAssembliesLoaded (1ms)
		ExecutionOrderSort2 (0ms)
		AwakeInstancesAfterBackupRestoration (22ms)
Refreshing native plugins compatible for Editor in 17.03 ms, found 9 plugins.
Preloading 0 native plugins for Editor in 0.00 ms.
Unloading 77 Unused Serialized files (Serialized files now loaded: 0)
Unloading 5683 unused Assets / (7.9 MB). Loaded Objects now: 6439.
Memory consumption went from 213.6 MB to 205.7 MB.
Total: 28.126600 ms (FindLiveObjects: 1.178500 ms CreateObjectMapping: 1.929600 ms MarkObjects: 15.654200 ms  DeleteObjects: 9.360900 ms)

Prepare: number of updated asset objects reloaded= 0
========================================================================
Received Prepare
Begin MonoManager ReloadAssembly
- Loaded All Assemblies, in  1.370 seconds
'Packages/com.unity.xr.openxr/Runtime/OpenXRLoader.cs' contains partial class of Unity.Object, exactly 1 of the partial classes needs to be in a file with the same filename. This is to know the one that can be referenced from ie. GameObjects
'Packages/com.unity.xr.openxr/Runtime/OpenXRLoaderInternal.cs' contains partial class of Unity.Object, exactly 1 of the partial classes needs to be in a file with the same filename. This is to know the one that can be referenced from ie. GameObjects
Refreshing native plugins compatible for Editor in 13.64 ms, found 9 plugins.
Native extension for Android target not found
Native extension for WindowsStandalone target not found
[Package Manager] Failed to launch server process. Reason: Unity was launched with the -noUpm command-line argument
[Package Manager] Unable to send message (not connected to server process).
[Package Manager] Cannot connect to Unity Package Manager local server
System.NullReferenceException: Object reference not set to an instance of an object
  at UnityEditor.XR.Interaction.Toolkit.Analytics.XRIAnalytics..cctor () [0x00000] in .\Library\PackageCache\com.unity.xr.interaction.toolkit@9b07900cb163\Editor\Analytics\XRIAnalytics.cs:32 
UnityEngine.Debug:ExtractStackTraceNoAlloc (byte*,int,string)
UnityEngine.StackTraceUtility:ExtractStackTrace ()
UnityEngine.DebugLogHandler:Internal_Log (UnityEngine.LogType,UnityEngine.LogOption,string,UnityEngine.Object)
UnityEngine.DebugLogHandler:LogFormat (UnityEngine.LogType,UnityEngine.Object,string,object[])
UnityEngine.Logger:Log (UnityEngine.LogType,object)
UnityEngine.Debug:LogError (object)
UnityEditor.EditorAssemblies:ProcessInitializeOnLoadAttributes (System.Type[])

[Package Manager] Failed to launch server process. Reason: Unity was launched with the -noUpm command-line argument
[Package Manager] Unable to send message (not connected to server process).
[Package Manager] Cannot connect to Unity Package Manager local server
Failed to get package versions: Cannot connect to Unity Package Manager local server
UnityEngine.Debug:ExtractStackTraceNoAlloc (byte*,int,string)
UnityEngine.StackTraceUtility:ExtractStackTrace ()
UnityEngine.DebugLogHandler:Internal_Log (UnityEngine.LogType,UnityEngine.LogOption,string,UnityEngine.Object)
UnityEngine.DebugLogHandler:LogFormat (UnityEngine.LogType,UnityEngine.Object,string,object[])
UnityEngine.Logger:Log (UnityEngine.LogType,object)
UnityEngine.Debug:LogWarning (object)
Unity.XR.CoreUtils.Editor.PackageVersionUtility:UpdatePackageVersions () (at ./Library/PackageCache/com.unity.xr.core-utils@5b282bc7378d/Editor/ProjectValidation/PackageVersionUtility.cs:59)
Unity.XR.CoreUtils.Editor.PackageVersionUtility:GetPackageVersion (string) (at ./Library/PackageCache/com.unity.xr.core-utils@5b282bc7378d/Editor/ProjectValidation/PackageVersionUtility.cs:77)
UnityEditor.XR.Interaction.Toolkit.Samples.Hands.Editor.HandsSampleProjectValidation:.cctor () (at Assets/Samples/XR Interaction Toolkit/3.1.1/Hands Interaction Demo/Editor/Scripts/HandsSampleProjectValidation.cs:34)
System.Reflection.RuntimeMethodInfo:Invoke (object,System.Reflection.BindingFlags,System.Reflection.Binder,object[],System.Globalization.CultureInfo)
System.Reflection.MethodBase:Invoke (object,object[])
UnityEditor.EditorAssemblies:ProcessInitializeOnLoadMethodAttributes ()

(Filename: ./Library/PackageCache/com.unity.xr.core-utils@5b282bc7378d/Editor/ProjectValidation/PackageVersionUtility.cs Line: 59)

Mono: successfully reloaded assembly
[Package Manager] Failed to launch server process. Reason: Unity was launched with the -noUpm command-line argument
[Package Manager] Unable to send message (not connected to server process).
[Package Manager] Cannot connect to Unity Package Manager local server
- Finished resetting the current domain, in  1.495 seconds
Domain Reload Profiling: 2862ms
	BeginReloadAssembly (361ms)
		ExecutionOrderSort (0ms)
		DisableScriptedObjects (11ms)
		BackupInstance (0ms)
		ReleaseScriptingObjects (0ms)
		CreateAndSetChildDomain (82ms)
	RebuildCommonClasses (64ms)
	RebuildNativeTypeToScriptingClass (22ms)
	initialDomainReloadingComplete (49ms)
	LoadAllAssembliesAndSetupDomain (871ms)
		LoadAssemblies (772ms)
		RebuildTransferFunctionScriptingTraits (0ms)
		AnalyzeDomain (297ms)
			TypeCache.Refresh (10ms)
				TypeCache.ScanAssembly (0ms)
			BuildScriptInfoCaches (267ms)
			ResolveRequiredComponents (15ms)
	FinalizeReload (1496ms)
		ReleaseScriptCaches (0ms)
		RebuildScriptCaches (0ms)
		SetupLoadedEditorAssemblies (1189ms)
			LogAssemblyErrors (0ms)
			InitializePlatformSupportModulesInManaged (16ms)
			SetLoadedEditorAssemblies (6ms)
			BeforeProcessingInitializeOnLoad (186ms)
			ProcessInitializeOnLoadAttributes (736ms)
			ProcessInitializeOnLoadMethodAttributes (232ms)
			AfterProcessingInitializeOnLoad (13ms)
			EditorAssembliesLoaded (0ms)
		ExecutionOrderSort2 (0ms)
		AwakeInstancesAfterBackupRestoration (22ms)
Refreshing native plugins compatible for Editor in 12.06 ms, found 9 plugins.
Preloading 0 native plugins for Editor in 0.00 ms.
Unloading 68 Unused Serialized files (Serialized files now loaded: 0)
Unloading 5680 unused Assets / (8.4 MB). Loaded Objects now: 6442.
Memory consumption went from 211.8 MB to 203.3 MB.
Total: 16.570100 ms (FindLiveObjects: 0.902000 ms CreateObjectMapping: 0.470700 ms MarkObjects: 7.527900 ms  DeleteObjects: 7.667700 ms)

Prepare: number of updated asset objects reloaded= 0
========================================================================
Received Prepare
Begin MonoManager ReloadAssembly
- Loaded All Assemblies, in  1.163 seconds
'Packages/com.unity.xr.openxr/Runtime/OpenXRLoader.cs' contains partial class of Unity.Object, exactly 1 of the partial classes needs to be in a file with the same filename. This is to know the one that can be referenced from ie. GameObjects
'Packages/com.unity.xr.openxr/Runtime/OpenXRLoaderInternal.cs' contains partial class of Unity.Object, exactly 1 of the partial classes needs to be in a file with the same filename. This is to know the one that can be referenced from ie. GameObjects
Refreshing native plugins compatible for Editor in 11.01 ms, found 9 plugins.
Native extension for Android target not found
Native extension for WindowsStandalone target not found
[Package Manager] Failed to launch server process. Reason: Unity was launched with the -noUpm command-line argument
[Package Manager] Unable to send message (not connected to server process).
[Package Manager] Cannot connect to Unity Package Manager local server
System.NullReferenceException: Object reference not set to an instance of an object
  at UnityEditor.XR.Interaction.Toolkit.Analytics.XRIAnalytics..cctor () [0x00000] in .\Library\PackageCache\com.unity.xr.interaction.toolkit@9b07900cb163\Editor\Analytics\XRIAnalytics.cs:32 
UnityEngine.Debug:ExtractStackTraceNoAlloc (byte*,int,string)
UnityEngine.StackTraceUtility:ExtractStackTrace ()
UnityEngine.DebugLogHandler:Internal_Log (UnityEngine.LogType,UnityEngine.LogOption,string,UnityEngine.Object)
UnityEngine.DebugLogHandler:LogFormat (UnityEngine.LogType,UnityEngine.Object,string,object[])
UnityEngine.Logger:Log (UnityEngine.LogType,object)
UnityEngine.Debug:LogError (object)
UnityEditor.EditorAssemblies:ProcessInitializeOnLoadAttributes (System.Type[])

[Package Manager] Failed to launch server process. Reason: Unity was launched with the -noUpm command-line argument
[Package Manager] Unable to send message (not connected to server process).
[Package Manager] Cannot connect to Unity Package Manager local server
Failed to get package versions: Cannot connect to Unity Package Manager local server
UnityEngine.Debug:ExtractStackTraceNoAlloc (byte*,int,string)
UnityEngine.StackTraceUtility:ExtractStackTrace ()
UnityEngine.DebugLogHandler:Internal_Log (UnityEngine.LogType,UnityEngine.LogOption,string,UnityEngine.Object)
UnityEngine.DebugLogHandler:LogFormat (UnityEngine.LogType,UnityEngine.Object,string,object[])
UnityEngine.Logger:Log (UnityEngine.LogType,object)
UnityEngine.Debug:LogWarning (object)
Unity.XR.CoreUtils.Editor.PackageVersionUtility:UpdatePackageVersions () (at ./Library/PackageCache/com.unity.xr.core-utils@5b282bc7378d/Editor/ProjectValidation/PackageVersionUtility.cs:59)
Unity.XR.CoreUtils.Editor.PackageVersionUtility:GetPackageVersion (string) (at ./Library/PackageCache/com.unity.xr.core-utils@5b282bc7378d/Editor/ProjectValidation/PackageVersionUtility.cs:77)
UnityEditor.XR.Interaction.Toolkit.Samples.Hands.Editor.HandsSampleProjectValidation:.cctor () (at Assets/Samples/XR Interaction Toolkit/3.1.1/Hands Interaction Demo/Editor/Scripts/HandsSampleProjectValidation.cs:34)
System.Reflection.RuntimeMethodInfo:Invoke (object,System.Reflection.BindingFlags,System.Reflection.Binder,object[],System.Globalization.CultureInfo)
System.Reflection.MethodBase:Invoke (object,object[])
UnityEditor.EditorAssemblies:ProcessInitializeOnLoadMethodAttributes ()

(Filename: ./Library/PackageCache/com.unity.xr.core-utils@5b282bc7378d/Editor/ProjectValidation/PackageVersionUtility.cs Line: 59)

Mono: successfully reloaded assembly
[Package Manager] Failed to launch server process. Reason: Unity was launched with the -noUpm command-line argument
[Package Manager] Unable to send message (not connected to server process).
[Package Manager] Cannot connect to Unity Package Manager local server
- Finished resetting the current domain, in  1.346 seconds
Domain Reload Profiling: 2501ms
	BeginReloadAssembly (331ms)
		ExecutionOrderSort (0ms)
		DisableScriptedObjects (9ms)
		BackupInstance (0ms)
		ReleaseScriptingObjects (0ms)
		CreateAndSetChildDomain (75ms)
	RebuildCommonClasses (72ms)
	RebuildNativeTypeToScriptingClass (30ms)
	initialDomainReloadingComplete (47ms)
	LoadAllAssembliesAndSetupDomain (675ms)
		LoadAssemblies (547ms)
		RebuildTransferFunctionScriptingTraits (0ms)
		AnalyzeDomain (303ms)
			TypeCache.Refresh (8ms)
				TypeCache.ScanAssembly (0ms)
			BuildScriptInfoCaches (276ms)
			ResolveRequiredComponents (15ms)
	FinalizeReload (1347ms)
		ReleaseScriptCaches (0ms)
		RebuildScriptCaches (0ms)
		SetupLoadedEditorAssemblies (1028ms)
			LogAssemblyErrors (0ms)
			InitializePlatformSupportModulesInManaged (18ms)
			SetLoadedEditorAssemblies (7ms)
			BeforeProcessingInitializeOnLoad (188ms)
			ProcessInitializeOnLoadAttributes (617ms)
			ProcessInitializeOnLoadMethodAttributes (184ms)
			AfterProcessingInitializeOnLoad (13ms)
			EditorAssembliesLoaded (1ms)
		ExecutionOrderSort2 (0ms)
		AwakeInstancesAfterBackupRestoration (21ms)
Refreshing native plugins compatible for Editor in 14.50 ms, found 9 plugins.
Preloading 0 native plugins for Editor in 0.00 ms.
Unloading 68 Unused Serialized files (Serialized files now loaded: 0)
Unloading 5680 unused Assets / (8.4 MB). Loaded Objects now: 6445.
Memory consumption went from 211.8 MB to 203.4 MB.
Total: 21.323400 ms (FindLiveObjects: 1.148000 ms CreateObjectMapping: 0.555200 ms MarkObjects: 10.094900 ms  DeleteObjects: 9.522800 ms)

Prepare: number of updated asset objects reloaded= 0
========================================================================
Received Import Request.
  Time since last request: 725.194281 seconds.
  path: Assets/parking_fullset/light_emi.mat
  artifactKey: Guid(0d1b48f7da0366140ab4233aa25cf869) Importer(815301076,1909f56bfc062723c751e8b465ee728b)
Start importing Assets/parking_fullset/light_emi.mat using Guid(0d1b48f7da0366140ab4233aa25cf869) Importer(815301076,1909f56bfc062723c751e8b465ee728b) (PreviewImporter) -> (artifact id: '92dd3048d597c04c09899d827d6f42ea') in 2.5544979 seconds
Number of updated asset objects reloaded before import = 0Number of asset objects unloaded after import = 3

========================================================================
Received Import Request.
  Time since last request: 0.000029 seconds.
  path: Assets/parking_fullset/parking_full_set.fbx
  artifactKey: Guid(59e5d8a594929b64b8b3f802e97ddd65) Importer(815301076,1909f56bfc062723c751e8b465ee728b)
Start importing Assets/parking_fullset/parking_full_set.fbx using Guid(59e5d8a594929b64b8b3f802e97ddd65) Importer(815301076,1909f56bfc062723c751e8b465ee728b) (PreviewImporter) -> (artifact id: '1470e8f393a91e9556337508bf44da0f') in 4.7256509 seconds
Number of updated asset objects reloaded before import = 0Number of asset objects unloaded after import = 93

========================================================================
Received Prepare
Begin MonoManager ReloadAssembly
- Loaded All Assemblies, in  1.070 seconds
'Packages/com.unity.xr.openxr/Runtime/OpenXRLoader.cs' contains partial class of Unity.Object, exactly 1 of the partial classes needs to be in a file with the same filename. This is to know the one that can be referenced from ie. GameObjects
'Packages/com.unity.xr.openxr/Runtime/OpenXRLoaderInternal.cs' contains partial class of Unity.Object, exactly 1 of the partial classes needs to be in a file with the same filename. This is to know the one that can be referenced from ie. GameObjects
Refreshing native plugins compatible for Editor in 9.68 ms, found 9 plugins.
Native extension for Android target not found
Native extension for WindowsStandalone target not found
[Package Manager] Failed to launch server process. Reason: Unity was launched with the -noUpm command-line argument
[Package Manager] Unable to send message (not connected to server process).
[Package Manager] Cannot connect to Unity Package Manager local server
System.NullReferenceException: Object reference not set to an instance of an object
  at UnityEditor.XR.Interaction.Toolkit.Analytics.XRIAnalytics..cctor () [0x00000] in .\Library\PackageCache\com.unity.xr.interaction.toolkit@9b07900cb163\Editor\Analytics\XRIAnalytics.cs:32 
UnityEngine.Debug:ExtractStackTraceNoAlloc (byte*,int,string)
UnityEngine.StackTraceUtility:ExtractStackTrace ()
UnityEngine.DebugLogHandler:Internal_Log (UnityEngine.LogType,UnityEngine.LogOption,string,UnityEngine.Object)
UnityEngine.DebugLogHandler:LogFormat (UnityEngine.LogType,UnityEngine.Object,string,object[])
UnityEngine.Logger:Log (UnityEngine.LogType,object)
UnityEngine.Debug:LogError (object)
UnityEditor.EditorAssemblies:ProcessInitializeOnLoadAttributes (System.Type[])

[Package Manager] Failed to launch server process. Reason: Unity was launched with the -noUpm command-line argument
[Package Manager] Unable to send message (not connected to server process).
[Package Manager] Cannot connect to Unity Package Manager local server
Failed to get package versions: Cannot connect to Unity Package Manager local server
UnityEngine.Debug:ExtractStackTraceNoAlloc (byte*,int,string)
UnityEngine.StackTraceUtility:ExtractStackTrace ()
UnityEngine.DebugLogHandler:Internal_Log (UnityEngine.LogType,UnityEngine.LogOption,string,UnityEngine.Object)
UnityEngine.DebugLogHandler:LogFormat (UnityEngine.LogType,UnityEngine.Object,string,object[])
UnityEngine.Logger:Log (UnityEngine.LogType,object)
UnityEngine.Debug:LogWarning (object)
Unity.XR.CoreUtils.Editor.PackageVersionUtility:UpdatePackageVersions () (at ./Library/PackageCache/com.unity.xr.core-utils@5b282bc7378d/Editor/ProjectValidation/PackageVersionUtility.cs:59)
Unity.XR.CoreUtils.Editor.PackageVersionUtility:GetPackageVersion (string) (at ./Library/PackageCache/com.unity.xr.core-utils@5b282bc7378d/Editor/ProjectValidation/PackageVersionUtility.cs:77)
UnityEditor.XR.Interaction.Toolkit.Samples.Hands.Editor.HandsSampleProjectValidation:.cctor () (at Assets/Samples/XR Interaction Toolkit/3.1.1/Hands Interaction Demo/Editor/Scripts/HandsSampleProjectValidation.cs:34)
System.Reflection.RuntimeMethodInfo:Invoke (object,System.Reflection.BindingFlags,System.Reflection.Binder,object[],System.Globalization.CultureInfo)
System.Reflection.MethodBase:Invoke (object,object[])
UnityEditor.EditorAssemblies:ProcessInitializeOnLoadMethodAttributes ()

(Filename: ./Library/PackageCache/com.unity.xr.core-utils@5b282bc7378d/Editor/ProjectValidation/PackageVersionUtility.cs Line: 59)

Mono: successfully reloaded assembly
[Package Manager] Failed to launch server process. Reason: Unity was launched with the -noUpm command-line argument
[Package Manager] Unable to send message (not connected to server process).
[Package Manager] Cannot connect to Unity Package Manager local server
- Finished resetting the current domain, in  1.277 seconds
Domain Reload Profiling: 2344ms
	BeginReloadAssembly (303ms)
		ExecutionOrderSort (0ms)
		DisableScriptedObjects (30ms)
		BackupInstance (0ms)
		ReleaseScriptingObjects (0ms)
		CreateAndSetChildDomain (76ms)
	RebuildCommonClasses (54ms)
	RebuildNativeTypeToScriptingClass (18ms)
	initialDomainReloadingComplete (48ms)
	LoadAllAssembliesAndSetupDomain (642ms)
		LoadAssemblies (483ms)
		RebuildTransferFunctionScriptingTraits (0ms)
		AnalyzeDomain (294ms)
			TypeCache.Refresh (9ms)
				TypeCache.ScanAssembly (0ms)
			BuildScriptInfoCaches (267ms)
			ResolveRequiredComponents (14ms)
	FinalizeReload (1278ms)
		ReleaseScriptCaches (0ms)
		RebuildScriptCaches (0ms)
		SetupLoadedEditorAssemblies (992ms)
			LogAssemblyErrors (0ms)
			InitializePlatformSupportModulesInManaged (16ms)
			SetLoadedEditorAssemblies (6ms)
			BeforeProcessingInitializeOnLoad (213ms)
			ProcessInitializeOnLoadAttributes (579ms)
			ProcessInitializeOnLoadMethodAttributes (166ms)
			AfterProcessingInitializeOnLoad (13ms)
			EditorAssembliesLoaded (0ms)
		ExecutionOrderSort2 (0ms)
		AwakeInstancesAfterBackupRestoration (15ms)
Refreshing native plugins compatible for Editor in 15.06 ms, found 9 plugins.
Preloading 0 native plugins for Editor in 0.00 ms.
Unloading 68 Unused Serialized files (Serialized files now loaded: 0)
Unloading 5681 unused Assets / (8.4 MB). Loaded Objects now: 6468.
Memory consumption went from 188.7 MB to 180.3 MB.
Total: 24.575100 ms (FindLiveObjects: 1.494800 ms CreateObjectMapping: 1.520900 ms MarkObjects: 10.765300 ms  DeleteObjects: 10.791200 ms)

Prepare: number of updated asset objects reloaded= 0
========================================================================
Received Prepare
Begin MonoManager ReloadAssembly
- Loaded All Assemblies, in  1.222 seconds
'Packages/com.unity.xr.openxr/Runtime/OpenXRLoader.cs' contains partial class of Unity.Object, exactly 1 of the partial classes needs to be in a file with the same filename. This is to know the one that can be referenced from ie. GameObjects
'Packages/com.unity.xr.openxr/Runtime/OpenXRLoaderInternal.cs' contains partial class of Unity.Object, exactly 1 of the partial classes needs to be in a file with the same filename. This is to know the one that can be referenced from ie. GameObjects
Refreshing native plugins compatible for Editor in 11.79 ms, found 9 plugins.
Native extension for Android target not found
Native extension for WindowsStandalone target not found
[Package Manager] Failed to launch server process. Reason: Unity was launched with the -noUpm command-line argument
[Package Manager] Unable to send message (not connected to server process).
[Package Manager] Cannot connect to Unity Package Manager local server
System.NullReferenceException: Object reference not set to an instance of an object
  at UnityEditor.XR.Interaction.Toolkit.Analytics.XRIAnalytics..cctor () [0x00000] in .\Library\PackageCache\com.unity.xr.interaction.toolkit@9b07900cb163\Editor\Analytics\XRIAnalytics.cs:32 
UnityEngine.Debug:ExtractStackTraceNoAlloc (byte*,int,string)
UnityEngine.StackTraceUtility:ExtractStackTrace ()
UnityEngine.DebugLogHandler:Internal_Log (UnityEngine.LogType,UnityEngine.LogOption,string,UnityEngine.Object)
UnityEngine.DebugLogHandler:LogFormat (UnityEngine.LogType,UnityEngine.Object,string,object[])
UnityEngine.Logger:Log (UnityEngine.LogType,object)
UnityEngine.Debug:LogError (object)
UnityEditor.EditorAssemblies:ProcessInitializeOnLoadAttributes (System.Type[])

[Package Manager] Failed to launch server process. Reason: Unity was launched with the -noUpm command-line argument
[Package Manager] Unable to send message (not connected to server process).
[Package Manager] Cannot connect to Unity Package Manager local server
Failed to get package versions: Cannot connect to Unity Package Manager local server
UnityEngine.Debug:ExtractStackTraceNoAlloc (byte*,int,string)
UnityEngine.StackTraceUtility:ExtractStackTrace ()
UnityEngine.DebugLogHandler:Internal_Log (UnityEngine.LogType,UnityEngine.LogOption,string,UnityEngine.Object)
UnityEngine.DebugLogHandler:LogFormat (UnityEngine.LogType,UnityEngine.Object,string,object[])
UnityEngine.Logger:Log (UnityEngine.LogType,object)
UnityEngine.Debug:LogWarning (object)
Unity.XR.CoreUtils.Editor.PackageVersionUtility:UpdatePackageVersions () (at ./Library/PackageCache/com.unity.xr.core-utils@5b282bc7378d/Editor/ProjectValidation/PackageVersionUtility.cs:59)
Unity.XR.CoreUtils.Editor.PackageVersionUtility:GetPackageVersion (string) (at ./Library/PackageCache/com.unity.xr.core-utils@5b282bc7378d/Editor/ProjectValidation/PackageVersionUtility.cs:77)
UnityEditor.XR.Interaction.Toolkit.Samples.Hands.Editor.HandsSampleProjectValidation:.cctor () (at Assets/Samples/XR Interaction Toolkit/3.1.1/Hands Interaction Demo/Editor/Scripts/HandsSampleProjectValidation.cs:34)
System.Reflection.RuntimeMethodInfo:Invoke (object,System.Reflection.BindingFlags,System.Reflection.Binder,object[],System.Globalization.CultureInfo)
System.Reflection.MethodBase:Invoke (object,object[])
UnityEditor.EditorAssemblies:ProcessInitializeOnLoadMethodAttributes ()

(Filename: ./Library/PackageCache/com.unity.xr.core-utils@5b282bc7378d/Editor/ProjectValidation/PackageVersionUtility.cs Line: 59)

Mono: successfully reloaded assembly
[Package Manager] Failed to launch server process. Reason: Unity was launched with the -noUpm command-line argument
[Package Manager] Unable to send message (not connected to server process).
[Package Manager] Cannot connect to Unity Package Manager local server
- Finished resetting the current domain, in  1.246 seconds
Domain Reload Profiling: 2465ms
	BeginReloadAssembly (295ms)
		ExecutionOrderSort (0ms)
		DisableScriptedObjects (9ms)
		BackupInstance (0ms)
		ReleaseScriptingObjects (0ms)
		CreateAndSetChildDomain (63ms)
	RebuildCommonClasses (61ms)
	RebuildNativeTypeToScriptingClass (24ms)
	initialDomainReloadingComplete (49ms)
	LoadAllAssembliesAndSetupDomain (789ms)
		LoadAssemblies (538ms)
		RebuildTransferFunctionScriptingTraits (0ms)
		AnalyzeDomain (406ms)
			TypeCache.Refresh (9ms)
				TypeCache.ScanAssembly (0ms)
			BuildScriptInfoCaches (378ms)
			ResolveRequiredComponents (16ms)
	FinalizeReload (1247ms)
		ReleaseScriptCaches (0ms)
		RebuildScriptCaches (0ms)
		SetupLoadedEditorAssemblies (968ms)
			LogAssemblyErrors (0ms)
			InitializePlatformSupportModulesInManaged (15ms)
			SetLoadedEditorAssemblies (6ms)
			BeforeProcessingInitializeOnLoad (180ms)
			ProcessInitializeOnLoadAttributes (562ms)
			ProcessInitializeOnLoadMethodAttributes (192ms)
			AfterProcessingInitializeOnLoad (12ms)
			EditorAssembliesLoaded (1ms)
		ExecutionOrderSort2 (0ms)
		AwakeInstancesAfterBackupRestoration (19ms)
Refreshing native plugins compatible for Editor in 14.16 ms, found 9 plugins.
Preloading 0 native plugins for Editor in 0.00 ms.
Unloading 68 Unused Serialized files (Serialized files now loaded: 0)
Unloading 5680 unused Assets / (7.6 MB). Loaded Objects now: 6471.
Memory consumption went from 188.6 MB to 181.0 MB.
Total: 20.885600 ms (FindLiveObjects: 1.005900 ms CreateObjectMapping: 1.505900 ms MarkObjects: 9.939500 ms  DeleteObjects: 8.432500 ms)

Prepare: number of updated asset objects reloaded= 0
========================================================================
Received Prepare
Begin MonoManager ReloadAssembly
- Loaded All Assemblies, in  1.030 seconds
'Packages/com.unity.xr.openxr/Runtime/OpenXRLoader.cs' contains partial class of Unity.Object, exactly 1 of the partial classes needs to be in a file with the same filename. This is to know the one that can be referenced from ie. GameObjects
'Packages/com.unity.xr.openxr/Runtime/OpenXRLoaderInternal.cs' contains partial class of Unity.Object, exactly 1 of the partial classes needs to be in a file with the same filename. This is to know the one that can be referenced from ie. GameObjects
Refreshing native plugins compatible for Editor in 12.17 ms, found 9 plugins.
Native extension for Android target not found
Native extension for WindowsStandalone target not found
[Package Manager] Failed to launch server process. Reason: Unity was launched with the -noUpm command-line argument
[Package Manager] Unable to send message (not connected to server process).
[Package Manager] Cannot connect to Unity Package Manager local server
System.NullReferenceException: Object reference not set to an instance of an object
  at UnityEditor.XR.Interaction.Toolkit.Analytics.XRIAnalytics..cctor () [0x00000] in .\Library\PackageCache\com.unity.xr.interaction.toolkit@9b07900cb163\Editor\Analytics\XRIAnalytics.cs:32 
UnityEngine.Debug:ExtractStackTraceNoAlloc (byte*,int,string)
UnityEngine.StackTraceUtility:ExtractStackTrace ()
UnityEngine.DebugLogHandler:Internal_Log (UnityEngine.LogType,UnityEngine.LogOption,string,UnityEngine.Object)
UnityEngine.DebugLogHandler:LogFormat (UnityEngine.LogType,UnityEngine.Object,string,object[])
UnityEngine.Logger:Log (UnityEngine.LogType,object)
UnityEngine.Debug:LogError (object)
UnityEditor.EditorAssemblies:ProcessInitializeOnLoadAttributes (System.Type[])

[Package Manager] Failed to launch server process. Reason: Unity was launched with the -noUpm command-line argument
[Package Manager] Unable to send message (not connected to server process).
[Package Manager] Cannot connect to Unity Package Manager local server
Failed to get package versions: Cannot connect to Unity Package Manager local server
UnityEngine.Debug:ExtractStackTraceNoAlloc (byte*,int,string)
UnityEngine.StackTraceUtility:ExtractStackTrace ()
UnityEngine.DebugLogHandler:Internal_Log (UnityEngine.LogType,UnityEngine.LogOption,string,UnityEngine.Object)
UnityEngine.DebugLogHandler:LogFormat (UnityEngine.LogType,UnityEngine.Object,string,object[])
UnityEngine.Logger:Log (UnityEngine.LogType,object)
UnityEngine.Debug:LogWarning (object)
Unity.XR.CoreUtils.Editor.PackageVersionUtility:UpdatePackageVersions () (at ./Library/PackageCache/com.unity.xr.core-utils@5b282bc7378d/Editor/ProjectValidation/PackageVersionUtility.cs:59)
Unity.XR.CoreUtils.Editor.PackageVersionUtility:GetPackageVersion (string) (at ./Library/PackageCache/com.unity.xr.core-utils@5b282bc7378d/Editor/ProjectValidation/PackageVersionUtility.cs:77)
UnityEditor.XR.Interaction.Toolkit.Samples.Hands.Editor.HandsSampleProjectValidation:.cctor () (at Assets/Samples/XR Interaction Toolkit/3.1.1/Hands Interaction Demo/Editor/Scripts/HandsSampleProjectValidation.cs:34)
System.Reflection.RuntimeMethodInfo:Invoke (object,System.Reflection.BindingFlags,System.Reflection.Binder,object[],System.Globalization.CultureInfo)
System.Reflection.MethodBase:Invoke (object,object[])
UnityEditor.EditorAssemblies:ProcessInitializeOnLoadMethodAttributes ()

(Filename: ./Library/PackageCache/com.unity.xr.core-utils@5b282bc7378d/Editor/ProjectValidation/PackageVersionUtility.cs Line: 59)

Mono: successfully reloaded assembly
[Package Manager] Failed to launch server process. Reason: Unity was launched with the -noUpm command-line argument
[Package Manager] Unable to send message (not connected to server process).
[Package Manager] Cannot connect to Unity Package Manager local server
- Finished resetting the current domain, in  1.260 seconds
Domain Reload Profiling: 2287ms
	BeginReloadAssembly (275ms)
		ExecutionOrderSort (0ms)
		DisableScriptedObjects (9ms)
		BackupInstance (0ms)
		ReleaseScriptingObjects (0ms)
		CreateAndSetChildDomain (61ms)
	RebuildCommonClasses (54ms)
	RebuildNativeTypeToScriptingClass (20ms)
	initialDomainReloadingComplete (45ms)
	LoadAllAssembliesAndSetupDomain (633ms)
		LoadAssemblies (481ms)
		RebuildTransferFunctionScriptingTraits (0ms)
		AnalyzeDomain (296ms)
			TypeCache.Refresh (9ms)
				TypeCache.ScanAssembly (0ms)
			BuildScriptInfoCaches (264ms)
			ResolveRequiredComponents (18ms)
	FinalizeReload (1260ms)
		ReleaseScriptCaches (0ms)
		RebuildScriptCaches (0ms)
		SetupLoadedEditorAssemblies (973ms)
			LogAssemblyErrors (0ms)
			InitializePlatformSupportModulesInManaged (20ms)
			SetLoadedEditorAssemblies (6ms)
			BeforeProcessingInitializeOnLoad (179ms)
			ProcessInitializeOnLoadAttributes (592ms)
			ProcessInitializeOnLoadMethodAttributes (164ms)
			AfterProcessingInitializeOnLoad (11ms)
			EditorAssembliesLoaded (0ms)
		ExecutionOrderSort2 (0ms)
		AwakeInstancesAfterBackupRestoration (15ms)
Refreshing native plugins compatible for Editor in 13.48 ms, found 9 plugins.
Preloading 0 native plugins for Editor in 0.00 ms.
Unloading 68 Unused Serialized files (Serialized files now loaded: 0)
Unloading 5680 unused Assets / (7.9 MB). Loaded Objects now: 6474.
Memory consumption went from 188.6 MB to 180.6 MB.
Total: 17.776900 ms (FindLiveObjects: 1.262900 ms CreateObjectMapping: 1.191100 ms MarkObjects: 8.749600 ms  DeleteObjects: 6.570300 ms)

Prepare: number of updated asset objects reloaded= 0
========================================================================
Received Prepare
Begin MonoManager ReloadAssembly
- Loaded All Assemblies, in  1.099 seconds
'Packages/com.unity.xr.openxr/Runtime/OpenXRLoader.cs' contains partial class of Unity.Object, exactly 1 of the partial classes needs to be in a file with the same filename. This is to know the one that can be referenced from ie. GameObjects
'Packages/com.unity.xr.openxr/Runtime/OpenXRLoaderInternal.cs' contains partial class of Unity.Object, exactly 1 of the partial classes needs to be in a file with the same filename. This is to know the one that can be referenced from ie. GameObjects
Refreshing native plugins compatible for Editor in 9.40 ms, found 9 plugins.
Native extension for Android target not found
Native extension for WindowsStandalone target not found
[Package Manager] Failed to launch server process. Reason: Unity was launched with the -noUpm command-line argument
[Package Manager] Unable to send message (not connected to server process).
[Package Manager] Cannot connect to Unity Package Manager local server
System.NullReferenceException: Object reference not set to an instance of an object
  at UnityEditor.XR.Interaction.Toolkit.Analytics.XRIAnalytics..cctor () [0x00000] in .\Library\PackageCache\com.unity.xr.interaction.toolkit@9b07900cb163\Editor\Analytics\XRIAnalytics.cs:32 
UnityEngine.Debug:ExtractStackTraceNoAlloc (byte*,int,string)
UnityEngine.StackTraceUtility:ExtractStackTrace ()
UnityEngine.DebugLogHandler:Internal_Log (UnityEngine.LogType,UnityEngine.LogOption,string,UnityEngine.Object)
UnityEngine.DebugLogHandler:LogFormat (UnityEngine.LogType,UnityEngine.Object,string,object[])
UnityEngine.Logger:Log (UnityEngine.LogType,object)
UnityEngine.Debug:LogError (object)
UnityEditor.EditorAssemblies:ProcessInitializeOnLoadAttributes (System.Type[])

[Package Manager] Failed to launch server process. Reason: Unity was launched with the -noUpm command-line argument
[Package Manager] Unable to send message (not connected to server process).
[Package Manager] Cannot connect to Unity Package Manager local server
Failed to get package versions: Cannot connect to Unity Package Manager local server
UnityEngine.Debug:ExtractStackTraceNoAlloc (byte*,int,string)
UnityEngine.StackTraceUtility:ExtractStackTrace ()
UnityEngine.DebugLogHandler:Internal_Log (UnityEngine.LogType,UnityEngine.LogOption,string,UnityEngine.Object)
UnityEngine.DebugLogHandler:LogFormat (UnityEngine.LogType,UnityEngine.Object,string,object[])
UnityEngine.Logger:Log (UnityEngine.LogType,object)
UnityEngine.Debug:LogWarning (object)
Unity.XR.CoreUtils.Editor.PackageVersionUtility:UpdatePackageVersions () (at ./Library/PackageCache/com.unity.xr.core-utils@5b282bc7378d/Editor/ProjectValidation/PackageVersionUtility.cs:59)
Unity.XR.CoreUtils.Editor.PackageVersionUtility:GetPackageVersion (string) (at ./Library/PackageCache/com.unity.xr.core-utils@5b282bc7378d/Editor/ProjectValidation/PackageVersionUtility.cs:77)
UnityEditor.XR.Interaction.Toolkit.Samples.Hands.Editor.HandsSampleProjectValidation:.cctor () (at Assets/Samples/XR Interaction Toolkit/3.1.1/Hands Interaction Demo/Editor/Scripts/HandsSampleProjectValidation.cs:34)
System.Reflection.RuntimeMethodInfo:Invoke (object,System.Reflection.BindingFlags,System.Reflection.Binder,object[],System.Globalization.CultureInfo)
System.Reflection.MethodBase:Invoke (object,object[])
UnityEditor.EditorAssemblies:ProcessInitializeOnLoadMethodAttributes ()

(Filename: ./Library/PackageCache/com.unity.xr.core-utils@5b282bc7378d/Editor/ProjectValidation/PackageVersionUtility.cs Line: 59)

Mono: successfully reloaded assembly
[Package Manager] Failed to launch server process. Reason: Unity was launched with the -noUpm command-line argument
[Package Manager] Unable to send message (not connected to server process).
[Package Manager] Cannot connect to Unity Package Manager local server
- Finished resetting the current domain, in  1.296 seconds
Domain Reload Profiling: 2392ms
	BeginReloadAssembly (283ms)
		ExecutionOrderSort (0ms)
		DisableScriptedObjects (8ms)
		BackupInstance (0ms)
		ReleaseScriptingObjects (0ms)
		CreateAndSetChildDomain (64ms)
	RebuildCommonClasses (63ms)
	RebuildNativeTypeToScriptingClass (20ms)
	initialDomainReloadingComplete (50ms)
	LoadAllAssembliesAndSetupDomain (681ms)
		LoadAssemblies (546ms)
		RebuildTransferFunctionScriptingTraits (0ms)
		AnalyzeDomain (279ms)
			TypeCache.Refresh (11ms)
				TypeCache.ScanAssembly (0ms)
			BuildScriptInfoCaches (246ms)
			ResolveRequiredComponents (18ms)
	FinalizeReload (1296ms)
		ReleaseScriptCaches (0ms)
		RebuildScriptCaches (0ms)
		SetupLoadedEditorAssemblies (1010ms)
			LogAssemblyErrors (0ms)
			InitializePlatformSupportModulesInManaged (15ms)
			SetLoadedEditorAssemblies (6ms)
			BeforeProcessingInitializeOnLoad (191ms)
			ProcessInitializeOnLoadAttributes (597ms)
			ProcessInitializeOnLoadMethodAttributes (189ms)
			AfterProcessingInitializeOnLoad (12ms)
			EditorAssembliesLoaded (0ms)
		ExecutionOrderSort2 (0ms)
		AwakeInstancesAfterBackupRestoration (17ms)
Refreshing native plugins compatible for Editor in 12.77 ms, found 9 plugins.
Preloading 0 native plugins for Editor in 0.00 ms.
Unloading 68 Unused Serialized files (Serialized files now loaded: 0)
Unloading 5680 unused Assets / (8.2 MB). Loaded Objects now: 6477.
Memory consumption went from 188.6 MB to 180.4 MB.
Total: 22.466300 ms (FindLiveObjects: 1.075700 ms CreateObjectMapping: 1.264700 ms MarkObjects: 11.668400 ms  DeleteObjects: 8.454400 ms)

Prepare: number of updated asset objects reloaded= 0
========================================================================
Received Prepare
Begin MonoManager ReloadAssembly
- Loaded All Assemblies, in  1.004 seconds
'Packages/com.unity.xr.openxr/Runtime/OpenXRLoader.cs' contains partial class of Unity.Object, exactly 1 of the partial classes needs to be in a file with the same filename. This is to know the one that can be referenced from ie. GameObjects
'Packages/com.unity.xr.openxr/Runtime/OpenXRLoaderInternal.cs' contains partial class of Unity.Object, exactly 1 of the partial classes needs to be in a file with the same filename. This is to know the one that can be referenced from ie. GameObjects
Refreshing native plugins compatible for Editor in 9.62 ms, found 9 plugins.
Native extension for Android target not found
Native extension for WindowsStandalone target not found
[Package Manager] Failed to launch server process. Reason: Unity was launched with the -noUpm command-line argument
[Package Manager] Unable to send message (not connected to server process).
[Package Manager] Cannot connect to Unity Package Manager local server
System.NullReferenceException: Object reference not set to an instance of an object
  at UnityEditor.XR.Interaction.Toolkit.Analytics.XRIAnalytics..cctor () [0x00000] in .\Library\PackageCache\com.unity.xr.interaction.toolkit@9b07900cb163\Editor\Analytics\XRIAnalytics.cs:32 
UnityEngine.Debug:ExtractStackTraceNoAlloc (byte*,int,string)
UnityEngine.StackTraceUtility:ExtractStackTrace ()
UnityEngine.DebugLogHandler:Internal_Log (UnityEngine.LogType,UnityEngine.LogOption,string,UnityEngine.Object)
UnityEngine.DebugLogHandler:LogFormat (UnityEngine.LogType,UnityEngine.Object,string,object[])
UnityEngine.Logger:Log (UnityEngine.LogType,object)
UnityEngine.Debug:LogError (object)
UnityEditor.EditorAssemblies:ProcessInitializeOnLoadAttributes (System.Type[])

[Package Manager] Failed to launch server process. Reason: Unity was launched with the -noUpm command-line argument
[Package Manager] Unable to send message (not connected to server process).
[Package Manager] Cannot connect to Unity Package Manager local server
Failed to get package versions: Cannot connect to Unity Package Manager local server
UnityEngine.Debug:ExtractStackTraceNoAlloc (byte*,int,string)
UnityEngine.StackTraceUtility:ExtractStackTrace ()
UnityEngine.DebugLogHandler:Internal_Log (UnityEngine.LogType,UnityEngine.LogOption,string,UnityEngine.Object)
UnityEngine.DebugLogHandler:LogFormat (UnityEngine.LogType,UnityEngine.Object,string,object[])
UnityEngine.Logger:Log (UnityEngine.LogType,object)
UnityEngine.Debug:LogWarning (object)
Unity.XR.CoreUtils.Editor.PackageVersionUtility:UpdatePackageVersions () (at ./Library/PackageCache/com.unity.xr.core-utils@5b282bc7378d/Editor/ProjectValidation/PackageVersionUtility.cs:59)
Unity.XR.CoreUtils.Editor.PackageVersionUtility:GetPackageVersion (string) (at ./Library/PackageCache/com.unity.xr.core-utils@5b282bc7378d/Editor/ProjectValidation/PackageVersionUtility.cs:77)
UnityEditor.XR.Interaction.Toolkit.Samples.Hands.Editor.HandsSampleProjectValidation:.cctor () (at Assets/Samples/XR Interaction Toolkit/3.1.1/Hands Interaction Demo/Editor/Scripts/HandsSampleProjectValidation.cs:34)
System.Reflection.RuntimeMethodInfo:Invoke (object,System.Reflection.BindingFlags,System.Reflection.Binder,object[],System.Globalization.CultureInfo)
System.Reflection.MethodBase:Invoke (object,object[])
UnityEditor.EditorAssemblies:ProcessInitializeOnLoadMethodAttributes ()

(Filename: ./Library/PackageCache/com.unity.xr.core-utils@5b282bc7378d/Editor/ProjectValidation/PackageVersionUtility.cs Line: 59)

Mono: successfully reloaded assembly
[Package Manager] Failed to launch server process. Reason: Unity was launched with the -noUpm command-line argument
[Package Manager] Unable to send message (not connected to server process).
[Package Manager] Cannot connect to Unity Package Manager local server
- Finished resetting the current domain, in  1.313 seconds
Domain Reload Profiling: 2314ms
	BeginReloadAssembly (269ms)
		ExecutionOrderSort (0ms)
		DisableScriptedObjects (7ms)
		BackupInstance (0ms)
		ReleaseScriptingObjects (0ms)
		CreateAndSetChildDomain (62ms)
	RebuildCommonClasses (55ms)
	RebuildNativeTypeToScriptingClass (19ms)
	initialDomainReloadingComplete (45ms)
	LoadAllAssembliesAndSetupDomain (611ms)
		LoadAssemblies (469ms)
		RebuildTransferFunctionScriptingTraits (0ms)
		AnalyzeDomain (282ms)
			TypeCache.Refresh (8ms)
				TypeCache.ScanAssembly (0ms)
			BuildScriptInfoCaches (254ms)
			ResolveRequiredComponents (16ms)
	FinalizeReload (1314ms)
		ReleaseScriptCaches (0ms)
		RebuildScriptCaches (0ms)
		SetupLoadedEditorAssemblies (1009ms)
			LogAssemblyErrors (0ms)
			InitializePlatformSupportModulesInManaged (18ms)
			SetLoadedEditorAssemblies (9ms)
			BeforeProcessingInitializeOnLoad (214ms)
			ProcessInitializeOnLoadAttributes (597ms)
			ProcessInitializeOnLoadMethodAttributes (159ms)
			AfterProcessingInitializeOnLoad (11ms)
			EditorAssembliesLoaded (1ms)
		ExecutionOrderSort2 (0ms)
		AwakeInstancesAfterBackupRestoration (21ms)
Refreshing native plugins compatible for Editor in 12.99 ms, found 9 plugins.
Preloading 0 native plugins for Editor in 0.00 ms.
Unloading 68 Unused Serialized files (Serialized files now loaded: 0)
Unloading 5680 unused Assets / (8.1 MB). Loaded Objects now: 6480.
Memory consumption went from 211.9 MB to 203.7 MB.
Total: 21.289100 ms (FindLiveObjects: 1.134600 ms CreateObjectMapping: 1.403600 ms MarkObjects: 10.037600 ms  DeleteObjects: 8.710600 ms)

Prepare: number of updated asset objects reloaded= 0
========================================================================
Received Prepare
Begin MonoManager ReloadAssembly
- Loaded All Assemblies, in  1.051 seconds
'Packages/com.unity.xr.openxr/Runtime/OpenXRLoader.cs' contains partial class of Unity.Object, exactly 1 of the partial classes needs to be in a file with the same filename. This is to know the one that can be referenced from ie. GameObjects
'Packages/com.unity.xr.openxr/Runtime/OpenXRLoaderInternal.cs' contains partial class of Unity.Object, exactly 1 of the partial classes needs to be in a file with the same filename. This is to know the one that can be referenced from ie. GameObjects
Refreshing native plugins compatible for Editor in 9.03 ms, found 9 plugins.
Native extension for Android target not found
Native extension for WindowsStandalone target not found
[Package Manager] Failed to launch server process. Reason: Unity was launched with the -noUpm command-line argument
[Package Manager] Unable to send message (not connected to server process).
[Package Manager] Cannot connect to Unity Package Manager local server
System.NullReferenceException: Object reference not set to an instance of an object
  at UnityEditor.XR.Interaction.Toolkit.Analytics.XRIAnalytics..cctor () [0x00000] in .\Library\PackageCache\com.unity.xr.interaction.toolkit@9b07900cb163\Editor\Analytics\XRIAnalytics.cs:32 
UnityEngine.Debug:ExtractStackTraceNoAlloc (byte*,int,string)
UnityEngine.StackTraceUtility:ExtractStackTrace ()
UnityEngine.DebugLogHandler:Internal_Log (UnityEngine.LogType,UnityEngine.LogOption,string,UnityEngine.Object)
UnityEngine.DebugLogHandler:LogFormat (UnityEngine.LogType,UnityEngine.Object,string,object[])
UnityEngine.Logger:Log (UnityEngine.LogType,object)
UnityEngine.Debug:LogError (object)
UnityEditor.EditorAssemblies:ProcessInitializeOnLoadAttributes (System.Type[])

[Package Manager] Failed to launch server process. Reason: Unity was launched with the -noUpm command-line argument
[Package Manager] Unable to send message (not connected to server process).
[Package Manager] Cannot connect to Unity Package Manager local server
Failed to get package versions: Cannot connect to Unity Package Manager local server
UnityEngine.Debug:ExtractStackTraceNoAlloc (byte*,int,string)
UnityEngine.StackTraceUtility:ExtractStackTrace ()
UnityEngine.DebugLogHandler:Internal_Log (UnityEngine.LogType,UnityEngine.LogOption,string,UnityEngine.Object)
UnityEngine.DebugLogHandler:LogFormat (UnityEngine.LogType,UnityEngine.Object,string,object[])
UnityEngine.Logger:Log (UnityEngine.LogType,object)
UnityEngine.Debug:LogWarning (object)
Unity.XR.CoreUtils.Editor.PackageVersionUtility:UpdatePackageVersions () (at ./Library/PackageCache/com.unity.xr.core-utils@5b282bc7378d/Editor/ProjectValidation/PackageVersionUtility.cs:59)
Unity.XR.CoreUtils.Editor.PackageVersionUtility:GetPackageVersion (string) (at ./Library/PackageCache/com.unity.xr.core-utils@5b282bc7378d/Editor/ProjectValidation/PackageVersionUtility.cs:77)
UnityEditor.XR.Interaction.Toolkit.Samples.Hands.Editor.HandsSampleProjectValidation:.cctor () (at Assets/Samples/XR Interaction Toolkit/3.1.1/Hands Interaction Demo/Editor/Scripts/HandsSampleProjectValidation.cs:34)
System.Reflection.RuntimeMethodInfo:Invoke (object,System.Reflection.BindingFlags,System.Reflection.Binder,object[],System.Globalization.CultureInfo)
System.Reflection.MethodBase:Invoke (object,object[])
UnityEditor.EditorAssemblies:ProcessInitializeOnLoadMethodAttributes ()

(Filename: ./Library/PackageCache/com.unity.xr.core-utils@5b282bc7378d/Editor/ProjectValidation/PackageVersionUtility.cs Line: 59)

Mono: successfully reloaded assembly
[Package Manager] Failed to launch server process. Reason: Unity was launched with the -noUpm command-line argument
[Package Manager] Unable to send message (not connected to server process).
[Package Manager] Cannot connect to Unity Package Manager local server
- Finished resetting the current domain, in  1.245 seconds
Domain Reload Profiling: 2293ms
	BeginReloadAssembly (270ms)
		ExecutionOrderSort (0ms)
		DisableScriptedObjects (8ms)
		BackupInstance (0ms)
		ReleaseScriptingObjects (0ms)
		CreateAndSetChildDomain (60ms)
	RebuildCommonClasses (58ms)
	RebuildNativeTypeToScriptingClass (21ms)
	initialDomainReloadingComplete (43ms)
	LoadAllAssembliesAndSetupDomain (655ms)
		LoadAssemblies (498ms)
		RebuildTransferFunctionScriptingTraits (0ms)
		AnalyzeDomain (299ms)
			TypeCache.Refresh (8ms)
				TypeCache.ScanAssembly (0ms)
			BuildScriptInfoCaches (272ms)
			ResolveRequiredComponents (15ms)
	FinalizeReload (1246ms)
		ReleaseScriptCaches (0ms)
		RebuildScriptCaches (0ms)
		SetupLoadedEditorAssemblies (951ms)
			LogAssemblyErrors (0ms)
			InitializePlatformSupportModulesInManaged (21ms)
			SetLoadedEditorAssemblies (7ms)
			BeforeProcessingInitializeOnLoad (178ms)
			ProcessInitializeOnLoadAttributes (575ms)
			ProcessInitializeOnLoadMethodAttributes (159ms)
			AfterProcessingInitializeOnLoad (11ms)
			EditorAssembliesLoaded (0ms)
		ExecutionOrderSort2 (0ms)
		AwakeInstancesAfterBackupRestoration (16ms)
Refreshing native plugins compatible for Editor in 12.53 ms, found 9 plugins.
Preloading 0 native plugins for Editor in 0.00 ms.
Unloading 68 Unused Serialized files (Serialized files now loaded: 0)
Unloading 5680 unused Assets / (8.1 MB). Loaded Objects now: 6483.
Memory consumption went from 211.8 MB to 203.7 MB.
Total: 17.988500 ms (FindLiveObjects: 0.961400 ms CreateObjectMapping: 0.973300 ms MarkObjects: 8.066700 ms  DeleteObjects: 7.984900 ms)

Prepare: number of updated asset objects reloaded= 0
========================================================================
Received Prepare
Begin MonoManager ReloadAssembly
- Loaded All Assemblies, in  1.038 seconds
'Packages/com.unity.xr.openxr/Runtime/OpenXRLoader.cs' contains partial class of Unity.Object, exactly 1 of the partial classes needs to be in a file with the same filename. This is to know the one that can be referenced from ie. GameObjects
'Packages/com.unity.xr.openxr/Runtime/OpenXRLoaderInternal.cs' contains partial class of Unity.Object, exactly 1 of the partial classes needs to be in a file with the same filename. This is to know the one that can be referenced from ie. GameObjects
Refreshing native plugins compatible for Editor in 9.96 ms, found 9 plugins.
Native extension for Android target not found
Native extension for WindowsStandalone target not found
[Package Manager] Failed to launch server process. Reason: Unity was launched with the -noUpm command-line argument
[Package Manager] Unable to send message (not connected to server process).
[Package Manager] Cannot connect to Unity Package Manager local server
System.NullReferenceException: Object reference not set to an instance of an object
  at UnityEditor.XR.Interaction.Toolkit.Analytics.XRIAnalytics..cctor () [0x00000] in .\Library\PackageCache\com.unity.xr.interaction.toolkit@9b07900cb163\Editor\Analytics\XRIAnalytics.cs:32 
UnityEngine.Debug:ExtractStackTraceNoAlloc (byte*,int,string)
UnityEngine.StackTraceUtility:ExtractStackTrace ()
UnityEngine.DebugLogHandler:Internal_Log (UnityEngine.LogType,UnityEngine.LogOption,string,UnityEngine.Object)
UnityEngine.DebugLogHandler:LogFormat (UnityEngine.LogType,UnityEngine.Object,string,object[])
UnityEngine.Logger:Log (UnityEngine.LogType,object)
UnityEngine.Debug:LogError (object)
UnityEditor.EditorAssemblies:ProcessInitializeOnLoadAttributes (System.Type[])

[Package Manager] Failed to launch server process. Reason: Unity was launched with the -noUpm command-line argument
[Package Manager] Unable to send message (not connected to server process).
[Package Manager] Cannot connect to Unity Package Manager local server
Failed to get package versions: Cannot connect to Unity Package Manager local server
UnityEngine.Debug:ExtractStackTraceNoAlloc (byte*,int,string)
UnityEngine.StackTraceUtility:ExtractStackTrace ()
UnityEngine.DebugLogHandler:Internal_Log (UnityEngine.LogType,UnityEngine.LogOption,string,UnityEngine.Object)
UnityEngine.DebugLogHandler:LogFormat (UnityEngine.LogType,UnityEngine.Object,string,object[])
UnityEngine.Logger:Log (UnityEngine.LogType,object)
UnityEngine.Debug:LogWarning (object)
Unity.XR.CoreUtils.Editor.PackageVersionUtility:UpdatePackageVersions () (at ./Library/PackageCache/com.unity.xr.core-utils@5b282bc7378d/Editor/ProjectValidation/PackageVersionUtility.cs:59)
Unity.XR.CoreUtils.Editor.PackageVersionUtility:GetPackageVersion (string) (at ./Library/PackageCache/com.unity.xr.core-utils@5b282bc7378d/Editor/ProjectValidation/PackageVersionUtility.cs:77)
UnityEditor.XR.Interaction.Toolkit.Samples.Hands.Editor.HandsSampleProjectValidation:.cctor () (at Assets/Samples/XR Interaction Toolkit/3.1.1/Hands Interaction Demo/Editor/Scripts/HandsSampleProjectValidation.cs:34)
System.Reflection.RuntimeMethodInfo:Invoke (object,System.Reflection.BindingFlags,System.Reflection.Binder,object[],System.Globalization.CultureInfo)
System.Reflection.MethodBase:Invoke (object,object[])
UnityEditor.EditorAssemblies:ProcessInitializeOnLoadMethodAttributes ()

(Filename: ./Library/PackageCache/com.unity.xr.core-utils@5b282bc7378d/Editor/ProjectValidation/PackageVersionUtility.cs Line: 59)

Mono: successfully reloaded assembly
[Package Manager] Failed to launch server process. Reason: Unity was launched with the -noUpm command-line argument
[Package Manager] Unable to send message (not connected to server process).
[Package Manager] Cannot connect to Unity Package Manager local server
- Finished resetting the current domain, in  1.272 seconds
Domain Reload Profiling: 2309ms
	BeginReloadAssembly (282ms)
		ExecutionOrderSort (0ms)
		DisableScriptedObjects (8ms)
		BackupInstance (0ms)
		ReleaseScriptingObjects (0ms)
		CreateAndSetChildDomain (69ms)
	RebuildCommonClasses (59ms)
	RebuildNativeTypeToScriptingClass (20ms)
	initialDomainReloadingComplete (45ms)
	LoadAllAssembliesAndSetupDomain (629ms)
		LoadAssemblies (468ms)
		RebuildTransferFunctionScriptingTraits (0ms)
		AnalyzeDomain (302ms)
			TypeCache.Refresh (8ms)
				TypeCache.ScanAssembly (0ms)
			BuildScriptInfoCaches (271ms)
			ResolveRequiredComponents (17ms)
	FinalizeReload (1275ms)
		ReleaseScriptCaches (0ms)
		RebuildScriptCaches (0ms)
		SetupLoadedEditorAssemblies (955ms)
			LogAssemblyErrors (0ms)
			InitializePlatformSupportModulesInManaged (18ms)
			SetLoadedEditorAssemblies (6ms)
			BeforeProcessingInitializeOnLoad (175ms)
			ProcessInitializeOnLoadAttributes (570ms)
			ProcessInitializeOnLoadMethodAttributes (172ms)
			AfterProcessingInitializeOnLoad (13ms)
			EditorAssembliesLoaded (0ms)
		ExecutionOrderSort2 (0ms)
		AwakeInstancesAfterBackupRestoration (18ms)
Refreshing native plugins compatible for Editor in 14.20 ms, found 9 plugins.
Preloading 0 native plugins for Editor in 0.00 ms.
Unloading 68 Unused Serialized files (Serialized files now loaded: 0)
Unloading 5680 unused Assets / (8.2 MB). Loaded Objects now: 6486.
Memory consumption went from 188.6 MB to 180.4 MB.
Total: 17.310200 ms (FindLiveObjects: 1.015000 ms CreateObjectMapping: 0.752500 ms MarkObjects: 8.013900 ms  DeleteObjects: 7.527000 ms)

Prepare: number of updated asset objects reloaded= 0
========================================================================
Received Prepare
Begin MonoManager ReloadAssembly
- Loaded All Assemblies, in  1.019 seconds
'Packages/com.unity.xr.openxr/Runtime/OpenXRLoader.cs' contains partial class of Unity.Object, exactly 1 of the partial classes needs to be in a file with the same filename. This is to know the one that can be referenced from ie. GameObjects
'Packages/com.unity.xr.openxr/Runtime/OpenXRLoaderInternal.cs' contains partial class of Unity.Object, exactly 1 of the partial classes needs to be in a file with the same filename. This is to know the one that can be referenced from ie. GameObjects
Refreshing native plugins compatible for Editor in 11.84 ms, found 9 plugins.
Native extension for Android target not found
Native extension for WindowsStandalone target not found
[Package Manager] Failed to launch server process. Reason: Unity was launched with the -noUpm command-line argument
[Package Manager] Unable to send message (not connected to server process).
[Package Manager] Cannot connect to Unity Package Manager local server
System.NullReferenceException: Object reference not set to an instance of an object
  at UnityEditor.XR.Interaction.Toolkit.Analytics.XRIAnalytics..cctor () [0x00000] in .\Library\PackageCache\com.unity.xr.interaction.toolkit@9b07900cb163\Editor\Analytics\XRIAnalytics.cs:32 
UnityEngine.Debug:ExtractStackTraceNoAlloc (byte*,int,string)
UnityEngine.StackTraceUtility:ExtractStackTrace ()
UnityEngine.DebugLogHandler:Internal_Log (UnityEngine.LogType,UnityEngine.LogOption,string,UnityEngine.Object)
UnityEngine.DebugLogHandler:LogFormat (UnityEngine.LogType,UnityEngine.Object,string,object[])
UnityEngine.Logger:Log (UnityEngine.LogType,object)
UnityEngine.Debug:LogError (object)
UnityEditor.EditorAssemblies:ProcessInitializeOnLoadAttributes (System.Type[])

[Package Manager] Failed to launch server process. Reason: Unity was launched with the -noUpm command-line argument
[Package Manager] Unable to send message (not connected to server process).
[Package Manager] Cannot connect to Unity Package Manager local server
Failed to get package versions: Cannot connect to Unity Package Manager local server
UnityEngine.Debug:ExtractStackTraceNoAlloc (byte*,int,string)
UnityEngine.StackTraceUtility:ExtractStackTrace ()
UnityEngine.DebugLogHandler:Internal_Log (UnityEngine.LogType,UnityEngine.LogOption,string,UnityEngine.Object)
UnityEngine.DebugLogHandler:LogFormat (UnityEngine.LogType,UnityEngine.Object,string,object[])
UnityEngine.Logger:Log (UnityEngine.LogType,object)
UnityEngine.Debug:LogWarning (object)
Unity.XR.CoreUtils.Editor.PackageVersionUtility:UpdatePackageVersions () (at ./Library/PackageCache/com.unity.xr.core-utils@5b282bc7378d/Editor/ProjectValidation/PackageVersionUtility.cs:59)
Unity.XR.CoreUtils.Editor.PackageVersionUtility:GetPackageVersion (string) (at ./Library/PackageCache/com.unity.xr.core-utils@5b282bc7378d/Editor/ProjectValidation/PackageVersionUtility.cs:77)
UnityEditor.XR.Interaction.Toolkit.Samples.Hands.Editor.HandsSampleProjectValidation:.cctor () (at Assets/Samples/XR Interaction Toolkit/3.1.1/Hands Interaction Demo/Editor/Scripts/HandsSampleProjectValidation.cs:34)
System.Reflection.RuntimeMethodInfo:Invoke (object,System.Reflection.BindingFlags,System.Reflection.Binder,object[],System.Globalization.CultureInfo)
System.Reflection.MethodBase:Invoke (object,object[])
UnityEditor.EditorAssemblies:ProcessInitializeOnLoadMethodAttributes ()

(Filename: ./Library/PackageCache/com.unity.xr.core-utils@5b282bc7378d/Editor/ProjectValidation/PackageVersionUtility.cs Line: 59)

Mono: successfully reloaded assembly
[Package Manager] Failed to launch server process. Reason: Unity was launched with the -noUpm command-line argument
[Package Manager] Unable to send message (not connected to server process).
[Package Manager] Cannot connect to Unity Package Manager local server
- Finished resetting the current domain, in  1.217 seconds
Domain Reload Profiling: 2234ms
	BeginReloadAssembly (270ms)
		ExecutionOrderSort (0ms)
		DisableScriptedObjects (8ms)
		BackupInstance (0ms)
		ReleaseScriptingObjects (0ms)
		CreateAndSetChildDomain (63ms)
	RebuildCommonClasses (57ms)
	RebuildNativeTypeToScriptingClass (17ms)
	initialDomainReloadingComplete (42ms)
	LoadAllAssembliesAndSetupDomain (629ms)
		LoadAssemblies (469ms)
		RebuildTransferFunctionScriptingTraits (0ms)
		AnalyzeDomain (298ms)
			TypeCache.Refresh (19ms)
				TypeCache.ScanAssembly (1ms)
			BuildScriptInfoCaches (261ms)
			ResolveRequiredComponents (14ms)
	FinalizeReload (1218ms)
		ReleaseScriptCaches (0ms)
		RebuildScriptCaches (0ms)
		SetupLoadedEditorAssemblies (928ms)
			LogAssemblyErrors (0ms)
			InitializePlatformSupportModulesInManaged (16ms)
			SetLoadedEditorAssemblies (6ms)
			BeforeProcessingInitializeOnLoad (175ms)
			ProcessInitializeOnLoadAttributes (560ms)
			ProcessInitializeOnLoadMethodAttributes (158ms)
			AfterProcessingInitializeOnLoad (13ms)
			EditorAssembliesLoaded (0ms)
		ExecutionOrderSort2 (0ms)
		AwakeInstancesAfterBackupRestoration (18ms)
Refreshing native plugins compatible for Editor in 13.86 ms, found 9 plugins.
Preloading 0 native plugins for Editor in 0.00 ms.
Unloading 68 Unused Serialized files (Serialized files now loaded: 0)
Unloading 5681 unused Assets / (7.8 MB). Loaded Objects now: 6490.
Memory consumption went from 211.9 MB to 204.0 MB.
Total: 21.793600 ms (FindLiveObjects: 1.146600 ms CreateObjectMapping: 1.568100 ms MarkObjects: 10.621400 ms  DeleteObjects: 8.455200 ms)

Prepare: number of updated asset objects reloaded= 0
========================================================================
Received Import Request.
  Time since last request: 2222.612286 seconds.
  path: Assets/SEC_CAM
  artifactKey: Guid(e276efe4bb9c1de4980c10f74009639a) Importer(815301076,1909f56bfc062723c751e8b465ee728b)
Start importing Assets/SEC_CAM using Guid(e276efe4bb9c1de4980c10f74009639a) Importer(815301076,1909f56bfc062723c751e8b465ee728b) (PreviewImporter) -> (artifact id: 'b067f8d0ab788c4ff8bd728cc764647d') in 0.1351286 seconds
Number of updated asset objects reloaded before import = 0Number of asset objects unloaded after import = 0

========================================================================
Received Import Request.
  Time since last request: 1.614851 seconds.
  path: Assets/SEC_CAM/Prehubs
  artifactKey: Guid(08f4a97a0c529eb4f9444bf767b0f685) Importer(815301076,1909f56bfc062723c751e8b465ee728b)
Start importing Assets/SEC_CAM/Prehubs using Guid(08f4a97a0c529eb4f9444bf767b0f685) Importer(815301076,1909f56bfc062723c751e8b465ee728b) (PreviewImporter) -> (artifact id: '0559386028893e88ac5190481a000dba') in 0.0005901 seconds
Number of updated asset objects reloaded before import = 0Number of asset objects unloaded after import = 0

========================================================================
Received Import Request.
  Time since last request: 0.006815 seconds.
  path: Assets/SEC_CAM/Prehubs/SecurityCamera_ch1.fbx
  artifactKey: Guid(68df30bd05d94b84fb7627ba59b56b66) Importer(815301076,1909f56bfc062723c751e8b465ee728b)
Start importing Assets/SEC_CAM/Prehubs/SecurityCamera_ch1.fbx using Guid(68df30bd05d94b84fb7627ba59b56b66) Importer(815301076,1909f56bfc062723c751e8b465ee728b) (PreviewImporter) -> (artifact id: '3a203deb7517c442a24e83ddad90ff08') in 0.8588324 seconds
Number of updated asset objects reloaded before import = 0Number of asset objects unloaded after import = 45

========================================================================
Received Import Request.
  Time since last request: 9.454729 seconds.
  path: Assets/SEC_CAM/Materials
  artifactKey: Guid(28dbd02bf260d774a80fc2b373c19f42) Importer(815301076,1909f56bfc062723c751e8b465ee728b)
Start importing Assets/SEC_CAM/Materials using Guid(28dbd02bf260d774a80fc2b373c19f42) Importer(815301076,1909f56bfc062723c751e8b465ee728b) (PreviewImporter) -> (artifact id: '2ad6253e3177c4a8f00a7ac86ada88a4') in 0.000733 seconds
Number of updated asset objects reloaded before import = 0Number of asset objects unloaded after import = 0

========================================================================
Received Import Request.
  Time since last request: 0.000029 seconds.
  path: Assets/SEC_CAM/Materials/SecurityCamera_ch1_matte.mat
  artifactKey: Guid(dc1d943879e74f9458c2d05eb2d8ddc0) Importer(815301076,1909f56bfc062723c751e8b465ee728b)
Start importing Assets/SEC_CAM/Materials/SecurityCamera_ch1_matte.mat using Guid(dc1d943879e74f9458c2d05eb2d8ddc0) Importer(815301076,1909f56bfc062723c751e8b465ee728b) (PreviewImporter) -> (artifact id: 'dd687fed22969c92e3febd0d8d1228d6') in 0.0335879 seconds
Number of updated asset objects reloaded before import = 0Number of asset objects unloaded after import = 3

========================================================================
Received Prepare
Begin MonoManager ReloadAssembly
- Loaded All Assemblies, in  1.125 seconds
'Packages/com.unity.xr.openxr/Runtime/OpenXRLoader.cs' contains partial class of Unity.Object, exactly 1 of the partial classes needs to be in a file with the same filename. This is to know the one that can be referenced from ie. GameObjects
'Packages/com.unity.xr.openxr/Runtime/OpenXRLoaderInternal.cs' contains partial class of Unity.Object, exactly 1 of the partial classes needs to be in a file with the same filename. This is to know the one that can be referenced from ie. GameObjects
Refreshing native plugins compatible for Editor in 9.68 ms, found 9 plugins.
Native extension for Android target not found
Native extension for WindowsStandalone target not found
[Package Manager] Failed to launch server process. Reason: Unity was launched with the -noUpm command-line argument
[Package Manager] Unable to send message (not connected to server process).
[Package Manager] Cannot connect to Unity Package Manager local server
System.NullReferenceException: Object reference not set to an instance of an object
  at UnityEditor.XR.Interaction.Toolkit.Analytics.XRIAnalytics..cctor () [0x00000] in .\Library\PackageCache\com.unity.xr.interaction.toolkit@9b07900cb163\Editor\Analytics\XRIAnalytics.cs:32 
UnityEngine.Debug:ExtractStackTraceNoAlloc (byte*,int,string)
UnityEngine.StackTraceUtility:ExtractStackTrace ()
UnityEngine.DebugLogHandler:Internal_Log (UnityEngine.LogType,UnityEngine.LogOption,string,UnityEngine.Object)
UnityEngine.DebugLogHandler:LogFormat (UnityEngine.LogType,UnityEngine.Object,string,object[])
UnityEngine.Logger:Log (UnityEngine.LogType,object)
UnityEngine.Debug:LogError (object)
UnityEditor.EditorAssemblies:ProcessInitializeOnLoadAttributes (System.Type[])

[Package Manager] Failed to launch server process. Reason: Unity was launched with the -noUpm command-line argument
[Package Manager] Unable to send message (not connected to server process).
[Package Manager] Cannot connect to Unity Package Manager local server
Failed to get package versions: Cannot connect to Unity Package Manager local server
UnityEngine.Debug:ExtractStackTraceNoAlloc (byte*,int,string)
UnityEngine.StackTraceUtility:ExtractStackTrace ()
UnityEngine.DebugLogHandler:Internal_Log (UnityEngine.LogType,UnityEngine.LogOption,string,UnityEngine.Object)
UnityEngine.DebugLogHandler:LogFormat (UnityEngine.LogType,UnityEngine.Object,string,object[])
UnityEngine.Logger:Log (UnityEngine.LogType,object)
UnityEngine.Debug:LogWarning (object)
Unity.XR.CoreUtils.Editor.PackageVersionUtility:UpdatePackageVersions () (at ./Library/PackageCache/com.unity.xr.core-utils@5b282bc7378d/Editor/ProjectValidation/PackageVersionUtility.cs:59)
Unity.XR.CoreUtils.Editor.PackageVersionUtility:GetPackageVersion (string) (at ./Library/PackageCache/com.unity.xr.core-utils@5b282bc7378d/Editor/ProjectValidation/PackageVersionUtility.cs:77)
UnityEditor.XR.Interaction.Toolkit.Samples.Hands.Editor.HandsSampleProjectValidation:.cctor () (at Assets/Samples/XR Interaction Toolkit/3.1.1/Hands Interaction Demo/Editor/Scripts/HandsSampleProjectValidation.cs:34)
System.Reflection.RuntimeMethodInfo:Invoke (object,System.Reflection.BindingFlags,System.Reflection.Binder,object[],System.Globalization.CultureInfo)
System.Reflection.MethodBase:Invoke (object,object[])
UnityEditor.EditorAssemblies:ProcessInitializeOnLoadMethodAttributes ()

(Filename: ./Library/PackageCache/com.unity.xr.core-utils@5b282bc7378d/Editor/ProjectValidation/PackageVersionUtility.cs Line: 59)

Mono: successfully reloaded assembly
[Package Manager] Failed to launch server process. Reason: Unity was launched with the -noUpm command-line argument
[Package Manager] Unable to send message (not connected to server process).
[Package Manager] Cannot connect to Unity Package Manager local server
- Finished resetting the current domain, in  1.248 seconds
Domain Reload Profiling: 2371ms
	BeginReloadAssembly (365ms)
		ExecutionOrderSort (0ms)
		DisableScriptedObjects (33ms)
		BackupInstance (0ms)
		ReleaseScriptingObjects (0ms)
		CreateAndSetChildDomain (100ms)
	RebuildCommonClasses (61ms)
	RebuildNativeTypeToScriptingClass (21ms)
	initialDomainReloadingComplete (49ms)
	LoadAllAssembliesAndSetupDomain (627ms)
		LoadAssemblies (496ms)
		RebuildTransferFunctionScriptingTraits (0ms)
		AnalyzeDomain (297ms)
			TypeCache.Refresh (9ms)
				TypeCache.ScanAssembly (0ms)
			BuildScriptInfoCaches (264ms)
			ResolveRequiredComponents (19ms)
	FinalizeReload (1249ms)
		ReleaseScriptCaches (0ms)
		RebuildScriptCaches (0ms)
		SetupLoadedEditorAssemblies (978ms)
			LogAssemblyErrors (0ms)
			InitializePlatformSupportModulesInManaged (16ms)
			SetLoadedEditorAssemblies (7ms)
			BeforeProcessingInitializeOnLoad (184ms)
			ProcessInitializeOnLoadAttributes (592ms)
			ProcessInitializeOnLoadMethodAttributes (166ms)
			AfterProcessingInitializeOnLoad (12ms)
			EditorAssembliesLoaded (0ms)
		ExecutionOrderSort2 (0ms)
		AwakeInstancesAfterBackupRestoration (17ms)
Refreshing native plugins compatible for Editor in 13.81 ms, found 9 plugins.
Preloading 0 native plugins for Editor in 0.00 ms.
Unloading 68 Unused Serialized files (Serialized files now loaded: 0)
Unloading 5681 unused Assets / (8.0 MB). Loaded Objects now: 6514.
Memory consumption went from 198.0 MB to 190.0 MB.
Total: 21.145200 ms (FindLiveObjects: 1.129700 ms CreateObjectMapping: 1.463200 ms MarkObjects: 9.058000 ms  DeleteObjects: 9.492000 ms)

Prepare: number of updated asset objects reloaded= 0
========================================================================
Received Prepare
'Packages/com.unity.xr.openxr/Runtime/OpenXRLoader.cs' contains partial class of Unity.Object, exactly 1 of the partial classes needs to be in a file with the same filename. This is to know the one that can be referenced from ie. GameObjects
'Packages/com.unity.xr.openxr/Runtime/OpenXRLoaderInternal.cs' contains partial class of Unity.Object, exactly 1 of the partial classes needs to be in a file with the same filename. This is to know the one that can be referenced from ie. GameObjects
Refreshing native plugins compatible for Editor in 13.75 ms, found 9 plugins.
Preloading 0 native plugins for Editor in 0.00 ms.
Unloading 48 Unused Serialized files (Serialized files now loaded: 0)
Unloading 5613 unused Assets / (8.0 MB). Loaded Objects now: 6506.
Memory consumption went from 173.3 MB to 165.3 MB.
Total: 29.180500 ms (FindLiveObjects: 1.372000 ms CreateObjectMapping: 2.179700 ms MarkObjects: 17.767200 ms  DeleteObjects: 7.842000 ms)

Prepare: number of updated asset objects reloaded= 0
========================================================================
Received Prepare
Begin MonoManager ReloadAssembly
- Loaded All Assemblies, in  1.026 seconds
'Packages/com.unity.xr.openxr/Runtime/OpenXRLoader.cs' contains partial class of Unity.Object, exactly 1 of the partial classes needs to be in a file with the same filename. This is to know the one that can be referenced from ie. GameObjects
'Packages/com.unity.xr.openxr/Runtime/OpenXRLoaderInternal.cs' contains partial class of Unity.Object, exactly 1 of the partial classes needs to be in a file with the same filename. This is to know the one that can be referenced from ie. GameObjects
Refreshing native plugins compatible for Editor in 9.19 ms, found 9 plugins.
Native extension for Android target not found
Native extension for WindowsStandalone target not found
[Package Manager] Failed to launch server process. Reason: Unity was launched with the -noUpm command-line argument
[Package Manager] Unable to send message (not connected to server process).
[Package Manager] Cannot connect to Unity Package Manager local server
System.NullReferenceException: Object reference not set to an instance of an object
  at UnityEditor.XR.Interaction.Toolkit.Analytics.XRIAnalytics..cctor () [0x00000] in .\Library\PackageCache\com.unity.xr.interaction.toolkit@9b07900cb163\Editor\Analytics\XRIAnalytics.cs:32 
UnityEngine.Debug:ExtractStackTraceNoAlloc (byte*,int,string)
UnityEngine.StackTraceUtility:ExtractStackTrace ()
UnityEngine.DebugLogHandler:Internal_Log (UnityEngine.LogType,UnityEngine.LogOption,string,UnityEngine.Object)
UnityEngine.DebugLogHandler:LogFormat (UnityEngine.LogType,UnityEngine.Object,string,object[])
UnityEngine.Logger:Log (UnityEngine.LogType,object)
UnityEngine.Debug:LogError (object)
UnityEditor.EditorAssemblies:ProcessInitializeOnLoadAttributes (System.Type[])

[Package Manager] Failed to launch server process. Reason: Unity was launched with the -noUpm command-line argument
[Package Manager] Unable to send message (not connected to server process).
[Package Manager] Cannot connect to Unity Package Manager local server
Failed to get package versions: Cannot connect to Unity Package Manager local server
UnityEngine.Debug:ExtractStackTraceNoAlloc (byte*,int,string)
UnityEngine.StackTraceUtility:ExtractStackTrace ()
UnityEngine.DebugLogHandler:Internal_Log (UnityEngine.LogType,UnityEngine.LogOption,string,UnityEngine.Object)
UnityEngine.DebugLogHandler:LogFormat (UnityEngine.LogType,UnityEngine.Object,string,object[])
UnityEngine.Logger:Log (UnityEngine.LogType,object)
UnityEngine.Debug:LogWarning (object)
Unity.XR.CoreUtils.Editor.PackageVersionUtility:UpdatePackageVersions () (at ./Library/PackageCache/com.unity.xr.core-utils@5b282bc7378d/Editor/ProjectValidation/PackageVersionUtility.cs:59)
Unity.XR.CoreUtils.Editor.PackageVersionUtility:GetPackageVersion (string) (at ./Library/PackageCache/com.unity.xr.core-utils@5b282bc7378d/Editor/ProjectValidation/PackageVersionUtility.cs:77)
UnityEditor.XR.Interaction.Toolkit.Samples.Hands.Editor.HandsSampleProjectValidation:.cctor () (at Assets/Samples/XR Interaction Toolkit/3.1.1/Hands Interaction Demo/Editor/Scripts/HandsSampleProjectValidation.cs:34)
System.Reflection.RuntimeMethodInfo:Invoke (object,System.Reflection.BindingFlags,System.Reflection.Binder,object[],System.Globalization.CultureInfo)
System.Reflection.MethodBase:Invoke (object,object[])
UnityEditor.EditorAssemblies:ProcessInitializeOnLoadMethodAttributes ()

(Filename: ./Library/PackageCache/com.unity.xr.core-utils@5b282bc7378d/Editor/ProjectValidation/PackageVersionUtility.cs Line: 59)

Mono: successfully reloaded assembly
[Package Manager] Failed to launch server process. Reason: Unity was launched with the -noUpm command-line argument
[Package Manager] Unable to send message (not connected to server process).
[Package Manager] Cannot connect to Unity Package Manager local server
- Finished resetting the current domain, in  1.316 seconds
Domain Reload Profiling: 2342ms
	BeginReloadAssembly (284ms)
		ExecutionOrderSort (0ms)
		DisableScriptedObjects (9ms)
		BackupInstance (0ms)
		ReleaseScriptingObjects (0ms)
		CreateAndSetChildDomain (74ms)
	RebuildCommonClasses (52ms)
	RebuildNativeTypeToScriptingClass (24ms)
	initialDomainReloadingComplete (43ms)
	LoadAllAssembliesAndSetupDomain (621ms)
		LoadAssemblies (469ms)
		RebuildTransferFunctionScriptingTraits (0ms)
		AnalyzeDomain (292ms)
			TypeCache.Refresh (13ms)
				TypeCache.ScanAssembly (1ms)
			BuildScriptInfoCaches (259ms)
			ResolveRequiredComponents (15ms)
	FinalizeReload (1318ms)
		ReleaseScriptCaches (0ms)
		RebuildScriptCaches (0ms)
		SetupLoadedEditorAssemblies (1010ms)
			LogAssemblyErrors (0ms)
			InitializePlatformSupportModulesInManaged (17ms)
			SetLoadedEditorAssemblies (6ms)
			BeforeProcessingInitializeOnLoad (171ms)
			ProcessInitializeOnLoadAttributes (579ms)
			ProcessInitializeOnLoadMethodAttributes (219ms)
			AfterProcessingInitializeOnLoad (18ms)
			EditorAssembliesLoaded (1ms)
		ExecutionOrderSort2 (0ms)
		AwakeInstancesAfterBackupRestoration (29ms)
Refreshing native plugins compatible for Editor in 15.36 ms, found 9 plugins.
Preloading 0 native plugins for Editor in 0.00 ms.
Unloading 68 Unused Serialized files (Serialized files now loaded: 0)
Unloading 5680 unused Assets / (7.5 MB). Loaded Objects now: 6516.
Memory consumption went from 221.2 MB to 213.6 MB.
Total: 27.009800 ms (FindLiveObjects: 1.352100 ms CreateObjectMapping: 1.596500 ms MarkObjects: 12.271300 ms  DeleteObjects: 11.788000 ms)

Prepare: number of updated asset objects reloaded= 0
========================================================================
Received Prepare
Begin MonoManager ReloadAssembly
- Loaded All Assemblies, in  1.047 seconds
'Packages/com.unity.xr.openxr/Runtime/OpenXRLoader.cs' contains partial class of Unity.Object, exactly 1 of the partial classes needs to be in a file with the same filename. This is to know the one that can be referenced from ie. GameObjects
'Packages/com.unity.xr.openxr/Runtime/OpenXRLoaderInternal.cs' contains partial class of Unity.Object, exactly 1 of the partial classes needs to be in a file with the same filename. This is to know the one that can be referenced from ie. GameObjects
Refreshing native plugins compatible for Editor in 9.73 ms, found 9 plugins.
Native extension for Android target not found
Native extension for WindowsStandalone target not found
[Package Manager] Failed to launch server process. Reason: Unity was launched with the -noUpm command-line argument
[Package Manager] Unable to send message (not connected to server process).
[Package Manager] Cannot connect to Unity Package Manager local server
System.NullReferenceException: Object reference not set to an instance of an object
  at UnityEditor.XR.Interaction.Toolkit.Analytics.XRIAnalytics..cctor () [0x00000] in .\Library\PackageCache\com.unity.xr.interaction.toolkit@9b07900cb163\Editor\Analytics\XRIAnalytics.cs:32 
UnityEngine.Debug:ExtractStackTraceNoAlloc (byte*,int,string)
UnityEngine.StackTraceUtility:ExtractStackTrace ()
UnityEngine.DebugLogHandler:Internal_Log (UnityEngine.LogType,UnityEngine.LogOption,string,UnityEngine.Object)
UnityEngine.DebugLogHandler:LogFormat (UnityEngine.LogType,UnityEngine.Object,string,object[])
UnityEngine.Logger:Log (UnityEngine.LogType,object)
UnityEngine.Debug:LogError (object)
UnityEditor.EditorAssemblies:ProcessInitializeOnLoadAttributes (System.Type[])

[Package Manager] Failed to launch server process. Reason: Unity was launched with the -noUpm command-line argument
[Package Manager] Unable to send message (not connected to server process).
[Package Manager] Cannot connect to Unity Package Manager local server
Failed to get package versions: Cannot connect to Unity Package Manager local server
UnityEngine.Debug:ExtractStackTraceNoAlloc (byte*,int,string)
UnityEngine.StackTraceUtility:ExtractStackTrace ()
UnityEngine.DebugLogHandler:Internal_Log (UnityEngine.LogType,UnityEngine.LogOption,string,UnityEngine.Object)
UnityEngine.DebugLogHandler:LogFormat (UnityEngine.LogType,UnityEngine.Object,string,object[])
UnityEngine.Logger:Log (UnityEngine.LogType,object)
UnityEngine.Debug:LogWarning (object)
Unity.XR.CoreUtils.Editor.PackageVersionUtility:UpdatePackageVersions () (at ./Library/PackageCache/com.unity.xr.core-utils@5b282bc7378d/Editor/ProjectValidation/PackageVersionUtility.cs:59)
Unity.XR.CoreUtils.Editor.PackageVersionUtility:GetPackageVersion (string) (at ./Library/PackageCache/com.unity.xr.core-utils@5b282bc7378d/Editor/ProjectValidation/PackageVersionUtility.cs:77)
UnityEditor.XR.Interaction.Toolkit.Samples.Hands.Editor.HandsSampleProjectValidation:.cctor () (at Assets/Samples/XR Interaction Toolkit/3.1.1/Hands Interaction Demo/Editor/Scripts/HandsSampleProjectValidation.cs:34)
System.Reflection.RuntimeMethodInfo:Invoke (object,System.Reflection.BindingFlags,System.Reflection.Binder,object[],System.Globalization.CultureInfo)
System.Reflection.MethodBase:Invoke (object,object[])
UnityEditor.EditorAssemblies:ProcessInitializeOnLoadMethodAttributes ()

(Filename: ./Library/PackageCache/com.unity.xr.core-utils@5b282bc7378d/Editor/ProjectValidation/PackageVersionUtility.cs Line: 59)

Mono: successfully reloaded assembly
[Package Manager] Failed to launch server process. Reason: Unity was launched with the -noUpm command-line argument
[Package Manager] Unable to send message (not connected to server process).
[Package Manager] Cannot connect to Unity Package Manager local server
- Finished resetting the current domain, in  1.229 seconds
Domain Reload Profiling: 2274ms
	BeginReloadAssembly (312ms)
		ExecutionOrderSort (0ms)
		DisableScriptedObjects (8ms)
		BackupInstance (0ms)
		ReleaseScriptingObjects (0ms)
		CreateAndSetChildDomain (70ms)
	RebuildCommonClasses (56ms)
	RebuildNativeTypeToScriptingClass (21ms)
	initialDomainReloadingComplete (39ms)
	LoadAllAssembliesAndSetupDomain (617ms)
		LoadAssemblies (481ms)
		RebuildTransferFunctionScriptingTraits (0ms)
		AnalyzeDomain (285ms)
			TypeCache.Refresh (15ms)
				TypeCache.ScanAssembly (2ms)
			BuildScriptInfoCaches (249ms)
			ResolveRequiredComponents (16ms)
	FinalizeReload (1230ms)
		ReleaseScriptCaches (0ms)
		RebuildScriptCaches (0ms)
		SetupLoadedEditorAssemblies (943ms)
			LogAssemblyErrors (0ms)
			InitializePlatformSupportModulesInManaged (18ms)
			SetLoadedEditorAssemblies (7ms)
			BeforeProcessingInitializeOnLoad (174ms)
			ProcessInitializeOnLoadAttributes (583ms)
			ProcessInitializeOnLoadMethodAttributes (152ms)
			AfterProcessingInitializeOnLoad (9ms)
			EditorAssembliesLoaded (0ms)
		ExecutionOrderSort2 (0ms)
		AwakeInstancesAfterBackupRestoration (16ms)
Refreshing native plugins compatible for Editor in 11.25 ms, found 9 plugins.
Preloading 0 native plugins for Editor in 0.00 ms.
Unloading 68 Unused Serialized files (Serialized files now loaded: 0)
Unloading 5715 unused Assets / (8.0 MB). Loaded Objects now: 6554.
Memory consumption went from 198.1 MB to 190.1 MB.
Total: 14.358100 ms (FindLiveObjects: 1.030100 ms CreateObjectMapping: 0.645200 ms MarkObjects: 6.326500 ms  DeleteObjects: 6.354800 ms)

Prepare: number of updated asset objects reloaded= 0
========================================================================
Received Import Request.
  Time since last request: 458.536079 seconds.
  path: Assets/SEC_CAM/Prehubs/SecurityCamera_ch1 (1) 1.prefab
  artifactKey: Guid(6d04415f93118ab4faa13b913d80fb3f) Importer(815301076,1909f56bfc062723c751e8b465ee728b)
Start importing Assets/SEC_CAM/Prehubs/SecurityCamera_ch1 (1) 1.prefab using Guid(6d04415f93118ab4faa13b913d80fb3f) Importer(815301076,1909f56bfc062723c751e8b465ee728b) (PreviewImporter) -> (artifact id: 'e521f2f88e3fb17db99022338e2bdfbd') in 0.9037929 seconds
Number of updated asset objects reloaded before import = 0Number of asset objects unloaded after import = 97

========================================================================
Received Import Request.
  Time since last request: 26.694756 seconds.
  path: Assets/SEC_CAM/RenderTexture
  artifactKey: Guid(375fda96f19d3894e8a228185fbfa0bf) Importer(815301076,1909f56bfc062723c751e8b465ee728b)
Start importing Assets/SEC_CAM/RenderTexture using Guid(375fda96f19d3894e8a228185fbfa0bf) Importer(815301076,1909f56bfc062723c751e8b465ee728b) (PreviewImporter) -> (artifact id: 'd5278ded1405756845ae9d72f8c5f518') in 0.0011466 seconds
Number of updated asset objects reloaded before import = 0Number of asset objects unloaded after import = 0

========================================================================
Received Import Request.
  Time since last request: 0.003093 seconds.
  path: Assets/SEC_CAM/RenderTexture/SEC_cam.renderTexture
  artifactKey: Guid(ca7dedf911a36b646931c482f37c9453) Importer(815301076,1909f56bfc062723c751e8b465ee728b)
Start importing Assets/SEC_CAM/RenderTexture/SEC_cam.renderTexture using Guid(ca7dedf911a36b646931c482f37c9453) Importer(815301076,1909f56bfc062723c751e8b465ee728b) (PreviewImporter) -> (artifact id: 'e5f8b2633da88692b7d264b20e1155cf') in 0.0585698 seconds
Number of updated asset objects reloaded before import = 0Number of asset objects unloaded after import = 2

========================================================================
Received Import Request.
  Time since last request: 2.084797 seconds.
  path: Assets/SEC_CAM/Scripts
  artifactKey: Guid(cdb4f092df48dbc4a87fb8e17baa2f11) Importer(815301076,1909f56bfc062723c751e8b465ee728b)
Start importing Assets/SEC_CAM/Scripts using Guid(cdb4f092df48dbc4a87fb8e17baa2f11) Importer(815301076,1909f56bfc062723c751e8b465ee728b) (PreviewImporter) -> (artifact id: '9655d1d44130422ac973882b45dbab03') in 0.0006904 seconds
Number of updated asset objects reloaded before import = 0Number of asset objects unloaded after import = 0

========================================================================
Received Import Request.
  Time since last request: 1.321891 seconds.
  path: Assets/SEC_CAM/texture
  artifactKey: Guid(30893509b628e0344a5783e776fb63dd) Importer(815301076,1909f56bfc062723c751e8b465ee728b)
Start importing Assets/SEC_CAM/texture using Guid(30893509b628e0344a5783e776fb63dd) Importer(815301076,1909f56bfc062723c751e8b465ee728b) (PreviewImporter) -> (artifact id: '8a8c17ac05b9d80df21c2b5233127993') in 0.0006662 seconds
Number of updated asset objects reloaded before import = 0Number of asset objects unloaded after import = 0

========================================================================
Received Import Request.
  Time since last request: 1.116907 seconds.
  path: Assets/SEC_CAM/texture/SecurityCamera_ch1.png
  artifactKey: Guid(00dce6b444c9991458de8f842ddb89d7) Importer(815301076,1909f56bfc062723c751e8b465ee728b)
Start importing Assets/SEC_CAM/texture/SecurityCamera_ch1.png using Guid(00dce6b444c9991458de8f842ddb89d7) Importer(815301076,1909f56bfc062723c751e8b465ee728b) (PreviewImporter) -> (artifact id: 'fb7cb59ca3dd1a3fe0afcab24e97fbea') in 0.0311559 seconds
Number of updated asset objects reloaded before import = 0Number of asset objects unloaded after import = 2

========================================================================
Received Import Request.
  Time since last request: 1.536642 seconds.
  path: Assets/SEC_CAM/UI
  artifactKey: Guid(9ea39262db66fbd4889400ebe6b2d1b4) Importer(815301076,1909f56bfc062723c751e8b465ee728b)
Start importing Assets/SEC_CAM/UI using Guid(9ea39262db66fbd4889400ebe6b2d1b4) Importer(815301076,1909f56bfc062723c751e8b465ee728b) (PreviewImporter) -> (artifact id: '1d25a3f13fee0fc5a235aeef540c5673') in 0.0010662 seconds
Number of updated asset objects reloaded before import = 0Number of asset objects unloaded after import = 0

========================================================================
Received Import Request.
  Time since last request: 0.000029 seconds.
  path: Assets/SEC_CAM/UI/0167.png
  artifactKey: Guid(b9061a5dd9ebf1c40949260a5c17d3ed) Importer(815301076,1909f56bfc062723c751e8b465ee728b)
Start importing Assets/SEC_CAM/UI/0167.png using Guid(b9061a5dd9ebf1c40949260a5c17d3ed) Importer(815301076,1909f56bfc062723c751e8b465ee728b) (PreviewImporter) -> (artifact id: '921b79c332672433ab98c70baaa6f552') in 0.0336557 seconds
Number of updated asset objects reloaded before import = 0Number of asset objects unloaded after import = 3

========================================================================
Received Prepare
Begin MonoManager ReloadAssembly
- Loaded All Assemblies, in  1.793 seconds
'Packages/com.unity.xr.openxr/Runtime/OpenXRLoader.cs' contains partial class of Unity.Object, exactly 1 of the partial classes needs to be in a file with the same filename. This is to know the one that can be referenced from ie. GameObjects
'Packages/com.unity.xr.openxr/Runtime/OpenXRLoaderInternal.cs' contains partial class of Unity.Object, exactly 1 of the partial classes needs to be in a file with the same filename. This is to know the one that can be referenced from ie. GameObjects
Refreshing native plugins compatible for Editor in 13.09 ms, found 9 plugins.
Native extension for Android target not found
Native extension for WindowsStandalone target not found
[Package Manager] Failed to launch server process. Reason: Unity was launched with the -noUpm command-line argument
[Package Manager] Unable to send message (not connected to server process).
[Package Manager] Cannot connect to Unity Package Manager local server
System.NullReferenceException: Object reference not set to an instance of an object
  at UnityEditor.XR.Interaction.Toolkit.Analytics.XRIAnalytics..cctor () [0x00000] in .\Library\PackageCache\com.unity.xr.interaction.toolkit@9b07900cb163\Editor\Analytics\XRIAnalytics.cs:32 
UnityEngine.Debug:ExtractStackTraceNoAlloc (byte*,int,string)
UnityEngine.StackTraceUtility:ExtractStackTrace ()
UnityEngine.DebugLogHandler:Internal_Log (UnityEngine.LogType,UnityEngine.LogOption,string,UnityEngine.Object)
UnityEngine.DebugLogHandler:LogFormat (UnityEngine.LogType,UnityEngine.Object,string,object[])
UnityEngine.Logger:Log (UnityEngine.LogType,object)
UnityEngine.Debug:LogError (object)
UnityEditor.EditorAssemblies:ProcessInitializeOnLoadAttributes (System.Type[])

[Package Manager] Failed to launch server process. Reason: Unity was launched with the -noUpm command-line argument
[Package Manager] Unable to send message (not connected to server process).
[Package Manager] Cannot connect to Unity Package Manager local server
Failed to get package versions: Cannot connect to Unity Package Manager local server
UnityEngine.Debug:ExtractStackTraceNoAlloc (byte*,int,string)
UnityEngine.StackTraceUtility:ExtractStackTrace ()
UnityEngine.DebugLogHandler:Internal_Log (UnityEngine.LogType,UnityEngine.LogOption,string,UnityEngine.Object)
UnityEngine.DebugLogHandler:LogFormat (UnityEngine.LogType,UnityEngine.Object,string,object[])
UnityEngine.Logger:Log (UnityEngine.LogType,object)
UnityEngine.Debug:LogWarning (object)
Unity.XR.CoreUtils.Editor.PackageVersionUtility:UpdatePackageVersions () (at ./Library/PackageCache/com.unity.xr.core-utils@5b282bc7378d/Editor/ProjectValidation/PackageVersionUtility.cs:59)
Unity.XR.CoreUtils.Editor.PackageVersionUtility:GetPackageVersion (string) (at ./Library/PackageCache/com.unity.xr.core-utils@5b282bc7378d/Editor/ProjectValidation/PackageVersionUtility.cs:77)
UnityEditor.XR.Interaction.Toolkit.Samples.Hands.Editor.HandsSampleProjectValidation:.cctor () (at Assets/Samples/XR Interaction Toolkit/3.1.1/Hands Interaction Demo/Editor/Scripts/HandsSampleProjectValidation.cs:34)
System.Reflection.RuntimeMethodInfo:Invoke (object,System.Reflection.BindingFlags,System.Reflection.Binder,object[],System.Globalization.CultureInfo)
System.Reflection.MethodBase:Invoke (object,object[])
UnityEditor.EditorAssemblies:ProcessInitializeOnLoadMethodAttributes ()

(Filename: ./Library/PackageCache/com.unity.xr.core-utils@5b282bc7378d/Editor/ProjectValidation/PackageVersionUtility.cs Line: 59)

Mono: successfully reloaded assembly
[Package Manager] Failed to launch server process. Reason: Unity was launched with the -noUpm command-line argument
[Package Manager] Unable to send message (not connected to server process).
[Package Manager] Cannot connect to Unity Package Manager local server
- Finished resetting the current domain, in  1.472 seconds
Domain Reload Profiling: 3262ms
	BeginReloadAssembly (337ms)
		ExecutionOrderSort (0ms)
		DisableScriptedObjects (28ms)
		BackupInstance (0ms)
		ReleaseScriptingObjects (0ms)
		CreateAndSetChildDomain (91ms)
	RebuildCommonClasses (59ms)
	RebuildNativeTypeToScriptingClass (20ms)
	initialDomainReloadingComplete (45ms)
	LoadAllAssembliesAndSetupDomain (1327ms)
		LoadAssemblies (1012ms)
		RebuildTransferFunctionScriptingTraits (0ms)
		AnalyzeDomain (467ms)
			TypeCache.Refresh (19ms)
				TypeCache.ScanAssembly (0ms)
			BuildScriptInfoCaches (426ms)
			ResolveRequiredComponents (16ms)
	FinalizeReload (1473ms)
		ReleaseScriptCaches (0ms)
		RebuildScriptCaches (0ms)
		SetupLoadedEditorAssemblies (1133ms)
			LogAssemblyErrors (0ms)
			InitializePlatformSupportModulesInManaged (20ms)
			SetLoadedEditorAssemblies (11ms)
			BeforeProcessingInitializeOnLoad (200ms)
			ProcessInitializeOnLoadAttributes (684ms)
			ProcessInitializeOnLoadMethodAttributes (203ms)
			AfterProcessingInitializeOnLoad (14ms)
			EditorAssembliesLoaded (1ms)
		ExecutionOrderSort2 (0ms)
		AwakeInstancesAfterBackupRestoration (27ms)
Refreshing native plugins compatible for Editor in 12.16 ms, found 9 plugins.
Preloading 0 native plugins for Editor in 0.00 ms.
Unloading 68 Unused Serialized files (Serialized files now loaded: 0)
Unloading 5715 unused Assets / (8.0 MB). Loaded Objects now: 6580.
Memory consumption went from 198.3 MB to 190.3 MB.
Total: 25.670700 ms (FindLiveObjects: 1.442800 ms CreateObjectMapping: 2.010300 ms MarkObjects: 12.081800 ms  DeleteObjects: 10.132800 ms)

Prepare: number of updated asset objects reloaded= 0
========================================================================
Received Prepare
Begin MonoManager ReloadAssembly
- Loaded All Assemblies, in  1.081 seconds
'Packages/com.unity.xr.openxr/Runtime/OpenXRLoader.cs' contains partial class of Unity.Object, exactly 1 of the partial classes needs to be in a file with the same filename. This is to know the one that can be referenced from ie. GameObjects
'Packages/com.unity.xr.openxr/Runtime/OpenXRLoaderInternal.cs' contains partial class of Unity.Object, exactly 1 of the partial classes needs to be in a file with the same filename. This is to know the one that can be referenced from ie. GameObjects
Refreshing native plugins compatible for Editor in 12.55 ms, found 9 plugins.
Native extension for Android target not found
Native extension for WindowsStandalone target not found
[Package Manager] Failed to launch server process. Reason: Unity was launched with the -noUpm command-line argument
[Package Manager] Unable to send message (not connected to server process).
[Package Manager] Cannot connect to Unity Package Manager local server
System.NullReferenceException: Object reference not set to an instance of an object
  at UnityEditor.XR.Interaction.Toolkit.Analytics.XRIAnalytics..cctor () [0x00000] in .\Library\PackageCache\com.unity.xr.interaction.toolkit@9b07900cb163\Editor\Analytics\XRIAnalytics.cs:32 
UnityEngine.Debug:ExtractStackTraceNoAlloc (byte*,int,string)
UnityEngine.StackTraceUtility:ExtractStackTrace ()
UnityEngine.DebugLogHandler:Internal_Log (UnityEngine.LogType,UnityEngine.LogOption,string,UnityEngine.Object)
UnityEngine.DebugLogHandler:LogFormat (UnityEngine.LogType,UnityEngine.Object,string,object[])
UnityEngine.Logger:Log (UnityEngine.LogType,object)
UnityEngine.Debug:LogError (object)
UnityEditor.EditorAssemblies:ProcessInitializeOnLoadAttributes (System.Type[])

[Package Manager] Failed to launch server process. Reason: Unity was launched with the -noUpm command-line argument
[Package Manager] Unable to send message (not connected to server process).
[Package Manager] Cannot connect to Unity Package Manager local server
Failed to get package versions: Cannot connect to Unity Package Manager local server
UnityEngine.Debug:ExtractStackTraceNoAlloc (byte*,int,string)
UnityEngine.StackTraceUtility:ExtractStackTrace ()
UnityEngine.DebugLogHandler:Internal_Log (UnityEngine.LogType,UnityEngine.LogOption,string,UnityEngine.Object)
UnityEngine.DebugLogHandler:LogFormat (UnityEngine.LogType,UnityEngine.Object,string,object[])
UnityEngine.Logger:Log (UnityEngine.LogType,object)
UnityEngine.Debug:LogWarning (object)
Unity.XR.CoreUtils.Editor.PackageVersionUtility:UpdatePackageVersions () (at ./Library/PackageCache/com.unity.xr.core-utils@5b282bc7378d/Editor/ProjectValidation/PackageVersionUtility.cs:59)
Unity.XR.CoreUtils.Editor.PackageVersionUtility:GetPackageVersion (string) (at ./Library/PackageCache/com.unity.xr.core-utils@5b282bc7378d/Editor/ProjectValidation/PackageVersionUtility.cs:77)
UnityEditor.XR.Interaction.Toolkit.Samples.Hands.Editor.HandsSampleProjectValidation:.cctor () (at Assets/Samples/XR Interaction Toolkit/3.1.1/Hands Interaction Demo/Editor/Scripts/HandsSampleProjectValidation.cs:34)
System.Reflection.RuntimeMethodInfo:Invoke (object,System.Reflection.BindingFlags,System.Reflection.Binder,object[],System.Globalization.CultureInfo)
System.Reflection.MethodBase:Invoke (object,object[])
UnityEditor.EditorAssemblies:ProcessInitializeOnLoadMethodAttributes ()

(Filename: ./Library/PackageCache/com.unity.xr.core-utils@5b282bc7378d/Editor/ProjectValidation/PackageVersionUtility.cs Line: 59)

Mono: successfully reloaded assembly
[Package Manager] Failed to launch server process. Reason: Unity was launched with the -noUpm command-line argument
[Package Manager] Unable to send message (not connected to server process).
[Package Manager] Cannot connect to Unity Package Manager local server
- Finished resetting the current domain, in  1.282 seconds
Domain Reload Profiling: 2360ms
	BeginReloadAssembly (305ms)
		ExecutionOrderSort (0ms)
		DisableScriptedObjects (8ms)
		BackupInstance (0ms)
		ReleaseScriptingObjects (0ms)
		CreateAndSetChildDomain (79ms)
	RebuildCommonClasses (60ms)
	RebuildNativeTypeToScriptingClass (22ms)
	initialDomainReloadingComplete (45ms)
	LoadAllAssembliesAndSetupDomain (644ms)
		LoadAssemblies (495ms)
		RebuildTransferFunctionScriptingTraits (0ms)
		AnalyzeDomain (300ms)
			TypeCache.Refresh (9ms)
				TypeCache.ScanAssembly (0ms)
			BuildScriptInfoCaches (260ms)
			ResolveRequiredComponents (27ms)
	FinalizeReload (1283ms)
		ReleaseScriptCaches (0ms)
		RebuildScriptCaches (0ms)
		SetupLoadedEditorAssemblies (989ms)
			LogAssemblyErrors (0ms)
			InitializePlatformSupportModulesInManaged (16ms)
			SetLoadedEditorAssemblies (7ms)
			BeforeProcessingInitializeOnLoad (187ms)
			ProcessInitializeOnLoadAttributes (617ms)
			ProcessInitializeOnLoadMethodAttributes (152ms)
			AfterProcessingInitializeOnLoad (9ms)
			EditorAssembliesLoaded (0ms)
		ExecutionOrderSort2 (0ms)
		AwakeInstancesAfterBackupRestoration (16ms)
Refreshing native plugins compatible for Editor in 14.42 ms, found 9 plugins.
Preloading 0 native plugins for Editor in 0.00 ms.
Unloading 68 Unused Serialized files (Serialized files now loaded: 0)
Unloading 5715 unused Assets / (7.9 MB). Loaded Objects now: 6583.
Memory consumption went from 198.1 MB to 190.2 MB.
Total: 18.913800 ms (FindLiveObjects: 1.542800 ms CreateObjectMapping: 1.480000 ms MarkObjects: 8.864900 ms  DeleteObjects: 7.023600 ms)

Prepare: number of updated asset objects reloaded= 0
========================================================================
Received Prepare
Begin MonoManager ReloadAssembly
- Loaded All Assemblies, in  1.958 seconds
'Packages/com.unity.xr.openxr/Runtime/OpenXRLoader.cs' contains partial class of Unity.Object, exactly 1 of the partial classes needs to be in a file with the same filename. This is to know the one that can be referenced from ie. GameObjects
'Packages/com.unity.xr.openxr/Runtime/OpenXRLoaderInternal.cs' contains partial class of Unity.Object, exactly 1 of the partial classes needs to be in a file with the same filename. This is to know the one that can be referenced from ie. GameObjects
Refreshing native plugins compatible for Editor in 12.92 ms, found 9 plugins.
Native extension for Android target not found
Native extension for WindowsStandalone target not found
[Package Manager] Failed to launch server process. Reason: Unity was launched with the -noUpm command-line argument
[Package Manager] Unable to send message (not connected to server process).
[Package Manager] Cannot connect to Unity Package Manager local server
System.NullReferenceException: Object reference not set to an instance of an object
  at UnityEditor.XR.Interaction.Toolkit.Analytics.XRIAnalytics..cctor () [0x00000] in .\Library\PackageCache\com.unity.xr.interaction.toolkit@9b07900cb163\Editor\Analytics\XRIAnalytics.cs:32 
UnityEngine.Debug:ExtractStackTraceNoAlloc (byte*,int,string)
UnityEngine.StackTraceUtility:ExtractStackTrace ()
UnityEngine.DebugLogHandler:Internal_Log (UnityEngine.LogType,UnityEngine.LogOption,string,UnityEngine.Object)
UnityEngine.DebugLogHandler:LogFormat (UnityEngine.LogType,UnityEngine.Object,string,object[])
UnityEngine.Logger:Log (UnityEngine.LogType,object)
UnityEngine.Debug:LogError (object)
UnityEditor.EditorAssemblies:ProcessInitializeOnLoadAttributes (System.Type[])

[Package Manager] Failed to launch server process. Reason: Unity was launched with the -noUpm command-line argument
[Package Manager] Unable to send message (not connected to server process).
[Package Manager] Cannot connect to Unity Package Manager local server
Failed to get package versions: Cannot connect to Unity Package Manager local server
UnityEngine.Debug:ExtractStackTraceNoAlloc (byte*,int,string)
UnityEngine.StackTraceUtility:ExtractStackTrace ()
UnityEngine.DebugLogHandler:Internal_Log (UnityEngine.LogType,UnityEngine.LogOption,string,UnityEngine.Object)
UnityEngine.DebugLogHandler:LogFormat (UnityEngine.LogType,UnityEngine.Object,string,object[])
UnityEngine.Logger:Log (UnityEngine.LogType,object)
UnityEngine.Debug:LogWarning (object)
Unity.XR.CoreUtils.Editor.PackageVersionUtility:UpdatePackageVersions () (at ./Library/PackageCache/com.unity.xr.core-utils@5b282bc7378d/Editor/ProjectValidation/PackageVersionUtility.cs:59)
Unity.XR.CoreUtils.Editor.PackageVersionUtility:GetPackageVersion (string) (at ./Library/PackageCache/com.unity.xr.core-utils@5b282bc7378d/Editor/ProjectValidation/PackageVersionUtility.cs:77)
UnityEditor.XR.Interaction.Toolkit.Samples.Hands.Editor.HandsSampleProjectValidation:.cctor () (at Assets/Samples/XR Interaction Toolkit/3.1.1/Hands Interaction Demo/Editor/Scripts/HandsSampleProjectValidation.cs:34)
System.Reflection.RuntimeMethodInfo:Invoke (object,System.Reflection.BindingFlags,System.Reflection.Binder,object[],System.Globalization.CultureInfo)
System.Reflection.MethodBase:Invoke (object,object[])
UnityEditor.EditorAssemblies:ProcessInitializeOnLoadMethodAttributes ()

(Filename: ./Library/PackageCache/com.unity.xr.core-utils@5b282bc7378d/Editor/ProjectValidation/PackageVersionUtility.cs Line: 59)

Mono: successfully reloaded assembly
[Package Manager] Failed to launch server process. Reason: Unity was launched with the -noUpm command-line argument
[Package Manager] Unable to send message (not connected to server process).
[Package Manager] Cannot connect to Unity Package Manager local server
- Finished resetting the current domain, in  2.253 seconds
Domain Reload Profiling: 4202ms
	BeginReloadAssembly (433ms)
		ExecutionOrderSort (0ms)
		DisableScriptedObjects (11ms)
		BackupInstance (0ms)
		ReleaseScriptingObjects (0ms)
		CreateAndSetChildDomain (93ms)
	RebuildCommonClasses (127ms)
	RebuildNativeTypeToScriptingClass (38ms)
	initialDomainReloadingComplete (104ms)
	LoadAllAssembliesAndSetupDomain (1247ms)
		LoadAssemblies (855ms)
		RebuildTransferFunctionScriptingTraits (0ms)
		AnalyzeDomain (646ms)
			TypeCache.Refresh (12ms)
				TypeCache.ScanAssembly (0ms)
			BuildScriptInfoCaches (602ms)
			ResolveRequiredComponents (26ms)
	FinalizeReload (2254ms)
		ReleaseScriptCaches (0ms)
		RebuildScriptCaches (0ms)
		SetupLoadedEditorAssemblies (1812ms)
			LogAssemblyErrors (0ms)
			InitializePlatformSupportModulesInManaged (21ms)
			SetLoadedEditorAssemblies (10ms)
			BeforeProcessingInitializeOnLoad (224ms)
			ProcessInitializeOnLoadAttributes (1323ms)
			ProcessInitializeOnLoadMethodAttributes (220ms)
			AfterProcessingInitializeOnLoad (13ms)
			EditorAssembliesLoaded (1ms)
		ExecutionOrderSort2 (0ms)
		AwakeInstancesAfterBackupRestoration (27ms)
Refreshing native plugins compatible for Editor in 16.24 ms, found 9 plugins.
Preloading 0 native plugins for Editor in 0.00 ms.
Unloading 68 Unused Serialized files (Serialized files now loaded: 0)
Unloading 5715 unused Assets / (7.3 MB). Loaded Objects now: 6586.
Memory consumption went from 198.1 MB to 190.8 MB.
Total: 29.028800 ms (FindLiveObjects: 3.583700 ms CreateObjectMapping: 3.031400 ms MarkObjects: 13.742500 ms  DeleteObjects: 8.668700 ms)

Prepare: number of updated asset objects reloaded= 0
========================================================================
Received Prepare
Begin MonoManager ReloadAssembly
- Loaded All Assemblies, in  1.351 seconds
'Packages/com.unity.xr.openxr/Runtime/OpenXRLoader.cs' contains partial class of Unity.Object, exactly 1 of the partial classes needs to be in a file with the same filename. This is to know the one that can be referenced from ie. GameObjects
'Packages/com.unity.xr.openxr/Runtime/OpenXRLoaderInternal.cs' contains partial class of Unity.Object, exactly 1 of the partial classes needs to be in a file with the same filename. This is to know the one that can be referenced from ie. GameObjects
Refreshing native plugins compatible for Editor in 11.17 ms, found 9 plugins.
Native extension for Android target not found
Native extension for WindowsStandalone target not found
[Package Manager] Failed to launch server process. Reason: Unity was launched with the -noUpm command-line argument
[Package Manager] Unable to send message (not connected to server process).
[Package Manager] Cannot connect to Unity Package Manager local server
System.NullReferenceException: Object reference not set to an instance of an object
  at UnityEditor.XR.Interaction.Toolkit.Analytics.XRIAnalytics..cctor () [0x00000] in .\Library\PackageCache\com.unity.xr.interaction.toolkit@9b07900cb163\Editor\Analytics\XRIAnalytics.cs:32 
UnityEngine.Debug:ExtractStackTraceNoAlloc (byte*,int,string)
UnityEngine.StackTraceUtility:ExtractStackTrace ()
UnityEngine.DebugLogHandler:Internal_Log (UnityEngine.LogType,UnityEngine.LogOption,string,UnityEngine.Object)
UnityEngine.DebugLogHandler:LogFormat (UnityEngine.LogType,UnityEngine.Object,string,object[])
UnityEngine.Logger:Log (UnityEngine.LogType,object)
UnityEngine.Debug:LogError (object)
UnityEditor.EditorAssemblies:ProcessInitializeOnLoadAttributes (System.Type[])

[Package Manager] Failed to launch server process. Reason: Unity was launched with the -noUpm command-line argument
[Package Manager] Unable to send message (not connected to server process).
[Package Manager] Cannot connect to Unity Package Manager local server
Failed to get package versions: Cannot connect to Unity Package Manager local server
UnityEngine.Debug:ExtractStackTraceNoAlloc (byte*,int,string)
UnityEngine.StackTraceUtility:ExtractStackTrace ()
UnityEngine.DebugLogHandler:Internal_Log (UnityEngine.LogType,UnityEngine.LogOption,string,UnityEngine.Object)
UnityEngine.DebugLogHandler:LogFormat (UnityEngine.LogType,UnityEngine.Object,string,object[])
UnityEngine.Logger:Log (UnityEngine.LogType,object)
UnityEngine.Debug:LogWarning (object)
Unity.XR.CoreUtils.Editor.PackageVersionUtility:UpdatePackageVersions () (at ./Library/PackageCache/com.unity.xr.core-utils@5b282bc7378d/Editor/ProjectValidation/PackageVersionUtility.cs:59)
Unity.XR.CoreUtils.Editor.PackageVersionUtility:GetPackageVersion (string) (at ./Library/PackageCache/com.unity.xr.core-utils@5b282bc7378d/Editor/ProjectValidation/PackageVersionUtility.cs:77)
UnityEditor.XR.Interaction.Toolkit.Samples.Hands.Editor.HandsSampleProjectValidation:.cctor () (at Assets/Samples/XR Interaction Toolkit/3.1.1/Hands Interaction Demo/Editor/Scripts/HandsSampleProjectValidation.cs:34)
System.Reflection.RuntimeMethodInfo:Invoke (object,System.Reflection.BindingFlags,System.Reflection.Binder,object[],System.Globalization.CultureInfo)
System.Reflection.MethodBase:Invoke (object,object[])
UnityEditor.EditorAssemblies:ProcessInitializeOnLoadMethodAttributes ()

(Filename: ./Library/PackageCache/com.unity.xr.core-utils@5b282bc7378d/Editor/ProjectValidation/PackageVersionUtility.cs Line: 59)

Mono: successfully reloaded assembly
[Package Manager] Failed to launch server process. Reason: Unity was launched with the -noUpm command-line argument
[Package Manager] Unable to send message (not connected to server process).
[Package Manager] Cannot connect to Unity Package Manager local server
- Finished resetting the current domain, in  1.581 seconds
Domain Reload Profiling: 2928ms
	BeginReloadAssembly (410ms)
		ExecutionOrderSort (0ms)
		DisableScriptedObjects (8ms)
		BackupInstance (0ms)
		ReleaseScriptingObjects (0ms)
		CreateAndSetChildDomain (104ms)
	RebuildCommonClasses (78ms)
	RebuildNativeTypeToScriptingClass (23ms)
	initialDomainReloadingComplete (52ms)
	LoadAllAssembliesAndSetupDomain (784ms)
		LoadAssemblies (642ms)
		RebuildTransferFunctionScriptingTraits (0ms)
		AnalyzeDomain (357ms)
			TypeCache.Refresh (12ms)
				TypeCache.ScanAssembly (0ms)
			BuildScriptInfoCaches (318ms)
			ResolveRequiredComponents (21ms)
	FinalizeReload (1582ms)
		ReleaseScriptCaches (0ms)
		RebuildScriptCaches (0ms)
		SetupLoadedEditorAssemblies (1221ms)
			LogAssemblyErrors (0ms)
			InitializePlatformSupportModulesInManaged (20ms)
			SetLoadedEditorAssemblies (9ms)
			BeforeProcessingInitializeOnLoad (226ms)
			ProcessInitializeOnLoadAttributes (748ms)
			ProcessInitializeOnLoadMethodAttributes (207ms)
			AfterProcessingInitializeOnLoad (10ms)
			EditorAssembliesLoaded (0ms)
		ExecutionOrderSort2 (0ms)
		AwakeInstancesAfterBackupRestoration (25ms)
Refreshing native plugins compatible for Editor in 32.08 ms, found 9 plugins.
Preloading 0 native plugins for Editor in 0.00 ms.
Unloading 68 Unused Serialized files (Serialized files now loaded: 0)
Unloading 5715 unused Assets / (8.5 MB). Loaded Objects now: 6589.
Memory consumption went from 221.4 MB to 213.0 MB.
Total: 37.222500 ms (FindLiveObjects: 1.843000 ms CreateObjectMapping: 3.124000 ms MarkObjects: 16.728300 ms  DeleteObjects: 15.524600 ms)

Prepare: number of updated asset objects reloaded= 0
========================================================================
Received Import Request.
  Time since last request: 65287.669386 seconds.
  path: Assets/SEC_CAM/RenderTexture/serena.obj
  artifactKey: Guid(9dc05f14ae7fa8f45b917ab11298e679) Importer(815301076,1909f56bfc062723c751e8b465ee728b)
Start importing Assets/SEC_CAM/RenderTexture/serena.obj using Guid(9dc05f14ae7fa8f45b917ab11298e679) Importer(815301076,1909f56bfc062723c751e8b465ee728b) (PreviewImporter) -> (artifact id: '114f47b03daa0edcace2b0b985fbf957') in 1.913468 seconds
Number of updated asset objects reloaded before import = 0Number of asset objects unloaded after import = 11

========================================================================
Received Import Request.
  Time since last request: 20.625336 seconds.
  path: Assets/SEC_CAM/RenderTexture/Materials
  artifactKey: Guid(2454ba3d54520b449a6be2c9ce65fb41) Importer(815301076,1909f56bfc062723c751e8b465ee728b)
Start importing Assets/SEC_CAM/RenderTexture/Materials using Guid(2454ba3d54520b449a6be2c9ce65fb41) Importer(815301076,1909f56bfc062723c751e8b465ee728b) (PreviewImporter) -> (artifact id: 'a8c83ab3a4de05749232feb01f64d93c') in 0.0009063 seconds
Number of updated asset objects reloaded before import = 0Number of asset objects unloaded after import = 0

========================================================================
Received Import Request.
  Time since last request: 0.008707 seconds.
  path: Assets/SEC_CAM/RenderTexture/Materials/SEC_cam.mat
  artifactKey: Guid(79292e6d9f876e14aa8e61829896e9bb) Importer(815301076,1909f56bfc062723c751e8b465ee728b)
Start importing Assets/SEC_CAM/RenderTexture/Materials/SEC_cam.mat using Guid(79292e6d9f876e14aa8e61829896e9bb) Importer(815301076,1909f56bfc062723c751e8b465ee728b) (PreviewImporter) -> (artifact id: '1651e0fd9a7ab0919a355daf7def2cb8') in 0.0759374 seconds
Number of updated asset objects reloaded before import = 0Number of asset objects unloaded after import = 2

========================================================================
Received Import Request.
  Time since last request: 30.412617 seconds.
  path: Assets/Scenes
  artifactKey: Guid(0cc1b79de78bc4991892d4d342d7211a) Importer(815301076,1909f56bfc062723c751e8b465ee728b)
Start importing Assets/Scenes using Guid(0cc1b79de78bc4991892d4d342d7211a) Importer(815301076,1909f56bfc062723c751e8b465ee728b) (PreviewImporter) -> (artifact id: '403b9cc59e0ce9e82e53ce02c9102d30') in 0.0010981 seconds
Number of updated asset objects reloaded before import = 0Number of asset objects unloaded after import = 0

========================================================================
Received Import Request.
  Time since last request: 3.622479 seconds.
  path: Assets
  artifactKey: Guid(00000000000000001000000000000000) Importer(815301076,1909f56bfc062723c751e8b465ee728b)
Start importing Assets using Guid(00000000000000001000000000000000) Importer(815301076,1909f56bfc062723c751e8b465ee728b) (PreviewImporter) -> (artifact id: 'c391582d739b6e62a5220f35cbb167ac') in 0.0006073 seconds
Number of updated asset objects reloaded before import = 0Number of asset objects unloaded after import = 0

========================================================================
Received Import Request.
  Time since last request: 5.569851 seconds.
  path: Assets/prehub
  artifactKey: Guid(eac0243f3c31cef44824088cff6f045a) Importer(815301076,1909f56bfc062723c751e8b465ee728b)
Start importing Assets/prehub using Guid(eac0243f3c31cef44824088cff6f045a) Importer(815301076,1909f56bfc062723c751e8b465ee728b) (PreviewImporter) -> (artifact id: '93a295f57ba1366d76f3e5c9eea55e86') in 0.0006593 seconds
Number of updated asset objects reloaded before import = 0Number of asset objects unloaded after import = 0

========================================================================
Received Import Request.
  Time since last request: 9.754361 seconds.
  path: Assets/SEC_CAM/Prehubs/SecurityCamera_ch1.fbx
  artifactKey: Guid(68df30bd05d94b84fb7627ba59b56b66) Importer(815301076,1909f56bfc062723c751e8b465ee728b)
Start importing Assets/SEC_CAM/Prehubs/SecurityCamera_ch1.fbx using Guid(68df30bd05d94b84fb7627ba59b56b66) Importer(815301076,1909f56bfc062723c751e8b465ee728b) (PreviewImporter) -> (artifact id: '57f087f70bc39dd58e866110255cd876') in 0.588376 seconds
Number of updated asset objects reloaded before import = 0Number of asset objects unloaded after import = 44

========================================================================
Received Import Request.
  Time since last request: 6.526938 seconds.
  path: Assets/SEC_CAM/Materials/SecurityCamera_ch1_glare.mat
  artifactKey: Guid(5deadf85a19aa81498e925df83dc2693) Importer(815301076,1909f56bfc062723c751e8b465ee728b)
Start importing Assets/SEC_CAM/Materials/SecurityCamera_ch1_glare.mat using Guid(5deadf85a19aa81498e925df83dc2693) Importer(815301076,1909f56bfc062723c751e8b465ee728b) (PreviewImporter) -> (artifact id: '13ad4e84a62d7c2d4284c1654c21083f') in 0.0829356 seconds
Number of updated asset objects reloaded before import = 0Number of asset objects unloaded after import = 3

========================================================================
Received Import Request.
  Time since last request: 14.243539 seconds.
  path: Assets/SEC_CAM/Materials/serena.mtl
  artifactKey: Guid(ac52cd256b2962d45aefe9641135435b) Importer(815301076,1909f56bfc062723c751e8b465ee728b)
Start importing Assets/SEC_CAM/Materials/serena.mtl using Guid(ac52cd256b2962d45aefe9641135435b) Importer(815301076,1909f56bfc062723c751e8b465ee728b) (PreviewImporter) -> (artifact id: '70c83973ab8b58155434b7227cd0ece7') in 0.0015911 seconds
Number of updated asset objects reloaded before import = 0Number of asset objects unloaded after import = 1

========================================================================
Received Import Request.
  Time since last request: 25.557115 seconds.
  path: Assets/serena_projected1.png
  artifactKey: Guid(06980535146f2fc40b7117ef6492d13d) Importer(815301076,1909f56bfc062723c751e8b465ee728b)
Start importing Assets/serena_projected1.png using Guid(06980535146f2fc40b7117ef6492d13d) Importer(815301076,1909f56bfc062723c751e8b465ee728b) (PreviewImporter) -> (artifact id: '416f1d4847e8497c9a1fb5cbf40be042') in 0.0360582 seconds
Number of updated asset objects reloaded before import = 0Number of asset objects unloaded after import = 2

========================================================================
Received Import Request.
  Time since last request: 6.004292 seconds.
  path: Assets/Samples
  artifactKey: Guid(f17e771607346bb4ea2d7cdc50a90cbf) Importer(815301076,1909f56bfc062723c751e8b465ee728b)
Start importing Assets/Samples using Guid(f17e771607346bb4ea2d7cdc50a90cbf) Importer(815301076,1909f56bfc062723c751e8b465ee728b) (PreviewImporter) -> (artifact id: '2eaa106db50f2a8392324391c5dd3128') in 0.0118355 seconds
Number of updated asset objects reloaded before import = 0Number of asset objects unloaded after import = 0

========================================================================
Received Import Request.
  Time since last request: 53.333376 seconds.
  path: Assets/prehub/serena_projected1.png
  artifactKey: Guid(224f18e210095ba4ab8fd8bd34e83972) Importer(815301076,1909f56bfc062723c751e8b465ee728b)
Start importing Assets/prehub/serena_projected1.png using Guid(224f18e210095ba4ab8fd8bd34e83972) Importer(815301076,1909f56bfc062723c751e8b465ee728b) (PreviewImporter) -> (artifact id: '9aba5158da38389390134b6d4212f5a3') in 0.0167191 seconds
Number of updated asset objects reloaded before import = 0Number of asset objects unloaded after import = 2

========================================================================
Received Import Request.
  Time since last request: 77.206289 seconds.
  path: Assets/prehub/prius.obj
  artifactKey: Guid(31d33ef534f16954aab4298431952a18) Importer(815301076,1909f56bfc062723c751e8b465ee728b)
Start importing Assets/prehub/prius.obj using Guid(31d33ef534f16954aab4298431952a18) Importer(815301076,1909f56bfc062723c751e8b465ee728b) (PreviewImporter) -> (artifact id: 'a1a95cf9a984bbd1d9d923400ed9a398') in 0.035268 seconds
Number of updated asset objects reloaded before import = 0Number of asset objects unloaded after import = 10

========================================================================
Received Import Request.
  Time since last request: 3.446417 seconds.
  path: Assets/prehub/priusTexture.png
  artifactKey: Guid(0a52a590b7a4c1d4c9c879cfc1e90015) Importer(815301076,1909f56bfc062723c751e8b465ee728b)
Start importing Assets/prehub/priusTexture.png using Guid(0a52a590b7a4c1d4c9c879cfc1e90015) Importer(815301076,1909f56bfc062723c751e8b465ee728b) (PreviewImporter) -> (artifact id: '0ec5164d8d057b594293ed63714ae9ef') in 0.0345246 seconds
Number of updated asset objects reloaded before import = 0Number of asset objects unloaded after import = 2

========================================================================
Received Prepare
Begin MonoManager ReloadAssembly
- Loaded All Assemblies, in  4.221 seconds
'Packages/com.unity.xr.openxr/Runtime/OpenXRLoader.cs' contains partial class of Unity.Object, exactly 1 of the partial classes needs to be in a file with the same filename. This is to know the one that can be referenced from ie. GameObjects
'Packages/com.unity.xr.openxr/Runtime/OpenXRLoaderInternal.cs' contains partial class of Unity.Object, exactly 1 of the partial classes needs to be in a file with the same filename. This is to know the one that can be referenced from ie. GameObjects
Refreshing native plugins compatible for Editor in 9.54 ms, found 9 plugins.
Native extension for Android target not found
Native extension for WindowsStandalone target not found
[Package Manager] Failed to launch server process. Reason: Unity was launched with the -noUpm command-line argument
[Package Manager] Unable to send message (not connected to server process).
[Package Manager] Cannot connect to Unity Package Manager local server
System.NullReferenceException: Object reference not set to an instance of an object
  at UnityEditor.XR.Interaction.Toolkit.Analytics.XRIAnalytics..cctor () [0x00000] in .\Library\PackageCache\com.unity.xr.interaction.toolkit@9b07900cb163\Editor\Analytics\XRIAnalytics.cs:32 
UnityEngine.Debug:ExtractStackTraceNoAlloc (byte*,int,string)
UnityEngine.StackTraceUtility:ExtractStackTrace ()
UnityEngine.DebugLogHandler:Internal_Log (UnityEngine.LogType,UnityEngine.LogOption,string,UnityEngine.Object)
UnityEngine.DebugLogHandler:LogFormat (UnityEngine.LogType,UnityEngine.Object,string,object[])
UnityEngine.Logger:Log (UnityEngine.LogType,object)
UnityEngine.Debug:LogError (object)
UnityEditor.EditorAssemblies:ProcessInitializeOnLoadAttributes (System.Type[])

[Package Manager] Failed to launch server process. Reason: Unity was launched with the -noUpm command-line argument
[Package Manager] Unable to send message (not connected to server process).
[Package Manager] Cannot connect to Unity Package Manager local server
Failed to get package versions: Cannot connect to Unity Package Manager local server
UnityEngine.Debug:ExtractStackTraceNoAlloc (byte*,int,string)
UnityEngine.StackTraceUtility:ExtractStackTrace ()
UnityEngine.DebugLogHandler:Internal_Log (UnityEngine.LogType,UnityEngine.LogOption,string,UnityEngine.Object)
UnityEngine.DebugLogHandler:LogFormat (UnityEngine.LogType,UnityEngine.Object,string,object[])
UnityEngine.Logger:Log (UnityEngine.LogType,object)
UnityEngine.Debug:LogWarning (object)
Unity.XR.CoreUtils.Editor.PackageVersionUtility:UpdatePackageVersions () (at ./Library/PackageCache/com.unity.xr.core-utils@5b282bc7378d/Editor/ProjectValidation/PackageVersionUtility.cs:59)
Unity.XR.CoreUtils.Editor.PackageVersionUtility:GetPackageVersion (string) (at ./Library/PackageCache/com.unity.xr.core-utils@5b282bc7378d/Editor/ProjectValidation/PackageVersionUtility.cs:77)
UnityEditor.XR.Interaction.Toolkit.Samples.Hands.Editor.HandsSampleProjectValidation:.cctor () (at Assets/Samples/XR Interaction Toolkit/3.1.1/Hands Interaction Demo/Editor/Scripts/HandsSampleProjectValidation.cs:34)
System.Reflection.RuntimeMethodInfo:Invoke (object,System.Reflection.BindingFlags,System.Reflection.Binder,object[],System.Globalization.CultureInfo)
System.Reflection.MethodBase:Invoke (object,object[])
UnityEditor.EditorAssemblies:ProcessInitializeOnLoadMethodAttributes ()

(Filename: ./Library/PackageCache/com.unity.xr.core-utils@5b282bc7378d/Editor/ProjectValidation/PackageVersionUtility.cs Line: 59)

Mono: successfully reloaded assembly
[Package Manager] Failed to launch server process. Reason: Unity was launched with the -noUpm command-line argument
[Package Manager] Unable to send message (not connected to server process).
[Package Manager] Cannot connect to Unity Package Manager local server
- Finished resetting the current domain, in  1.526 seconds
Domain Reload Profiling: 5749ms
	BeginReloadAssembly (1036ms)
		ExecutionOrderSort (0ms)
		DisableScriptedObjects (42ms)
		BackupInstance (0ms)
		ReleaseScriptingObjects (3ms)
		CreateAndSetChildDomain (509ms)
	RebuildCommonClasses (181ms)
	RebuildNativeTypeToScriptingClass (20ms)
	initialDomainReloadingComplete (55ms)
	LoadAllAssembliesAndSetupDomain (2930ms)
		LoadAssemblies (2812ms)
		RebuildTransferFunctionScriptingTraits (0ms)
		AnalyzeDomain (472ms)
			TypeCache.Refresh (11ms)
				TypeCache.ScanAssembly (0ms)
			BuildScriptInfoCaches (425ms)
			ResolveRequiredComponents (26ms)
	FinalizeReload (1527ms)
		ReleaseScriptCaches (0ms)
		RebuildScriptCaches (0ms)
		SetupLoadedEditorAssemblies (1079ms)
			LogAssemblyErrors (0ms)
			InitializePlatformSupportModulesInManaged (19ms)
			SetLoadedEditorAssemblies (8ms)
			BeforeProcessingInitializeOnLoad (184ms)
			ProcessInitializeOnLoadAttributes (673ms)
			ProcessInitializeOnLoadMethodAttributes (180ms)
			AfterProcessingInitializeOnLoad (14ms)
			EditorAssembliesLoaded (1ms)
		ExecutionOrderSort2 (0ms)
		AwakeInstancesAfterBackupRestoration (23ms)
Refreshing native plugins compatible for Editor in 10.06 ms, found 9 plugins.
Preloading 0 native plugins for Editor in 0.00 ms.
Unloading 68 Unused Serialized files (Serialized files now loaded: 0)
Unloading 5716 unused Assets / (7.9 MB). Loaded Objects now: 6613.
Memory consumption went from 198.4 MB to 190.5 MB.
Total: 14.249800 ms (FindLiveObjects: 0.911500 ms CreateObjectMapping: 0.503200 ms MarkObjects: 7.214400 ms  DeleteObjects: 5.618800 ms)

Prepare: number of updated asset objects reloaded= 0
========================================================================
Received Prepare
Refreshing native plugins compatible for Editor in 31.21 ms, found 9 plugins.
Preloading 0 native plugins for Editor in 0.00 ms.
Unloading 48 Unused Serialized files (Serialized files now loaded: 0)
Unloading 48 unused Assets / (4.7 MB). Loaded Objects now: 6613.
Memory consumption went from 168.0 MB to 163.3 MB.
Total: 13.919500 ms (FindLiveObjects: 0.605100 ms CreateObjectMapping: 0.223700 ms MarkObjects: 9.383900 ms  DeleteObjects: 3.704000 ms)

Prepare: number of updated asset objects reloaded= 161
AssetImportParameters requested are different than current active one (requested -> active):
  buildTarget: platform 13, subtarget 0, extendedPlatform 0 -> platform 19, subtarget 2, extendedPlatform 0
  graphicsApiMask: 2097152 -> 4
========================================================================
Received Prepare
Refreshing native plugins compatible for Editor in 15.18 ms, found 9 plugins.
Preloading 0 native plugins for Editor in 0.00 ms.
Unloading 48 Unused Serialized files (Serialized files now loaded: 0)
Unloading 48 unused Assets / (4.7 MB). Loaded Objects now: 6613.
Memory consumption went from 167.8 MB to 163.1 MB.
Total: 15.098800 ms (FindLiveObjects: 0.700200 ms CreateObjectMapping: 0.278900 ms MarkObjects: 9.544900 ms  DeleteObjects: 4.573000 ms)

Prepare: number of updated asset objects reloaded= 0
AssetImportParameters requested are different than current active one (requested -> active):
  buildTarget: platform 13, subtarget 0, extendedPlatform 0 -> platform 19, subtarget 2, extendedPlatform 0
  graphicsApiMask: 2097152 -> 4
========================================================================
Received Import Request.
  Time since last request: 540.848432 seconds.
  path: Assets/prehub/prius.obj
  artifactKey: Guid(31d33ef534f16954aab4298431952a18) Importer(815301076,1909f56bfc062723c751e8b465ee728b)
Start importing Assets/prehub/prius.obj using Guid(31d33ef534f16954aab4298431952a18) Importer(815301076,1909f56bfc062723c751e8b465ee728b) (PreviewImporter) -> (artifact id: '6a38e4baf8441246490de3185f96c069') in 1.427197 seconds
Number of updated asset objects reloaded before import = 0Number of asset objects unloaded after import = 11

========================================================================
Received Prepare
Begin MonoManager ReloadAssembly
- Loaded All Assemblies, in  3.681 seconds
'Packages/com.unity.xr.openxr/Runtime/OpenXRLoader.cs' contains partial class of Unity.Object, exactly 1 of the partial classes needs to be in a file with the same filename. This is to know the one that can be referenced from ie. GameObjects
'Packages/com.unity.xr.openxr/Runtime/OpenXRLoaderInternal.cs' contains partial class of Unity.Object, exactly 1 of the partial classes needs to be in a file with the same filename. This is to know the one that can be referenced from ie. GameObjects
Refreshing native plugins compatible for Editor in 368.86 ms, found 9 plugins.
The file 'MemoryStream' is corrupted! Remove it and launch unity again!
[Position out of bounds!]
Fatal Error! The file 'MemoryStream' is corrupted! Remove it and launch unity again!
[Position out of bounds!]
Crash!!!
SymInit: Symbol-SearchPath: 'C:/Program Files/Unity/Hub/Editor/6000.0.48f1/Editor/Data/Mono;.;D:\tryro-dev-camera_sim\unity_source\Demo_Parking;D:\tryro-dev-camera_sim\unity_source\Demo_Parking\Library\BurstCache\JIT;C:\Program Files\Unity\Hub\Editor\6000.0.48f1\Editor;C:\Windows;C:\Windows\system32;', symOptions: 534, UserName: 'NISHIMURA TAKESHI'
OS-Version: 10.0.0
C:\Program Files\Unity\Hub\Editor\6000.0.48f1\Editor\Unity.exe:Unity.exe (00007FF689F90000), size: 299008 (result: 0), SymType: '-deferred-', PDB: '', fileVersion: 6000.0.48.3365
C:\Windows\SYSTEM32\ntdll.dll:ntdll.dll (00007FFC35370000), size: 2064384 (result: 0), SymType: '-deferred-', PDB: '', fileVersion: 10.0.19041.5794
C:\Windows\System32\KERNEL32.DLL:KERNEL32.DLL (00007FFC342E0000), size: 794624 (result: 0), SymType: '-deferred-', PDB: '', fileVersion: 10.0.19041.5915
C:\Windows\System32\KERNELBASE.dll:KERNELBASE.dll (00007FFC33090000), size: 3104768 (result: 0), SymType: '-deferred-', PDB: '', fileVersion: 10.0.19041.5915
C:\Windows\System32\USER32.dll:USER32.dll (00007FFC344C0000), size: 1691648 (result: 0), SymType: '-deferred-', PDB: '', fileVersion: 10.0.19041.5737
C:\Windows\System32\win32u.dll:win32u.dll (00007FFC32AB0000), size: 139264 (result: 0), SymType: '-deferred-', PDB: '', fileVersion: 10.0.19041.5965
C:\Windows\System32\GDI32.dll:GDI32.dll (00007FFC33420000), size: 176128 (result: 0), SymType: '-deferred-', PDB: '', fileVersion: 10.0.19041.5737
C:\Windows\System32\gdi32full.dll:gdi32full.dll (00007FFC32C70000), size: 1150976 (result: 0), SymType: '-deferred-', PDB: '', fileVersion: 10.0.19041.5915
C:\Windows\System32\msvcp_win.dll:msvcp_win.dll (00007FFC32F60000), size: 643072 (result: 0), SymType: '-deferred-', PDB: '', fileVersion: 10.0.19041.3636
C:\Windows\System32\ucrtbase.dll:ucrtbase.dll (00007FFC32D90000), size: 1048576 (result: 0), SymType: '-deferred-', PDB: '', fileVersion: 10.0.19041.3636
C:\Windows\System32\IMM32.DLL:IMM32.DLL (00007FFC34660000), size: 192512 (result: 0), SymType: '-deferred-', PDB: '', fileVersion: 10.0.19041.5737
C:\Program Files\Unity\Hub\Editor\6000.0.48f1\Editor\Unity.dll:Unity.dll (00007FFB80E20000), size: 86892544 (result: 0), SymType: '-deferred-', PDB: '', fileVersion: 6000.0.48.3365
C:\Windows\System32\CRYPT32.dll:CRYPT32.dll (00007FFC32B10000), size: 1429504 (result: 0), SymType: '-deferred-', PDB: '', fileVersion: 10.0.19041.5794
C:\Windows\System32\ADVAPI32.dll:ADVAPI32.dll (00007FFC34D10000), size: 724992 (result: 0), SymType: '-deferred-', PDB: '', fileVersion: 10.0.19041.5915
C:\Windows\System32\msvcrt.dll:msvcrt.dll (00007FFC33F80000), size: 647168 (result: 0), SymType: '-deferred-', PDB: '', fileVersion: 7.0.19041.3636
C:\Program Files\Unity\Hub\Editor\6000.0.48f1\Editor\libfbxsdk.dll:libfbxsdk.dll (00007FFB80670000), size: 8019968 (result: 0), SymType: '-deferred-', PDB: '', fileVersion: 2020.3.7.0
C:\Program Files\Unity\Hub\Editor\6000.0.48f1\Editor\etccompress.dll:etccompress.dll (00007FFB80190000), size: 5070848 (result: 0), SymType: '-deferred-', PDB: ''
C:\Program Files\Unity\Hub\Editor\6000.0.48f1\Editor\s3tcompress.dll:s3tcompress.dll (00007FFC17530000), size: 180224 (result: 0), SymType: '-deferred-', PDB: ''
C:\Windows\System32\sechost.dll:sechost.dll (00007FFC35290000), size: 651264 (result: 0), SymType: '-deferred-', PDB: '', fileVersion: 10.0.19041.5915
C:\Program Files\Unity\Hub\Editor\6000.0.48f1\Editor\ispc_texcomp.dll:ispc_texcomp.dll (00007FFBCD520000), size: 1826816 (result: 0), SymType: '-deferred-', PDB: ''
C:\Windows\System32\RPCRT4.dll:RPCRT4.dll (00007FFC34150000), size: 1191936 (result: 0), SymType: '-deferred-', PDB: '', fileVersion: 10.0.19041.5915
C:\Program Files\Unity\Hub\Editor\6000.0.48f1\Editor\FreeImage.dll:FreeImage.dll (0000000180000000), size: 5783552 (result: 0), SymType: '-deferred-', PDB: '', fileVersion: 3.18.0.0
C:\Program Files\Unity\Hub\Editor\6000.0.48f1\Editor\compress_bc7e.dll:compress_bc7e.dll (00007FFBAB2D0000), size: 1433600 (result: 0), SymType: '-deferred-', PDB: ''
C:\Windows\System32\bcrypt.dll:bcrypt.dll (00007FFC32AE0000), size: 159744 (result: 0), SymType: '-deferred-', PDB: '', fileVersion: 10.0.19041.5369
C:\Windows\System32\WS2_32.dll:WS2_32.dll (00007FFC34B70000), size: 438272 (result: 0), SymType: '-deferred-', PDB: '', fileVersion: 10.0.19041.3636
C:\Program Files\Unity\Hub\Editor\6000.0.48f1\Editor\WinPixEventRuntime.dll:WinPixEventRuntime.dll (00007FFC19A50000), size: 53248 (result: 0), SymType: '-deferred-', PDB: '', fileVersion: 1.0.2201.24001
C:\Windows\System32\ole32.dll:ole32.dll (00007FFC33D80000), size: 1224704 (result: 0), SymType: '-deferred-', PDB: '', fileVersion: 10.0.19041.5915
C:\Program Files\Unity\Hub\Editor\6000.0.48f1\Editor\umbraoptimizer64.dll:umbraoptimizer64.dll (00007FFB80060000), size: 1187840 (result: 0), SymType: '-deferred-', PDB: ''
C:\Windows\System32\combase.dll:combase.dll (00007FFC34DD0000), size: 3485696 (result: 0), SymType: '-deferred-', PDB: '', fileVersion: 10.0.19041.5794
C:\Windows\SYSTEM32\MSVCP140.dll:MSVCP140.dll (00007FFC159B0000), size: 577536 (result: 0), SymType: '-deferred-', PDB: '', fileVersion: 14.42.34438.0
C:\Windows\SYSTEM32\VCRUNTIME140.dll:VCRUNTIME140.dll (00007FFC15E10000), size: 122880 (result: 0), SymType: '-deferred-', PDB: '', fileVersion: 14.42.34438.0
C:\Windows\SYSTEM32\VCRUNTIME140_1.dll:VCRUNTIME140_1.dll (00007FFC15A80000), size: 49152 (result: 0), SymType: '-deferred-', PDB: '', fileVersion: 14.42.34438.0
C:\Windows\System32\SETUPAPI.dll:SETUPAPI.dll (00007FFC34690000), size: 4653056 (result: 0), SymType: '-deferred-', PDB: '', fileVersion: 10.0.19041.5794
C:\Windows\System32\cfgmgr32.dll:cfgmgr32.dll (00007FFC32E90000), size: 319488 (result: 0), SymType: '-deferred-', PDB: '', fileVersion: 10.0.19041.3996
C:\Windows\SYSTEM32\d3d11.dll:d3d11.dll (00007FFC305F0000), size: 2506752 (result: 0), SymType: '-deferred-', PDB: '', fileVersion: 10.0.19041.5794
C:\Windows\SYSTEM32\d3d12.dll:d3d12.dll (00007FFBE9060000), size: 151552 (result: 0), SymType: '-deferred-', PDB: '', fileVersion: 10.0.19041.5794
C:\Windows\SYSTEM32\dwmapi.dll:dwmapi.dll (00007FFC302F0000), size: 192512 (result: 0), SymType: '-deferred-', PDB: '', fileVersion: 10.0.19041.5794
C:\Windows\System32\SHELL32.dll:SHELL32.dll (00007FFC33610000), size: 7790592 (result: 0), SymType: '-deferred-', PDB: '', fileVersion: 10.0.19041.5915
C:\Windows\System32\SHLWAPI.dll:SHLWAPI.dll (00007FFC34460000), size: 372736 (result: 0), SymType: '-deferred-', PDB: '', fileVersion: 10.0.19041.5915
C:\Windows\SYSTEM32\HID.DLL:HID.DLL (00007FFC31250000), size: 53248 (result: 0), SymType: '-deferred-', PDB: '', fileVersion: 10.0.19041.3636
C:\Windows\SYSTEM32\dxgi.dll:dxgi.dll (00007FFC31290000), size: 1007616 (result: 0), SymType: '-deferred-', PDB: '', fileVersion: 10.0.19041.5794
C:\Windows\SYSTEM32\IPHLPAPI.DLL:IPHLPAPI.DLL (00007FFC31E20000), size: 241664 (result: 0), SymType: '-deferred-', PDB: '', fileVersion: 10.0.19041.3636
C:\Windows\System32\OLEAUT32.dll:OLEAUT32.dll (00007FFC33EB0000), size: 839680 (result: 0), SymType: '-deferred-', PDB: '', fileVersion: 10.0.19041.3636
C:\Windows\System32\WINTRUST.dll:WINTRUST.dll (00007FFC32EE0000), size: 471040 (result: 0), SymType: '-deferred-', PDB: '', fileVersion: 10.0.19041.5965
C:\Windows\SYSTEM32\OPENGL32.dll:OPENGL32.dll (00007FFB7FF30000), size: 1212416 (result: 0), SymType: '-deferred-', PDB: '', fileVersion: 10.0.19041.5794
C:\Windows\SYSTEM32\kernel.appcore.dll:kernel.appcore.dll (00007FFC30A80000), size: 73728 (result: 0), SymType: '-deferred-', PDB: '', fileVersion: 10.0.19041.3758
C:\Windows\SYSTEM32\WINHTTP.dll:WINHTTP.dll (00007FFC2B110000), size: 1089536 (result: 0), SymType: '-deferred-', PDB: '', fileVersion: 10.0.19041.5794
C:\Windows\SYSTEM32\WINMM.dll:WINMM.dll (00007FFC22790000), size: 159744 (result: 0), SymType: '-deferred-', PDB: '', fileVersion: 10.0.19041.3636
C:\Windows\SYSTEM32\GLU32.dll:GLU32.dll (00007FFBE9030000), size: 180224 (result: 0), SymType: '-deferred-', PDB: '', fileVersion: 10.0.19041.3636
C:\Program Files\Unity\Hub\Editor\6000.0.48f1\Editor\NativeProxyHelper.dll:NativeProxyHelper.dll (00007FFB7F4D0000), size: 1789952 (result: 0), SymType: '-deferred-', PDB: ''
C:\Program Files\Unity\Hub\Editor\6000.0.48f1\Editor\SketchUpAPI.dll:SketchUpAPI.dll (00007FFB7F690000), size: 8990720 (result: 0), SymType: '-deferred-', PDB: '', fileVersion: 23.0.0.0
C:\Windows\SYSTEM32\VERSION.dll:VERSION.dll (00007FFC29F90000), size: 40960 (result: 0), SymType: '-deferred-', PDB: '', fileVersion: 10.0.19041.3636
C:\Windows\SYSTEM32\WSOCK32.dll:WSOCK32.dll (00007FFBC3010000), size: 36864 (result: 0), SymType: '-deferred-', PDB: '', fileVersion: 10.0.19041.1
C:\Program Files\Unity\Hub\Editor\6000.0.48f1\Editor\SketchUpCommonPreferences.dll:SketchUpCommonPreferences.dll (00007FFBD2940000), size: 499712 (result: 0), SymType: '-deferred-', PDB: '', fileVersion: 23.0.0.0
C:\Windows\SYSTEM32\Secur32.dll:Secur32.dll (00007FFC19980000), size: 49152 (result: 0), SymType: '-deferred-', PDB: '', fileVersion: 10.0.19041.3636
C:\Windows\SYSTEM32\SSPICLI.DLL:SSPICLI.DLL (00007FFC328E0000), size: 204800 (result: 0), SymType: '-deferred-', PDB: '', fileVersion: 10.0.19041.5965
C:\Program Files\Unity\Hub\Editor\6000.0.48f1\Editor\OpenRL.dll:OpenRL.dll (000001346BF30000), size: 12779520 (result: 0), SymType: '-deferred-', PDB: '', fileVersion: 1.5.0.2907
C:\Windows\SYSTEM32\MSVCR100.dll:MSVCR100.dll (0000000060730000), size: 860160 (result: 0), SymType: '-deferred-', PDB: '', fileVersion: 10.0.40219.325
C:\Windows\SYSTEM32\MSVCP100.dll:MSVCP100.dll (0000000060690000), size: 622592 (result: 0), SymType: '-deferred-', PDB: '', fileVersion: 10.0.40219.325
C:\Program Files\Unity\Hub\Editor\6000.0.48f1\Editor\embree.dll:embree.dll (00007FFB7E4E0000), size: 16711680 (result: 0), SymType: '-deferred-', PDB: '', fileVersion: 2.14.0.0
C:\Windows\SYSTEM32\MSWSOCK.DLL:MSWSOCK.DLL (00007FFC32190000), size: 434176 (result: 0), SymType: '-deferred-', PDB: '', fileVersion: 10.0.19041.5915
C:\Program Files\Unity\Hub\Editor\6000.0.48f1\Editor\tbb.dll:tbb.dll (00007FFBD2FB0000), size: 303104 (result: 0), SymType: '-deferred-', PDB: '', fileVersion: 2020.3.2022.1111
C:\Program Files\Unity\Hub\Editor\6000.0.48f1\Editor\OpenRL_pthread.dll:OpenRL_pthread.dll (000001346CB80000), size: 61440 (result: 0), SymType: '-deferred-', PDB: '', fileVersion: 2.9.0.0
C:\Windows\SYSTEM32\MSASN1.dll:MSASN1.dll (00007FFC325C0000), size: 73728 (result: 0), SymType: '-deferred-', PDB: '', fileVersion: 10.0.19041.3636
C:\Windows\System32\bcryptprimitives.dll:bcryptprimitives.dll (00007FFC33000000), size: 532480 (result: 0), SymType: '-deferred-', PDB: '', fileVersion: 10.0.19041.5007
C:\Windows\system32\uxtheme.dll:uxtheme.dll (00007FFC2F500000), size: 647168 (result: 0), SymType: '-deferred-', PDB: '', fileVersion: 10.0.19041.5794
C:\Windows\SYSTEM32\windows.storage.dll:windows.storage.dll (00007FFC30AA0000), size: 8011776 (result: 0), SymType: '-deferred-', PDB: '', fileVersion: 10.0.19041.5965
C:\Windows\SYSTEM32\Wldp.dll:Wldp.dll (00007FFC32430000), size: 176128 (result: 0), SymType: '-deferred-', PDB: '', fileVersion: 10.0.19041.5794
C:\Windows\System32\SHCORE.dll:SHCORE.dll (00007FFC343B0000), size: 708608 (result: 0), SymType: '-deferred-', PDB: '', fileVersion: 10.0.19041.5794
C:\Windows\SYSTEM32\profapi.dll:profapi.dll (00007FFC32930000), size: 151552 (result: 0), SymType: '-deferred-', PDB: '', fileVersion: 10.0.19041.5794
C:\Windows\system32\IconCodecService.dll:IconCodecService.dll (00007FFC0EBF0000), size: 36864 (result: 0), SymType: '-deferred-', PDB: '', fileVersion: 10.0.19041.1
C:\Windows\SYSTEM32\WindowsCodecs.dll:WindowsCodecs.dll (00007FFC2F2B0000), size: 1785856 (result: 0), SymType: '-deferred-', PDB: '', fileVersion: 10.0.19041.5794
C:\Windows\System32\clbcatq.dll:clbcatq.dll (00007FFC34BE0000), size: 692224 (result: 0), SymType: '-deferred-', PDB: '', fileVersion: 2001.12.10941.16384
C:\Windows\System32\netprofm.dll:netprofm.dll (00007FFC2EC40000), size: 258048 (result: 0), SymType: '-deferred-', PDB: '', fileVersion: 10.0.19041.4355
C:\Windows\System32\npmproxy.dll:npmproxy.dll (00007FFC2B050000), size: 65536 (result: 0), SymType: '-deferred-', PDB: '', fileVersion: 10.0.19041.4239
C:\Windows\System32\NSI.dll:NSI.dll (00007FFC34B60000), size: 32768 (result: 0), SymType: '-deferred-', PDB: '', fileVersion: 10.0.19041.3636
C:\Windows\SYSTEM32\dhcpcsvc6.DLL:dhcpcsvc6.DLL (00007FFC2CE50000), size: 94208 (result: 0), SymType: '-deferred-', PDB: '', fileVersion: 10.0.19041.3636
C:\Windows\SYSTEM32\dhcpcsvc.DLL:dhcpcsvc.DLL (00007FFC2CE30000), size: 118784 (result: 0), SymType: '-deferred-', PDB: '', fileVersion: 10.0.19041.3636
C:\Windows\SYSTEM32\DNSAPI.dll:DNSAPI.dll (00007FFC31E60000), size: 827392 (result: 0), SymType: '-deferred-', PDB: '', fileVersion: 10.0.19041.5369
C:\Windows\system32\napinsp.dll:napinsp.dll (00007FFC0E2F0000), size: 94208 (result: 0), SymType: '-deferred-', PDB: '', fileVersion: 10.0.19041.3636
C:\Windows\system32\pnrpnsp.dll:pnrpnsp.dll (00007FFC09DA0000), size: 110592 (result: 0), SymType: '-deferred-', PDB: '', fileVersion: 10.0.19041.3636
C:\Windows\system32\wshbth.dll:wshbth.dll (00007FFC2E670000), size: 118784 (result: 0), SymType: '-deferred-', PDB: '', fileVersion: 10.0.19041.5848
C:\Windows\system32\NLAapi.dll:NLAapi.dll (00007FFC2D430000), size: 118784 (result: 0), SymType: '-deferred-', PDB: '', fileVersion: 10.0.19041.4123
C:\Windows\System32\winrnr.dll:winrnr.dll (00007FFC0E400000), size: 73728 (result: 0), SymType: '-deferred-', PDB: '', fileVersion: 10.0.19041.3636
C:\Windows\System32\fwpuclnt.dll:fwpuclnt.dll (00007FFC29290000), size: 524288 (result: 0), SymType: '-deferred-', PDB: '', fileVersion: 10.0.19041.5915
C:\Windows\System32\rasadhlp.dll:rasadhlp.dll (00007FFC2BD80000), size: 40960 (result: 0), SymType: '-deferred-', PDB: '', fileVersion: 10.0.19041.3636
C:\Program Files\Unity\Hub\Editor\6000.0.48f1\Editor\AMDUnityPlugin.DLL:AMDUnityPlugin.DLL (00007FFB7DC70000), size: 8814592 (result: 0), SymType: '-deferred-', PDB: ''
C:\Program Files\Unity\Hub\Editor\6000.0.48f1\Editor\NVUnityPlugin.DLL:NVUnityPlugin.DLL (00007FFB7DAE0000), size: 1609728 (result: 0), SymType: '-deferred-', PDB: ''
C:\Program Files\Unity\Hub\Editor\6000.0.48f1\Editor\Data\Tools\astcenc-avx2.dll:astcenc-avx2.dll (00007FFBCCE60000), size: 364544 (result: 0), SymType: '-deferred-', PDB: ''
C:\Windows\System32\MMDevApi.dll:MMDevApi.dll (00007FFC2CDA0000), size: 544768 (result: 0), SymType: '-deferred-', PDB: '', fileVersion: 10.0.19041.5915
C:\Windows\System32\DEVOBJ.dll:DEVOBJ.dll (00007FFC32790000), size: 208896 (result: 0), SymType: '-deferred-', PDB: '', fileVersion: 10.0.19041.5794
C:\Windows\System32\DriverStore\FileRepository\nv_dispig.inf_amd64_0afec3f2050014a0\nvldumdx.dll:nvldumdx.dll (00007FFC26CE0000), size: 790528 (result: 0), SymType: '-deferred-', PDB: '', fileVersion: 32.0.15.6094
C:\Windows\SYSTEM32\cryptnet.dll:cryptnet.dll (00007FFC29050000), size: 200704 (result: 0), SymType: '-deferred-', PDB: '', fileVersion: 10.0.19041.3636
C:\Windows\SYSTEM32\cryptbase.dll:cryptbase.dll (00007FFC32380000), size: 49152 (result: 0), SymType: '-deferred-', PDB: '', fileVersion: 10.0.19041.3636
C:\Windows\SYSTEM32\drvstore.dll:drvstore.dll (00007FFC293C0000), size: 1339392 (result: 0), SymType: '-deferred-', PDB: '', fileVersion: 10.0.19041.5794
C:\Windows\System32\imagehlp.dll:imagehlp.dll (00007FFC34C90000), size: 118784 (result: 0), SymType: '-deferred-', PDB: '', fileVersion: 10.0.19041.3636
C:\Windows\SYSTEM32\CRYPTSP.dll:CRYPTSP.dll (00007FFC32390000), size: 98304 (result: 0), SymType: '-deferred-', PDB: '', fileVersion: 10.0.19041.5856
C:\Windows\system32\rsaenh.dll:rsaenh.dll (00007FFC31A40000), size: 229376 (result: 0), SymType: '-deferred-', PDB: '', fileVersion: 10.0.19041.5794
C:\Windows\System32\DriverStore\FileRepository\nv_dispig.inf_amd64_0afec3f2050014a0\nvgpucomp64.dll:nvgpucomp64.dll (00007FFC23600000), size: 33480704 (result: 0), SymType: '-deferred-', PDB: '', fileVersion: 32.0.15.6094
C:\Windows\System32\DriverStore\FileRepository\nv_dispig.inf_amd64_0afec3f2050014a0\Display.NvContainer\NvMessageBus.dll:NvMessageBus.dll (00007FFC1CD00000), size: 3506176 (result: 0), SymType: '-deferred-', PDB: '', fileVersion: 3.12.3354.5005
C:\Windows\System32\DriverStore\FileRepository\nv_dispig.inf_amd64_0afec3f2050014a0\nvwgf2umx.dll:nvwgf2umx.dll (00007FFC1D4F0000), size: 68272128 (result: 0), SymType: '-deferred-', PDB: '', fileVersion: 32.0.15.6094
C:\Windows\SYSTEM32\powrprof.dll:powrprof.dll (00007FFC31F90000), size: 307200 (result: 0), SymType: '-deferred-', PDB: '', fileVersion: 10.0.19041.3636
C:\Windows\SYSTEM32\UMPDC.dll:UMPDC.dll (00007FFC31E00000), size: 73728 (result: 0), SymType: '-deferred-', PDB: ''
C:\Windows\system32\nvspcap64.dll:nvspcap64.dll (00007FFBD3180000), size: 2949120 (result: 0), SymType: '-deferred-', PDB: '', fileVersion: 3.28.0.417
C:\Windows\SYSTEM32\ntmarta.dll:ntmarta.dll (00007FFC31C90000), size: 208896 (result: 0), SymType: '-deferred-', PDB: '', fileVersion: 10.0.19041.3636
C:\Windows\SYSTEM32\dxcore.dll:dxcore.dll (00007FFC27880000), size: 241664 (result: 0), SymType: '-deferred-', PDB: '', fileVersion: 10.0.19041.5794
C:\Windows\System32\DriverStore\FileRepository\nv_dispig.inf_amd64_0afec3f2050014a0\nvppex.dll:nvppex.dll (00007FFBFCF50000), size: 1396736 (result: 0), SymType: '-deferred-', PDB: '', fileVersion: 32.0.15.6094
C:\Windows\SYSTEM32\opencl.dll:opencl.dll (00007FFC0C670000), size: 483328 (result: 0), SymType: '-deferred-', PDB: '', fileVersion: 3.0.6.0
C:\Program Files\Unity\Hub\Editor\6000.0.48f1\Editor\radeonrays.dll:radeonrays.dll (00007FFBCCE00000), size: 344064 (result: 0), SymType: '-deferred-', PDB: ''
C:\Program Files\Unity\Hub\Editor\6000.0.48f1\Editor\Data\MonoBleedingEdge\EmbedRuntime\mono-2.0-bdwgc.dll:mono-2.0-bdwgc.dll (00007FFB7D090000), size: 10756096 (result: 0), SymType: '-deferred-', PDB: ''
C:\Windows\SYSTEM32\PROPSYS.dll:PROPSYS.dll (00007FFC2EF80000), size: 999424 (result: 0), SymType: '-deferred-', PDB: '', fileVersion: 7.0.19041.5794
C:\Windows\System32\Windows.FileExplorer.Common.dll:Windows.FileExplorer.Common.dll (00007FFC13BB0000), size: 409600 (result: 0), SymType: '-deferred-', PDB: '', fileVersion: 10.0.19041.5848
C:\Windows\System32\iertutil.dll:iertutil.dll (00007FFC23340000), size: 2879488 (result: 0), SymType: '-deferred-', PDB: '', fileVersion: 11.0.19041.5915
C:\Windows\System32\srvcli.dll:srvcli.dll (00007FFC23310000), size: 163840 (result: 0), SymType: '-deferred-', PDB: '', fileVersion: 10.0.19041.3636
C:\Windows\System32\netutils.dll:netutils.dll (00007FFC31F30000), size: 49152 (result: 0), SymType: '-deferred-', PDB: '', fileVersion: 10.0.19041.3636
C:\Windows\SYSTEM32\edputil.dll:edputil.dll (00007FFC139B0000), size: 147456 (result: 0), SymType: '-deferred-', PDB: '', fileVersion: 10.0.19041.4355
C:\Windows\System32\Windows.StateRepositoryPS.dll:Windows.StateRepositoryPS.dll (00007FFC16B40000), size: 1335296 (result: 0), SymType: '-deferred-', PDB: '', fileVersion: 10.0.19041.5438
C:\Windows\SYSTEM32\urlmon.dll:urlmon.dll (00007FFC21D10000), size: 2031616 (result: 0), SymType: '-deferred-', PDB: '', fileVersion: 11.0.19041.5848
C:\Windows\SYSTEM32\virtdisk.dll:virtdisk.dll (00007FFC0F670000), size: 77824 (result: 0), SymType: '-deferred-', PDB: '', fileVersion: 10.0.19041.3636
C:\Windows\SYSTEM32\FLTLIB.DLL:FLTLIB.DLL (00007FFC139A0000), size: 45056 (result: 0), SymType: '-deferred-', PDB: '', fileVersion: 10.0.19041.3636
C:\Windows\System32\cldapi.dll:cldapi.dll (00007FFC13970000), size: 139264 (result: 0), SymType: '-deferred-', PDB: '', fileVersion: 10.0.19041.3636
C:\Windows\System32\wintypes.dll:wintypes.dll (00007FFC2E6A0000), size: 1404928 (result: 0), SymType: '-deferred-', PDB: '', fileVersion: 10.0.19041.5794
C:\Windows\System32\appresolver.dll:appresolver.dll (00007FFC11E10000), size: 606208 (result: 0), SymType: '-deferred-', PDB: '', fileVersion: 10.0.19041.5794
C:\Windows\System32\Bcp47Langs.dll:Bcp47Langs.dll (00007FFC28410000), size: 372736 (result: 0), SymType: '-deferred-', PDB: '', fileVersion: 10.0.19041.5794
C:\Windows\System32\SLC.dll:SLC.dll (00007FFC31510000), size: 167936 (result: 0), SymType: '-deferred-', PDB: '', fileVersion: 10.0.19041.3636
C:\Windows\System32\USERENV.dll:USERENV.dll (00007FFC328B0000), size: 188416 (result: 0), SymType: '-deferred-', PDB: '', fileVersion: 10.0.19041.5794
C:\Windows\System32\sppc.dll:sppc.dll (00007FFC314E0000), size: 151552 (result: 0), SymType: '-deferred-', PDB: '', fileVersion: 10.0.19041.3636
C:\Windows\System32\OneCoreCommonProxyStub.dll:OneCoreCommonProxyStub.dll (00007FFC19E50000), size: 520192 (result: 0), SymType: '-deferred-', PDB: '', fileVersion: 10.0.19041.4597
C:\Windows\System32\OneCoreUAPCommonProxyStub.dll:OneCoreUAPCommonProxyStub.dll (00007FFC28470000), size: 8208384 (result: 0), SymType: '-deferred-', PDB: '', fileVersion: 10.0.19041.5915
C:\Windows\SYSTEM32\dbghelp.dll:dbghelp.dll (00007FFC300E0000), size: 2101248 (result: 0), SymType: '-deferred-', PDB: '', fileVersion: 10.0.19041.5848

========== OUTPUTTING STACK TRACE ==================

0x00007FFC330CAF29 (KERNELBASE) RaiseException
0x00007FFB829A80C5 (Unity) EditorMonoConsole::LogToConsoleImplementation
0x00007FFB829A8D8A (Unity) EditorMonoConsole::LogToConsoleImplementation
0x00007FFB836330DD (Unity) DebugStringToFilePostprocessedStacktrace
0x00007FFB83632478 (Unity) DebugStringToFile
0x00007FFB81A60D2A (Unity) CachedReader::OutOfBoundsError
0x00007FFB81A61404 (Unity) CachedReader::UpdateReadCache
0x00007FFB81DB5B24 (Unity) Transfer_Blittable_SingleValueField<StreamedBinaryRead,signed char>
0x00007FFB81D056CC (Unity) ExecuteSerializationCommands<JSONRead>
0x00007FFB81D217D8 (Unity) <lambda_580fa16bd23d18c3e466e7b58feca0a1>::operator()
0x00007FFB81D1BB2B (Unity) TransferScriptingObject<StreamedBinaryRead>
0x00007FFB81D1D2A3 (Unity) SerializableManagedRefTransfer::TransferScriptingObjectWithSerializedRefSupport<StreamedBinaryRead>
0x00007FFB81D329D6 (Unity) SerializableManagedRefTransfer::TransferBinaryInstanceOnly
0x00007FFB81D06EFE (Unity) SerializableManagedRefTransfer::RestoreBackupImpl<SerializableManagedRefBackupGenerator>
0x00007FFB81D06D33 (Unity) SerializableManagedRefTransfer::RestoreBackup<SerializableManagedRefBackupGenerator>
0x00007FFB81DE6282 (Unity) SerializableManagedRefsUtilities::RestoreBackups
0x00007FFB81D27BE5 (Unity) MonoManager::FinalizeReload
0x00007FFB83232315 (Unity) ScriptingInitializer::FinalizeReload
0x00007FFB8328199F (Unity) AssetImportWorkerClient::ReloadScriptingDomain
0x00007FFB8325A38C (Unity) <lambda_700e5f610e290760b1289b3fe9de2a62>::operator()
0x00007FFB8333EC3E (Unity) asio::detail::completion_handler<core::mutable_function<void __cdecl(void)>,asio::io_context::basic_executor_type<std::allocator<void>,0> >::do_complete
0x00007FFB8332C4CA (Unity) asio::detail::win_iocp_io_context::do_one
0x00007FFB8332D834 (Unity) asio::detail::win_iocp_io_context::run
0x00007FFB8333D25C (Unity) IOService::Run
0x00007FFB83285A16 (Unity) RunAssetImportWorkerClientV2
0x00007FFB83285ADB (Unity) RunAssetImporterV2
0x00007FFB82AAAA68 (Unity) Application::InitializeProject
0x00007FFB83095E05 (Unity) UnityMain
0x00007FF689F92FBA (Unity) __scrt_common_main_seh
0x00007FFC342F7374 (KERNEL32) BaseThreadInitThunk
0x00007FFC353BCC91 (ntdll) RtlUserThreadStart

========== END OF STACKTRACE ===========

A crash has been intercepted by the crash handler. For call stack and other details, see the latest crash report generated in:
 * C:/Users/NISHIM~1/AppData/Local/Temp/Unity/Editor/Crashes
