Using pre-set license
Built from '6000.0/staging' branch; Version is '6000.0.48f1 (170d2541580d) revision 1510693'; Using compiler version '193933523'; Build Type 'Release'
OS: 'Windows 10  (10.0.19045) 64bit Core' Language: 'ja' Physical Memory: 16331 MB
BatchMode: 1, IsHumanControllingUs: 0, StartBugReporterOnCrash: 0, Is64bit: 1, IsPro: 1

COMMAND LINE ARGUMENTS:
C:\Program Files\Unity\Hub\Editor\6000.0.48f1\Editor\Unity.exe
-adb2
-batchMode
-noUpm
-name
AssetImportWorker1
-projectPath
D:/tryro-dev-camera_sim/unity_source/Demo_Parking
-logFile
Logs/AssetImportWorker1.log
-srvPort
52095
-job-worker-count
5
-background-job-worker-count
8
-gc-helper-count
1
Successfully changed project path to: D:/tryro-dev-camera_sim/unity_source/Demo_Parking
D:/tryro-dev-camera_sim/unity_source/Demo_Parking
[UnityMemory] Configuration Parameters - Can be set up in boot.config
    "memorysetup-bucket-allocator-granularity=16"
    "memorysetup-bucket-allocator-bucket-count=8"
    "memorysetup-bucket-allocator-block-size=33554432"
    "memorysetup-bucket-allocator-block-count=8"
    "memorysetup-main-allocator-block-size=16777216"
    "memorysetup-thread-allocator-block-size=16777216"
    "memorysetup-gfx-main-allocator-block-size=16777216"
    "memorysetup-gfx-thread-allocator-block-size=16777216"
    "memorysetup-cache-allocator-block-size=4194304"
    "memorysetup-typetree-allocator-block-size=2097152"
    "memorysetup-profiler-bucket-allocator-granularity=16"
    "memorysetup-profiler-bucket-allocator-bucket-count=8"
    "memorysetup-profiler-bucket-allocator-block-size=33554432"
    "memorysetup-profiler-bucket-allocator-block-count=8"
    "memorysetup-profiler-allocator-block-size=16777216"
    "memorysetup-profiler-editor-allocator-block-size=1048576"
    "memorysetup-temp-allocator-size-main=16777216"
    "memorysetup-job-temp-allocator-block-size=2097152"
    "memorysetup-job-temp-allocator-block-size-background=1048576"
    "memorysetup-job-temp-allocator-reduction-small-platforms=262144"
    "memorysetup-allocator-temp-initial-block-size-main=262144"
    "memorysetup-allocator-temp-initial-block-size-worker=262144"
    "memorysetup-temp-allocator-size-background-worker=32768"
    "memorysetup-temp-allocator-size-job-worker=262144"
    "memorysetup-temp-allocator-size-preload-manager=33554432"
    "memorysetup-temp-allocator-size-nav-mesh-worker=65536"
    "memorysetup-temp-allocator-size-audio-worker=65536"
    "memorysetup-temp-allocator-size-cloud-worker=32768"
    "memorysetup-temp-allocator-size-gi-baking-worker=262144"
    "memorysetup-temp-allocator-size-gi-baking-worker=262144"
    "memorysetup-temp-allocator-size-gi-baking-worker=262144"
    "memorysetup-temp-allocator-size-gi-baking-worker=262144"
    "memorysetup-temp-allocator-size-gi-baking-worker=262144"
    "memorysetup-temp-allocator-size-gfx=262144"
Player connection [20180]  Target information:

Player connection [20180]  * "[IP] 192.168.10.103 [Port] 0 [Flags] 2 [Guid] 3236644244 [EditorId] 3236644244 [Version] 1048832 [Id] WindowsEditor(7,DESKTOP-JPNJJEO) [Debug] 1 [PackageName] WindowsEditor [ProjectName] Editor" 

Player connection [20180]  * "[IP] 192.168.56.1 [Port] 0 [Flags] 2 [Guid] 3236644244 [EditorId] 3236644244 [Version] 1048832 [Id] WindowsEditor(7,DESKTOP-JPNJJEO) [Debug] 1 [PackageName] WindowsEditor [ProjectName] Editor" 

Player connection [20180] Host joined multi-casting on [225.0.0.222:54997]...
Player connection [20180] Host joined alternative multi-casting on [225.0.0.222:34997]...
JobSystem: Creating JobQueue using job-worker-count value 5
Input System module state changed to: Initialized.
[Physics::Module] Initialized fallback backend.
[Physics::Module] Id: 0xdecafbad
Library Redirect Path: Library/
[Physics::Module] Selected backend.
[Physics::Module] Name: PhysX
[Physics::Module] Id: 0xf2b8ea05
[Physics::Module] SDK Version: 4.1.2
[Physics::Module] Integration Version: 1.0.0
[Physics::Module] Threading Mode: Multi-Threaded
Refreshing native plugins compatible for Editor in 454.33 ms, found 7 plugins.
Preloading 0 native plugins for Editor in 0.00 ms.
Initialize engine version: 6000.0.48f1 (170d2541580d)
[Subsystems] Discovering subsystems at path C:/Program Files/Unity/Hub/Editor/6000.0.48f1/Editor/Data/Resources/UnitySubsystems
[Subsystems] Discovering subsystems at path D:/tryro-dev-camera_sim/unity_source/Demo_Parking/Assets
GfxDevice: creating device client; kGfxThreadingModeNonThreaded
Direct3D:
    Version:  Direct3D 11.0 [level 11.1]
    Renderer: NVIDIA GeForce RTX 2060 (ID=0x1f08)
    Vendor:   NVIDIA
    VRAM:     5954 MB
    Driver:   32.0.15.6094
Initialize mono
Mono path[0] = 'C:/Program Files/Unity/Hub/Editor/6000.0.48f1/Editor/Data/Managed'
Mono path[1] = 'C:/Program Files/Unity/Hub/Editor/6000.0.48f1/Editor/Data/MonoBleedingEdge/lib/mono/unityjit-win32'
Mono config path = 'C:/Program Files/Unity/Hub/Editor/6000.0.48f1/Editor/Data/MonoBleedingEdge/etc'
Using monoOptions --debugger-agent=transport=dt_socket,embedding=1,server=y,suspend=n,address=127.0.0.1:56176
Begin MonoManager ReloadAssembly
Registering precompiled unity dll's ...
Register platform support module: C:/Program Files/Unity/Hub/Editor/6000.0.48f1/Editor/Data/PlaybackEngines/WindowsStandaloneSupport/UnityEditor.WindowsStandalone.Extensions.dll
Register platform support module: C:/Program Files/Unity/Hub/Editor/6000.0.48f1/Editor/Data/PlaybackEngines/AndroidPlayer/UnityEditor.Android.Extensions.dll
Registered in 0.007563 seconds.
- Loaded All Assemblies, in  0.661 seconds
Native extension for Android target not found
Android Extension - Scanning For ADB Devices 396 ms
Native extension for WindowsStandalone target not found
Mono: successfully reloaded assembly
- Finished resetting the current domain, in  0.959 seconds
Domain Reload Profiling: 1615ms
	BeginReloadAssembly (206ms)
		ExecutionOrderSort (0ms)
		DisableScriptedObjects (0ms)
		BackupInstance (0ms)
		ReleaseScriptingObjects (0ms)
		CreateAndSetChildDomain (1ms)
	RebuildCommonClasses (77ms)
	RebuildNativeTypeToScriptingClass (25ms)
	initialDomainReloadingComplete (83ms)
	LoadAllAssembliesAndSetupDomain (264ms)
		LoadAssemblies (199ms)
		RebuildTransferFunctionScriptingTraits (0ms)
		AnalyzeDomain (258ms)
			TypeCache.Refresh (256ms)
				TypeCache.ScanAssembly (237ms)
			BuildScriptInfoCaches (0ms)
			ResolveRequiredComponents (1ms)
	FinalizeReload (959ms)
		ReleaseScriptCaches (0ms)
		RebuildScriptCaches (0ms)
		SetupLoadedEditorAssemblies (880ms)
			LogAssemblyErrors (0ms)
			InitializePlatformSupportModulesInManaged (523ms)
			SetLoadedEditorAssemblies (6ms)
			BeforeProcessingInitializeOnLoad (86ms)
			ProcessInitializeOnLoadAttributes (171ms)
			ProcessInitializeOnLoadMethodAttributes (93ms)
			AfterProcessingInitializeOnLoad (0ms)
			EditorAssembliesLoaded (0ms)
		ExecutionOrderSort2 (0ms)
		AwakeInstancesAfterBackupRestoration (0ms)
========================================================================
Worker process is ready to serve import requests
Import Worker Mode flag is 0x00
Begin MonoManager ReloadAssembly
- Loaded All Assemblies, in  1.729 seconds
'Packages/com.unity.xr.openxr/Runtime/OpenXRLoader.cs' contains partial class of Unity.Object, exactly 1 of the partial classes needs to be in a file with the same filename. This is to know the one that can be referenced from ie. GameObjects
'Packages/com.unity.xr.openxr/Runtime/OpenXRLoaderInternal.cs' contains partial class of Unity.Object, exactly 1 of the partial classes needs to be in a file with the same filename. This is to know the one that can be referenced from ie. GameObjects
Refreshing native plugins compatible for Editor in 615.76 ms, found 7 plugins.
Native extension for Android target not found
Native extension for WindowsStandalone target not found
Package Manager log level set to [2]
[Package Manager] Failed to launch server process. Reason: Unity was launched with the -noUpm command-line argument
[Package Manager] Unable to send message (not connected to server process).
[Package Manager] Cannot connect to Unity Package Manager local server
System.NullReferenceException: Object reference not set to an instance of an object
  at UnityEditor.XR.Interaction.Toolkit.Analytics.XRIAnalytics..cctor () [0x00000] in .\Library\PackageCache\com.unity.xr.interaction.toolkit@9b07900cb163\Editor\Analytics\XRIAnalytics.cs:32 
UnityEngine.Debug:ExtractStackTraceNoAlloc (byte*,int,string)
UnityEngine.StackTraceUtility:ExtractStackTrace ()
UnityEngine.DebugLogHandler:Internal_Log (UnityEngine.LogType,UnityEngine.LogOption,string,UnityEngine.Object)
UnityEngine.DebugLogHandler:LogFormat (UnityEngine.LogType,UnityEngine.Object,string,object[])
UnityEngine.Logger:Log (UnityEngine.LogType,object)
UnityEngine.Debug:LogError (object)
UnityEditor.EditorAssemblies:ProcessInitializeOnLoadAttributes (System.Type[])

[Package Manager] Failed to launch server process. Reason: Unity was launched with the -noUpm command-line argument
[Package Manager] Unable to send message (not connected to server process).
[Package Manager] Cannot connect to Unity Package Manager local server
Failed to get package versions: Cannot connect to Unity Package Manager local server
UnityEngine.Debug:ExtractStackTraceNoAlloc (byte*,int,string)
UnityEngine.StackTraceUtility:ExtractStackTrace ()
UnityEngine.DebugLogHandler:Internal_Log (UnityEngine.LogType,UnityEngine.LogOption,string,UnityEngine.Object)
UnityEngine.DebugLogHandler:LogFormat (UnityEngine.LogType,UnityEngine.Object,string,object[])
UnityEngine.Logger:Log (UnityEngine.LogType,object)
UnityEngine.Debug:LogWarning (object)
Unity.XR.CoreUtils.Editor.PackageVersionUtility:UpdatePackageVersions () (at ./Library/PackageCache/com.unity.xr.core-utils@5b282bc7378d/Editor/ProjectValidation/PackageVersionUtility.cs:59)
Unity.XR.CoreUtils.Editor.PackageVersionUtility:GetPackageVersion (string) (at ./Library/PackageCache/com.unity.xr.core-utils@5b282bc7378d/Editor/ProjectValidation/PackageVersionUtility.cs:77)
UnityEditor.XR.Interaction.Toolkit.Samples.Hands.Editor.HandsSampleProjectValidation:.cctor () (at Assets/Samples/XR Interaction Toolkit/3.1.1/Hands Interaction Demo/Editor/Scripts/HandsSampleProjectValidation.cs:34)
System.Reflection.RuntimeMethodInfo:Invoke (object,System.Reflection.BindingFlags,System.Reflection.Binder,object[],System.Globalization.CultureInfo)
System.Reflection.MethodBase:Invoke (object,object[])
UnityEditor.EditorAssemblies:ProcessInitializeOnLoadMethodAttributes ()

(Filename: ./Library/PackageCache/com.unity.xr.core-utils@5b282bc7378d/Editor/ProjectValidation/PackageVersionUtility.cs Line: 59)

Mono: successfully reloaded assembly
[Package Manager] Failed to launch server process. Reason: Unity was launched with the -noUpm command-line argument
[Package Manager] Unable to send message (not connected to server process).
[Package Manager] Cannot connect to Unity Package Manager local server
[Package Manager] Failed to launch server process. Reason: Unity was launched with the -noUpm command-line argument
[Package Manager] Unable to send message (not connected to server process).
[Package Manager] Cannot connect to Unity Package Manager local server
- Finished resetting the current domain, in  4.507 seconds
Domain Reload Profiling: 6230ms
	BeginReloadAssembly (275ms)
		ExecutionOrderSort (0ms)
		DisableScriptedObjects (8ms)
		BackupInstance (0ms)
		ReleaseScriptingObjects (0ms)
		CreateAndSetChildDomain (40ms)
	RebuildCommonClasses (71ms)
	RebuildNativeTypeToScriptingClass (19ms)
	initialDomainReloadingComplete (68ms)
	LoadAllAssembliesAndSetupDomain (1290ms)
		LoadAssemblies (1066ms)
		RebuildTransferFunctionScriptingTraits (0ms)
		AnalyzeDomain (396ms)
			TypeCache.Refresh (292ms)
				TypeCache.ScanAssembly (270ms)
			BuildScriptInfoCaches (80ms)
			ResolveRequiredComponents (19ms)
	FinalizeReload (4508ms)
		ReleaseScriptCaches (0ms)
		RebuildScriptCaches (0ms)
		SetupLoadedEditorAssemblies (4098ms)
			LogAssemblyErrors (0ms)
			InitializePlatformSupportModulesInManaged (22ms)
			SetLoadedEditorAssemblies (8ms)
			BeforeProcessingInitializeOnLoad (600ms)
			ProcessInitializeOnLoadAttributes (554ms)
			ProcessInitializeOnLoadMethodAttributes (2904ms)
			AfterProcessingInitializeOnLoad (10ms)
			EditorAssembliesLoaded (0ms)
		ExecutionOrderSort2 (0ms)
		AwakeInstancesAfterBackupRestoration (11ms)
Launched and connected shader compiler UnityShaderCompiler.exe after 1.10 seconds
Refreshing native plugins compatible for Editor in 10.87 ms, found 7 plugins.
Preloading 0 native plugins for Editor in 0.00 ms.
Unloading 244 Unused Serialized files (Serialized files now loaded: 0)
Unloading 5328 unused Assets / (8.1 MB). Loaded Objects now: 5996.
Memory consumption went from 163.3 MB to 155.2 MB.
Total: 20.301200 ms (FindLiveObjects: 1.220600 ms CreateObjectMapping: 0.709300 ms MarkObjects: 8.767600 ms  DeleteObjects: 9.601400 ms)

========================================================================
Received Prepare
Begin MonoManager ReloadAssembly
- Loaded All Assemblies, in  9.233 seconds
'Packages/com.unity.xr.openxr/Runtime/OpenXRLoader.cs' contains partial class of Unity.Object, exactly 1 of the partial classes needs to be in a file with the same filename. This is to know the one that can be referenced from ie. GameObjects
'Packages/com.unity.xr.openxr/Runtime/OpenXRLoaderInternal.cs' contains partial class of Unity.Object, exactly 1 of the partial classes needs to be in a file with the same filename. This is to know the one that can be referenced from ie. GameObjects
Refreshing native plugins compatible for Editor in 2056.39 ms, found 9 plugins.
Native extension for Android target not found
Native extension for WindowsStandalone target not found
[Package Manager] Failed to launch server process. Reason: Unity was launched with the -noUpm command-line argument
[Package Manager] Unable to send message (not connected to server process).
[Package Manager] Cannot connect to Unity Package Manager local server
System.NullReferenceException: Object reference not set to an instance of an object
  at UnityEditor.XR.Interaction.Toolkit.Analytics.XRIAnalytics..cctor () [0x00000] in .\Library\PackageCache\com.unity.xr.interaction.toolkit@9b07900cb163\Editor\Analytics\XRIAnalytics.cs:32 
UnityEngine.Debug:ExtractStackTraceNoAlloc (byte*,int,string)
UnityEngine.StackTraceUtility:ExtractStackTrace ()
UnityEngine.DebugLogHandler:Internal_Log (UnityEngine.LogType,UnityEngine.LogOption,string,UnityEngine.Object)
UnityEngine.DebugLogHandler:LogFormat (UnityEngine.LogType,UnityEngine.Object,string,object[])
UnityEngine.Logger:Log (UnityEngine.LogType,object)
UnityEngine.Debug:LogError (object)
UnityEditor.EditorAssemblies:ProcessInitializeOnLoadAttributes (System.Type[])

[Package Manager] Failed to launch server process. Reason: Unity was launched with the -noUpm command-line argument
[Package Manager] Unable to send message (not connected to server process).
[Package Manager] Cannot connect to Unity Package Manager local server
Failed to get package versions: Cannot connect to Unity Package Manager local server
UnityEngine.Debug:ExtractStackTraceNoAlloc (byte*,int,string)
UnityEngine.StackTraceUtility:ExtractStackTrace ()
UnityEngine.DebugLogHandler:Internal_Log (UnityEngine.LogType,UnityEngine.LogOption,string,UnityEngine.Object)
UnityEngine.DebugLogHandler:LogFormat (UnityEngine.LogType,UnityEngine.Object,string,object[])
UnityEngine.Logger:Log (UnityEngine.LogType,object)
UnityEngine.Debug:LogWarning (object)
Unity.XR.CoreUtils.Editor.PackageVersionUtility:UpdatePackageVersions () (at ./Library/PackageCache/com.unity.xr.core-utils@5b282bc7378d/Editor/ProjectValidation/PackageVersionUtility.cs:59)
Unity.XR.CoreUtils.Editor.PackageVersionUtility:GetPackageVersion (string) (at ./Library/PackageCache/com.unity.xr.core-utils@5b282bc7378d/Editor/ProjectValidation/PackageVersionUtility.cs:77)
UnityEditor.XR.Interaction.Toolkit.Samples.Hands.Editor.HandsSampleProjectValidation:.cctor () (at Assets/Samples/XR Interaction Toolkit/3.1.1/Hands Interaction Demo/Editor/Scripts/HandsSampleProjectValidation.cs:34)
System.Reflection.RuntimeMethodInfo:Invoke (object,System.Reflection.BindingFlags,System.Reflection.Binder,object[],System.Globalization.CultureInfo)
System.Reflection.MethodBase:Invoke (object,object[])
UnityEditor.EditorAssemblies:ProcessInitializeOnLoadMethodAttributes ()

(Filename: ./Library/PackageCache/com.unity.xr.core-utils@5b282bc7378d/Editor/ProjectValidation/PackageVersionUtility.cs Line: 59)

Mono: successfully reloaded assembly
[Package Manager] Failed to launch server process. Reason: Unity was launched with the -noUpm command-line argument
[Package Manager] Unable to send message (not connected to server process).
[Package Manager] Cannot connect to Unity Package Manager local server
- Finished resetting the current domain, in  4.295 seconds
Domain Reload Profiling: 13523ms
	BeginReloadAssembly (333ms)
		ExecutionOrderSort (0ms)
		DisableScriptedObjects (10ms)
		BackupInstance (0ms)
		ReleaseScriptingObjects (0ms)
		CreateAndSetChildDomain (70ms)
	RebuildCommonClasses (57ms)
	RebuildNativeTypeToScriptingClass (25ms)
	initialDomainReloadingComplete (41ms)
	LoadAllAssembliesAndSetupDomain (8771ms)
		LoadAssemblies (8507ms)
		RebuildTransferFunctionScriptingTraits (0ms)
		AnalyzeDomain (423ms)
			TypeCache.Refresh (181ms)
				TypeCache.ScanAssembly (67ms)
			BuildScriptInfoCaches (219ms)
			ResolveRequiredComponents (17ms)
	FinalizeReload (4296ms)
		ReleaseScriptCaches (0ms)
		RebuildScriptCaches (0ms)
		SetupLoadedEditorAssemblies (2430ms)
			LogAssemblyErrors (0ms)
			InitializePlatformSupportModulesInManaged (56ms)
			SetLoadedEditorAssemblies (15ms)
			BeforeProcessingInitializeOnLoad (295ms)
			ProcessInitializeOnLoadAttributes (1867ms)
			ProcessInitializeOnLoadMethodAttributes (183ms)
			AfterProcessingInitializeOnLoad (12ms)
			EditorAssembliesLoaded (1ms)
		ExecutionOrderSort2 (0ms)
		AwakeInstancesAfterBackupRestoration (18ms)
Refreshing native plugins compatible for Editor in 2059.43 ms, found 9 plugins.
Preloading 0 native plugins for Editor in 0.00 ms.
Unloading 79 Unused Serialized files (Serialized files now loaded: 0)
Unloading 5682 unused Assets / (7.4 MB). Loaded Objects now: 6360.
Memory consumption went from 181.9 MB to 174.4 MB.
Total: 14.201000 ms (FindLiveObjects: 1.041400 ms CreateObjectMapping: 1.184900 ms MarkObjects: 6.533600 ms  DeleteObjects: 5.439200 ms)

Prepare: number of updated asset objects reloaded= 0
========================================================================
Received Prepare
Begin MonoManager ReloadAssembly
- Loaded All Assemblies, in  1.541 seconds
'Packages/com.unity.xr.openxr/Runtime/OpenXRLoader.cs' contains partial class of Unity.Object, exactly 1 of the partial classes needs to be in a file with the same filename. This is to know the one that can be referenced from ie. GameObjects
'Packages/com.unity.xr.openxr/Runtime/OpenXRLoaderInternal.cs' contains partial class of Unity.Object, exactly 1 of the partial classes needs to be in a file with the same filename. This is to know the one that can be referenced from ie. GameObjects
Refreshing native plugins compatible for Editor in 13.62 ms, found 9 plugins.
Assertion failed on expression: 'pred(*previous, *i)'
Assertion failed on expression: 'pred(*previous, *i)'
Assertion failed on expression: 'pred(*previous, *i)'
Assertion failed on expression: 'pred(*previous, *i)'
Native extension for Android target not found
Native extension for WindowsStandalone target not found
[Package Manager] Failed to launch server process. Reason: Unity was launched with the -noUpm command-line argument
[Package Manager] Unable to send message (not connected to server process).
[Package Manager] Cannot connect to Unity Package Manager local server
System.NullReferenceException: Object reference not set to an instance of an object
  at UnityEditor.XR.Interaction.Toolkit.Analytics.XRIAnalytics..cctor () [0x00000] in .\Library\PackageCache\com.unity.xr.interaction.toolkit@9b07900cb163\Editor\Analytics\XRIAnalytics.cs:32 
UnityEngine.Debug:ExtractStackTraceNoAlloc (byte*,int,string)
UnityEngine.StackTraceUtility:ExtractStackTrace ()
UnityEngine.DebugLogHandler:Internal_Log (UnityEngine.LogType,UnityEngine.LogOption,string,UnityEngine.Object)
UnityEngine.DebugLogHandler:LogFormat (UnityEngine.LogType,UnityEngine.Object,string,object[])
UnityEngine.Logger:Log (UnityEngine.LogType,object)
UnityEngine.Debug:LogError (object)
UnityEditor.EditorAssemblies:ProcessInitializeOnLoadAttributes (System.Type[])

[Package Manager] Failed to launch server process. Reason: Unity was launched with the -noUpm command-line argument
[Package Manager] Unable to send message (not connected to server process).
[Package Manager] Cannot connect to Unity Package Manager local server
Failed to get package versions: Cannot connect to Unity Package Manager local server
UnityEngine.Debug:ExtractStackTraceNoAlloc (byte*,int,string)
UnityEngine.StackTraceUtility:ExtractStackTrace ()
UnityEngine.DebugLogHandler:Internal_Log (UnityEngine.LogType,UnityEngine.LogOption,string,UnityEngine.Object)
UnityEngine.DebugLogHandler:LogFormat (UnityEngine.LogType,UnityEngine.Object,string,object[])
UnityEngine.Logger:Log (UnityEngine.LogType,object)
UnityEngine.Debug:LogWarning (object)
Unity.XR.CoreUtils.Editor.PackageVersionUtility:UpdatePackageVersions () (at ./Library/PackageCache/com.unity.xr.core-utils@5b282bc7378d/Editor/ProjectValidation/PackageVersionUtility.cs:59)
Unity.XR.CoreUtils.Editor.PackageVersionUtility:GetPackageVersion (string) (at ./Library/PackageCache/com.unity.xr.core-utils@5b282bc7378d/Editor/ProjectValidation/PackageVersionUtility.cs:77)
UnityEditor.XR.Interaction.Toolkit.Samples.Hands.Editor.HandsSampleProjectValidation:.cctor () (at Assets/Samples/XR Interaction Toolkit/3.1.1/Hands Interaction Demo/Editor/Scripts/HandsSampleProjectValidation.cs:34)
System.Reflection.RuntimeMethodInfo:Invoke (object,System.Reflection.BindingFlags,System.Reflection.Binder,object[],System.Globalization.CultureInfo)
System.Reflection.MethodBase:Invoke (object,object[])
UnityEditor.EditorAssemblies:ProcessInitializeOnLoadMethodAttributes ()

(Filename: ./Library/PackageCache/com.unity.xr.core-utils@5b282bc7378d/Editor/ProjectValidation/PackageVersionUtility.cs Line: 59)

Mono: successfully reloaded assembly
[Package Manager] Failed to launch server process. Reason: Unity was launched with the -noUpm command-line argument
[Package Manager] Unable to send message (not connected to server process).
[Package Manager] Cannot connect to Unity Package Manager local server
- Finished resetting the current domain, in  2.279 seconds
Domain Reload Profiling: 3817ms
	BeginReloadAssembly (387ms)
		ExecutionOrderSort (0ms)
		DisableScriptedObjects (11ms)
		BackupInstance (0ms)
		ReleaseScriptingObjects (0ms)
		CreateAndSetChildDomain (84ms)
	RebuildCommonClasses (76ms)
	RebuildNativeTypeToScriptingClass (26ms)
	initialDomainReloadingComplete (55ms)
	LoadAllAssembliesAndSetupDomain (993ms)
		LoadAssemblies (644ms)
		RebuildTransferFunctionScriptingTraits (0ms)
		AnalyzeDomain (559ms)
			TypeCache.Refresh (238ms)
				TypeCache.ScanAssembly (211ms)
			BuildScriptInfoCaches (289ms)
			ResolveRequiredComponents (22ms)
	FinalizeReload (2279ms)
		ReleaseScriptCaches (0ms)
		RebuildScriptCaches (0ms)
		SetupLoadedEditorAssemblies (1716ms)
			LogAssemblyErrors (0ms)
			InitializePlatformSupportModulesInManaged (21ms)
			SetLoadedEditorAssemblies (8ms)
			BeforeProcessingInitializeOnLoad (271ms)
			ProcessInitializeOnLoadAttributes (806ms)
			ProcessInitializeOnLoadMethodAttributes (600ms)
			AfterProcessingInitializeOnLoad (10ms)
			EditorAssembliesLoaded (0ms)
		ExecutionOrderSort2 (0ms)
		AwakeInstancesAfterBackupRestoration (29ms)
Refreshing native plugins compatible for Editor in 14.52 ms, found 9 plugins.
Preloading 0 native plugins for Editor in 0.00 ms.
Unloading 70 Unused Serialized files (Serialized files now loaded: 0)
Unloading 5682 unused Assets / (8.1 MB). Loaded Objects now: 6363.
Memory consumption went from 204.6 MB to 196.5 MB.
Total: 26.204600 ms (FindLiveObjects: 1.272500 ms CreateObjectMapping: 1.590500 ms MarkObjects: 13.365900 ms  DeleteObjects: 9.973500 ms)

Prepare: number of updated asset objects reloaded= 0
========================================================================
Received Import Request.
  Time since last request: 16057.921960 seconds.
  path: Assets/DefaultVolumeProfile.asset
  artifactKey: Guid(b6d8050cecbe75e4c8b3445d5ccd33ff) Importer(815301076,1909f56bfc062723c751e8b465ee728b)
Start importing Assets/DefaultVolumeProfile.asset using Guid(b6d8050cecbe75e4c8b3445d5ccd33ff) Importer(815301076,1909f56bfc062723c751e8b465ee728b) (PreviewImporter) -> (artifact id: 'e9c89d0682fd7d2b13925f9fea4027bb') in 0.0736883 seconds
Number of updated asset objects reloaded before import = 0Number of asset objects unloaded after import = 0

========================================================================
Received Import Request.
  Time since last request: 210.625297 seconds.
  path: Assets/Scenes/BasicScene.unity
  artifactKey: Guid(4e9fef26e6adb88479ad1b9834a32d94) Importer(2089858483,192608db42251d675da83286b1cce702)
Start importing Assets/Scenes/BasicScene.unity using Guid(4e9fef26e6adb88479ad1b9834a32d94) Importer(2089858483,192608db42251d675da83286b1cce702) (ScriptedImporter) -> (artifact id: '6fed2834e6c4cd90136de4614f89ff9b') in 1.0251602 seconds
Number of updated asset objects reloaded before import = 0Number of asset objects unloaded after import = 1

========================================================================
Received Import Request.
  Time since last request: 0.000024 seconds.
  path: Assets/TextMesh Pro/Shaders/TMP_SDF Overlay.shader
  artifactKey: Guid(dd89cf5b9246416f84610a006f916af7) Importer(2089858483,192608db42251d675da83286b1cce702)
Start importing Assets/TextMesh Pro/Shaders/TMP_SDF Overlay.shader using Guid(dd89cf5b9246416f84610a006f916af7) Importer(2089858483,192608db42251d675da83286b1cce702) (ScriptedImporter) -> (artifact id: '5330ef6d5b1e8784292f106b10e22a5f') in 0.0452577 seconds
Number of updated asset objects reloaded before import = 0Number of asset objects unloaded after import = 2

========================================================================
Received Import Request.
  Time since last request: 0.000026 seconds.
  path: Assets/Scenes/SampleScene/Lightmap-0_comp_dir.png
  artifactKey: Guid(1b208c9c64896bb41804f87a20a84fad) Importer(2089858483,192608db42251d675da83286b1cce702)
Start importing Assets/Scenes/SampleScene/Lightmap-0_comp_dir.png using Guid(1b208c9c64896bb41804f87a20a84fad) Importer(2089858483,192608db42251d675da83286b1cce702) (ScriptedImporter) -> (artifact id: '4b19b6423d601626b114fa9d9a83a004') in 0.1128834 seconds
Number of updated asset objects reloaded before import = 0Number of asset objects unloaded after import = 1

========================================================================
Received Import Request.
  Time since last request: 0.000019 seconds.
  path: Assets/TextMesh Pro/Shaders/TMP_SDF SSD.shader
  artifactKey: Guid(14eb328de4b8eb245bb7cea29e4ac00b) Importer(2089858483,192608db42251d675da83286b1cce702)
Start importing Assets/TextMesh Pro/Shaders/TMP_SDF SSD.shader using Guid(14eb328de4b8eb245bb7cea29e4ac00b) Importer(2089858483,192608db42251d675da83286b1cce702) (ScriptedImporter) -> (artifact id: '30d6cdb8c87576361653b05337494ed9') in 0.0180596 seconds
Number of updated asset objects reloaded before import = 0Number of asset objects unloaded after import = 2

========================================================================
Received Import Request.
  Time since last request: 0.000024 seconds.
  path: Assets/TextMesh Pro/Resources/TMP Settings.asset
  artifactKey: Guid(3f5b5dff67a942289a9defa416b206f3) Importer(2089858483,192608db42251d675da83286b1cce702)
Start importing Assets/TextMesh Pro/Resources/TMP Settings.asset using Guid(3f5b5dff67a942289a9defa416b206f3) Importer(2089858483,192608db42251d675da83286b1cce702) (ScriptedImporter) -> (artifact id: '1efa163c48cbed33ae7a09060d10febf') in 0.667294 seconds
Number of updated asset objects reloaded before import = 0Number of asset objects unloaded after import = 17

========================================================================
Received Import Request.
  Time since last request: 0.000031 seconds.
  path: Assets/VRTemplateAssets/Themes/BlendShapeAffordanceTheme.asset
  artifactKey: Guid(eb00da65e3eb3ec4183cff0ee667a979) Importer(2089858483,192608db42251d675da83286b1cce702)
Start importing Assets/VRTemplateAssets/Themes/BlendShapeAffordanceTheme.asset using Guid(eb00da65e3eb3ec4183cff0ee667a979) Importer(2089858483,192608db42251d675da83286b1cce702) (ScriptedImporter) -> (artifact id: '97cf30c049aeb69cab3e5e92ec3c1075') in 0.0480635 seconds
Number of updated asset objects reloaded before import = 0Number of asset objects unloaded after import = 1

========================================================================
Received Import Request.
  Time since last request: 0.000016 seconds.
  path: Assets/VRTemplateAssets/Android XR/Hands Permissions Manager.prefab
  artifactKey: Guid(9b4a657c7df58fb4fa21624fe730efa2) Importer(2089858483,192608db42251d675da83286b1cce702)
Start importing Assets/VRTemplateAssets/Android XR/Hands Permissions Manager.prefab using Guid(9b4a657c7df58fb4fa21624fe730efa2) Importer(2089858483,192608db42251d675da83286b1cce702) (ScriptedImporter) -> (artifact id: 'e94536a876a06199abd646689c04a2de') in 0.0866988 seconds
Number of updated asset objects reloaded before import = 0Number of asset objects unloaded after import = 6

========================================================================
Received Import Request.
  Time since last request: 0.000023 seconds.
  path: Assets/Settings/Project Configuration/Performance URP Config.asset
  artifactKey: Guid(fd42a132493b1f143a4963adcd530ef1) Importer(2089858483,192608db42251d675da83286b1cce702)
Start importing Assets/Settings/Project Configuration/Performance URP Config.asset using Guid(fd42a132493b1f143a4963adcd530ef1) Importer(2089858483,192608db42251d675da83286b1cce702) (ScriptedImporter) -> (artifact id: '69811fc8be74c22c6a68759b6cb6adcb') in 0.1658819 seconds
Number of updated asset objects reloaded before import = 0Number of asset objects unloaded after import = 1

========================================================================
Received Import Request.
  Time since last request: 0.000029 seconds.
  path: Assets/VRTemplateAssets/Materials/Controller/DefaultMaterial_AO.png
  artifactKey: Guid(7438999bc10061a4db23c995a4d56f21) Importer(2089858483,192608db42251d675da83286b1cce702)
Start importing Assets/VRTemplateAssets/Materials/Controller/DefaultMaterial_AO.png using Guid(7438999bc10061a4db23c995a4d56f21) Importer(2089858483,192608db42251d675da83286b1cce702) (ScriptedImporter) -> (artifact id: '2d0b67fd8b575506a013f69a4b273241') in 0.1288743 seconds
Number of updated asset objects reloaded before import = 0Number of asset objects unloaded after import = 1

========================================================================
Received Import Request.
  Time since last request: 0.000018 seconds.
  path: Assets/VRTemplateAssets/Materials/Environment/Concrete_Albedo.tif
  artifactKey: Guid(5803a7cd377fea04dbb2916a5d373150) Importer(2089858483,192608db42251d675da83286b1cce702)
Start importing Assets/VRTemplateAssets/Materials/Environment/Concrete_Albedo.tif using Guid(5803a7cd377fea04dbb2916a5d373150) Importer(2089858483,192608db42251d675da83286b1cce702) (ScriptedImporter) -> (artifact id: '94d2dbd18e3c858b11096d89a93364cd') in 0.0566524 seconds
Number of updated asset objects reloaded before import = 0Number of asset objects unloaded after import = 1

========================================================================
Received Import Request.
  Time since last request: 0.000021 seconds.
  path: Assets/TextMesh Pro/Resources/Style Sheets/Default Style Sheet.asset
  artifactKey: Guid(f952c082cb03451daed3ee968ac6c63e) Importer(2089858483,192608db42251d675da83286b1cce702)
Start importing Assets/TextMesh Pro/Resources/Style Sheets/Default Style Sheet.asset using Guid(f952c082cb03451daed3ee968ac6c63e) Importer(2089858483,192608db42251d675da83286b1cce702) (ScriptedImporter) -> (artifact id: 'e6c6a3844dcb01e42b8cad10d1f87a9c') in 0.0140394 seconds
Number of updated asset objects reloaded before import = 0Number of asset objects unloaded after import = 1

========================================================================
Received Import Request.
  Time since last request: 0.000029 seconds.
  path: Assets/TextMesh Pro/Resources/Fonts & Materials/LiberationSans SDF - Fallback.asset
  artifactKey: Guid(2e498d1c8094910479dc3e1b768306a4) Importer(2089858483,192608db42251d675da83286b1cce702)
Start importing Assets/TextMesh Pro/Resources/Fonts & Materials/LiberationSans SDF - Fallback.asset using Guid(2e498d1c8094910479dc3e1b768306a4) Importer(2089858483,192608db42251d675da83286b1cce702) (ScriptedImporter) -> (artifact id: '445fc42385fe131b73b29f80cdcefbc2') in 0.0552175 seconds
Number of updated asset objects reloaded before import = 0Number of asset objects unloaded after import = 6

========================================================================
Received Import Request.
  Time since last request: 0.000020 seconds.
  path: Assets/VRTemplateAssets/Shaders/TexturedFresnelStandard.shader
  artifactKey: Guid(5e723135b0fd1e34ba403dc074c61877) Importer(2089858483,192608db42251d675da83286b1cce702)
Start importing Assets/VRTemplateAssets/Shaders/TexturedFresnelStandard.shader using Guid(5e723135b0fd1e34ba403dc074c61877) Importer(2089858483,192608db42251d675da83286b1cce702) (ScriptedImporter) -> (artifact id: '4588eb5511f5b797c5e0fcd6312c7c37') in 0.017727 seconds
Number of updated asset objects reloaded before import = 0Number of asset objects unloaded after import = 1

========================================================================
Received Import Request.
  Time since last request: 0.000020 seconds.
  path: Assets/VRTemplateAssets/Tutorial/VRTutorialProjectSettings.asset
  artifactKey: Guid(76b4acc4d12394f60a5accbec43ae2a7) Importer(2089858483,192608db42251d675da83286b1cce702)
Start importing Assets/VRTemplateAssets/Tutorial/VRTutorialProjectSettings.asset using Guid(76b4acc4d12394f60a5accbec43ae2a7) Importer(2089858483,192608db42251d675da83286b1cce702) (ScriptedImporter) -> (artifact id: '3aaf3ca8d716052a8618ef75320412eb') in 0.1329015 seconds
Number of updated asset objects reloaded before import = 0Number of asset objects unloaded after import = 5

========================================================================
Received Import Request.
  Time since last request: 0.000021 seconds.
  path: Assets/VRTemplateAssets/Materials/Environment/Grid Dark Tight.mat
  artifactKey: Guid(43672be0899539340ba6ac5db322693c) Importer(2089858483,192608db42251d675da83286b1cce702)
Start importing Assets/VRTemplateAssets/Materials/Environment/Grid Dark Tight.mat using Guid(43672be0899539340ba6ac5db322693c) Importer(2089858483,192608db42251d675da83286b1cce702) (ScriptedImporter) -> (artifact id: 'd81c11865bb951ab73ed6b17b49fe4b1') in 0.0496055 seconds
Number of updated asset objects reloaded before import = 0Number of asset objects unloaded after import = 1

========================================================================
Received Import Request.
  Time since last request: 0.000031 seconds.
  path: Assets/Settings/Project Configuration/SampleScene.scenetemplate
  artifactKey: Guid(e88974e7ea90fb046bb078f12073588b) Importer(2089858483,192608db42251d675da83286b1cce702)
Start importing Assets/Settings/Project Configuration/SampleScene.scenetemplate using Guid(e88974e7ea90fb046bb078f12073588b) Importer(2089858483,192608db42251d675da83286b1cce702) (ScriptedImporter)LightingSettings: switching bake backend from 1 to 2.
 -> (artifact id: '244250a0e699b10f39e9c418d316bd6f') in 3.793519 seconds
Number of updated asset objects reloaded before import = 0Number of asset objects unloaded after import = 3097

========================================================================
Received Import Request.
  Time since last request: 0.000038 seconds.
  path: Assets/TextMesh Pro/Shaders/TMP_SDF-Surface.shader
  artifactKey: Guid(f7ada0af4f174f0694ca6a487b8f543d) Importer(2089858483,192608db42251d675da83286b1cce702)
Start importing Assets/TextMesh Pro/Shaders/TMP_SDF-Surface.shader using Guid(f7ada0af4f174f0694ca6a487b8f543d) Importer(2089858483,192608db42251d675da83286b1cce702) (ScriptedImporter) -> (artifact id: '32bfb8e45846ddfb5412ffcc6e1c8199') in 0.0148021 seconds
Number of updated asset objects reloaded before import = 0Number of asset objects unloaded after import = 1

========================================================================
Received Import Request.
  Time since last request: 0.000028 seconds.
  path: Assets/VRTemplateAssets/Materials/Locomotion/Angle Indicator.mat
  artifactKey: Guid(8949fdebf89b61548af583f0a1ef05ab) Importer(2089858483,192608db42251d675da83286b1cce702)
Start importing Assets/VRTemplateAssets/Materials/Locomotion/Angle Indicator.mat using Guid(8949fdebf89b61548af583f0a1ef05ab) Importer(2089858483,192608db42251d675da83286b1cce702) (ScriptedImporter) -> (artifact id: '93a7d85c9681e5318ac3df406969934d') in 0.0487481 seconds
Number of updated asset objects reloaded before import = 0Number of asset objects unloaded after import = 1

========================================================================
Received Import Request.
  Time since last request: 0.000022 seconds.
  path: Assets/TextMesh Pro/Shaders/TMPro_Properties.cginc
  artifactKey: Guid(3997e2241185407d80309a82f9148466) Importer(2089858483,192608db42251d675da83286b1cce702)
Start importing Assets/TextMesh Pro/Shaders/TMPro_Properties.cginc using Guid(3997e2241185407d80309a82f9148466) Importer(2089858483,192608db42251d675da83286b1cce702) (ScriptedImporter) -> (artifact id: 'd08eacf4d86c158490a69f21c614959d') in 0.0264226 seconds
Number of updated asset objects reloaded before import = 0Number of asset objects unloaded after import = 1

========================================================================
Received Import Request.
  Time since last request: 0.000021 seconds.
  path: Assets/VRTemplateAssets/Scripts/PermissionsManager.cs
  artifactKey: Guid(a210aa19b985bf849ba74812660e6f87) Importer(2089858483,192608db42251d675da83286b1cce702)
Start importing Assets/VRTemplateAssets/Scripts/PermissionsManager.cs using Guid(a210aa19b985bf849ba74812660e6f87) Importer(2089858483,192608db42251d675da83286b1cce702) (ScriptedImporter) -> (artifact id: 'ebdfa6d0c5bd4bbd90d625a0e2e669df') in 0.0151266 seconds
Number of updated asset objects reloaded before import = 0Number of asset objects unloaded after import = 0

========================================================================
Received Import Request.
  Time since last request: 0.000022 seconds.
  path: Assets/TextMesh Pro/Shaders/TMP_SDF.shader
  artifactKey: Guid(68e6db2ebdc24f95958faec2be5558d6) Importer(2089858483,192608db42251d675da83286b1cce702)
Start importing Assets/TextMesh Pro/Shaders/TMP_SDF.shader using Guid(68e6db2ebdc24f95958faec2be5558d6) Importer(2089858483,192608db42251d675da83286b1cce702) (ScriptedImporter) -> (artifact id: '79902aeb29abce5b9bb8c195947da6d9') in 0.0166985 seconds
Number of updated asset objects reloaded before import = 0Number of asset objects unloaded after import = 2

========================================================================
Received Import Request.
  Time since last request: 0.000030 seconds.
  path: Assets/VRTemplateAssets/Materials/Environment/FauxBackgroundBlur.mat
  artifactKey: Guid(7095bbf67c8069448a5131a144a21d04) Importer(2089858483,192608db42251d675da83286b1cce702)
Start importing Assets/VRTemplateAssets/Materials/Environment/FauxBackgroundBlur.mat using Guid(7095bbf67c8069448a5131a144a21d04) Importer(2089858483,192608db42251d675da83286b1cce702) (ScriptedImporter) -> (artifact id: 'e4bd6be55632fc0dd7c7017cf298e6ff') in 0.0620652 seconds
Number of updated asset objects reloaded before import = 0Number of asset objects unloaded after import = 2

========================================================================
Received Import Request.
  Time since last request: 0.000020 seconds.
  path: Assets/VRTemplateAssets/Materials/Environment/wall2_Normal.png
  artifactKey: Guid(bfa8fa08c7e589845ba41939e7fb397b) Importer(2089858483,192608db42251d675da83286b1cce702)
Start importing Assets/VRTemplateAssets/Materials/Environment/wall2_Normal.png using Guid(bfa8fa08c7e589845ba41939e7fb397b) Importer(2089858483,192608db42251d675da83286b1cce702) (ScriptedImporter) -> (artifact id: '5df82c879705c754fd3eaab477503bd4') in 0.0651768 seconds
Number of updated asset objects reloaded before import = 0Number of asset objects unloaded after import = 1

========================================================================
Received Import Request.
  Time since last request: 0.000038 seconds.
  path: Assets/VRTemplateAssets/Materials/Primitive/fabric_Base_color.png
  artifactKey: Guid(27ef0c8a1f7e7f24c8dfdcdf67dbe928) Importer(2089858483,192608db42251d675da83286b1cce702)
Start importing Assets/VRTemplateAssets/Materials/Primitive/fabric_Base_color.png using Guid(27ef0c8a1f7e7f24c8dfdcdf67dbe928) Importer(2089858483,192608db42251d675da83286b1cce702) (ScriptedImporter) -> (artifact id: '7b8c10d18e3fb441db8da68b64d5b434') in 0.0437748 seconds
Number of updated asset objects reloaded before import = 0Number of asset objects unloaded after import = 1

========================================================================
Received Import Request.
  Time since last request: 0.000031 seconds.
  path: Assets/TextMesh Pro/Shaders/TMPro_Mobile.cginc
  artifactKey: Guid(c334973cef89a9840b0b0c507e0377ab) Importer(2089858483,192608db42251d675da83286b1cce702)
Start importing Assets/TextMesh Pro/Shaders/TMPro_Mobile.cginc using Guid(c334973cef89a9840b0b0c507e0377ab) Importer(2089858483,192608db42251d675da83286b1cce702) (ScriptedImporter) -> (artifact id: '785e7ca753514adaac2bb3dde6f48d47') in 0.0290818 seconds
Number of updated asset objects reloaded before import = 0Number of asset objects unloaded after import = 1

========================================================================
Received Import Request.
  Time since last request: 0.000020 seconds.
  path: Assets/TextMesh Pro/Sprites/EmojiOne.json
  artifactKey: Guid(8f05276190cf498a8153f6cbe761d4e6) Importer(2089858483,192608db42251d675da83286b1cce702)
Start importing Assets/TextMesh Pro/Sprites/EmojiOne.json using Guid(8f05276190cf498a8153f6cbe761d4e6) Importer(2089858483,192608db42251d675da83286b1cce702) (ScriptedImporter) -> (artifact id: '0d5abe4db582906989183bd74412b676') in 0.0408577 seconds
Number of updated asset objects reloaded before import = 0Number of asset objects unloaded after import = 1

========================================================================
Received Import Request.
  Time since last request: 0.000019 seconds.
  path: Assets/TextMesh Pro/Shaders/TMP_SDF-Mobile Overlay.shader
  artifactKey: Guid(a02a7d8c237544f1962732b55a9aebf1) Importer(2089858483,192608db42251d675da83286b1cce702)
Start importing Assets/TextMesh Pro/Shaders/TMP_SDF-Mobile Overlay.shader using Guid(a02a7d8c237544f1962732b55a9aebf1) Importer(2089858483,192608db42251d675da83286b1cce702) (ScriptedImporter) -> (artifact id: '80f462a118a14d8028f4538addb7a44d') in 0.0168828 seconds
Number of updated asset objects reloaded before import = 0Number of asset objects unloaded after import = 1

========================================================================
Received Import Request.
  Time since last request: 0.000017 seconds.
  path: Assets/VRTemplateAssets/Materials/Anchor Materials/White_Mixed_AO.png
  artifactKey: Guid(61c3552c05bd1b842a62ef7c70a99944) Importer(2089858483,192608db42251d675da83286b1cce702)
Start importing Assets/VRTemplateAssets/Materials/Anchor Materials/White_Mixed_AO.png using Guid(61c3552c05bd1b842a62ef7c70a99944) Importer(2089858483,192608db42251d675da83286b1cce702) (ScriptedImporter) -> (artifact id: '27ccb08fedc3aab8648600d1ad8ce00e') in 0.0293696 seconds
Number of updated asset objects reloaded before import = 0Number of asset objects unloaded after import = 3

========================================================================
Received Import Request.
  Time since last request: 0.000023 seconds.
  path: Assets/VRTemplateAssets/Materials/Environment/wall_Height.png
  artifactKey: Guid(b2766e330f67bc74b90720c501d9fe01) Importer(2089858483,192608db42251d675da83286b1cce702)
Start importing Assets/VRTemplateAssets/Materials/Environment/wall_Height.png using Guid(b2766e330f67bc74b90720c501d9fe01) Importer(2089858483,192608db42251d675da83286b1cce702) (ScriptedImporter) -> (artifact id: 'dc787f4bd60e14a0cadaf7c8ef1f6f19') in 0.0247313 seconds
Number of updated asset objects reloaded before import = 0Number of asset objects unloaded after import = 1

========================================================================
Received Import Request.
  Time since last request: 0.000029 seconds.
  path: Assets/VRTemplateAssets/Models/Controllers/UniversalController.fbx
  artifactKey: Guid(72af14b56f398804bbcbc04b48efce81) Importer(2089858483,192608db42251d675da83286b1cce702)
Start importing Assets/VRTemplateAssets/Models/Controllers/UniversalController.fbx using Guid(72af14b56f398804bbcbc04b48efce81) Importer(2089858483,192608db42251d675da83286b1cce702) (ScriptedImporter) -> (artifact id: '1ff193500396bb3bba4a917ad3afe7ac') in 0.090945 seconds
Number of updated asset objects reloaded before import = 0Number of asset objects unloaded after import = 51

========================================================================
Received Import Request.
  Time since last request: 0.000016 seconds.
  path: Assets/VRTemplateAssets/Models/Anchor/AnchorFadeScale.anim
  artifactKey: Guid(7f09ae8868245cf41bcc21258a951f22) Importer(2089858483,192608db42251d675da83286b1cce702)
Start importing Assets/VRTemplateAssets/Models/Anchor/AnchorFadeScale.anim using Guid(7f09ae8868245cf41bcc21258a951f22) Importer(2089858483,192608db42251d675da83286b1cce702) (ScriptedImporter) -> (artifact id: 'c75e52731d4d4d6cdb19a9525f6233b1') in 0.0462476 seconds
Number of updated asset objects reloaded before import = 0Number of asset objects unloaded after import = 1

========================================================================
Received Import Request.
  Time since last request: 0.000021 seconds.
  path: Assets/VRTemplateAssets/Models/Environment/Totem1.fbx
  artifactKey: Guid(af3a609f3b06600409a356f4e8ba91ba) Importer(2089858483,192608db42251d675da83286b1cce702)
Start importing Assets/VRTemplateAssets/Models/Environment/Totem1.fbx using Guid(af3a609f3b06600409a356f4e8ba91ba) Importer(2089858483,192608db42251d675da83286b1cce702) (ScriptedImporter) -> (artifact id: '4ce3a5258d6943d61bd569d3bb9d3b01') in 0.0388992 seconds
Number of updated asset objects reloaded before import = 0Number of asset objects unloaded after import = 25

========================================================================
Received Import Request.
  Time since last request: 0.000038 seconds.
  path: Assets/VRTemplateAssets/Materials/Primitive/torus_Normal_OpenGL.png
  artifactKey: Guid(61033fc91ee928747a8829f85e481e0b) Importer(2089858483,192608db42251d675da83286b1cce702)
Start importing Assets/VRTemplateAssets/Materials/Primitive/torus_Normal_OpenGL.png using Guid(61033fc91ee928747a8829f85e481e0b) Importer(2089858483,192608db42251d675da83286b1cce702) (ScriptedImporter) -> (artifact id: 'f65b100a7807bb95bc9a4fda72847137') in 0.0550467 seconds
Number of updated asset objects reloaded before import = 0Number of asset objects unloaded after import = 1

========================================================================
Received Import Request.
  Time since last request: 0.000031 seconds.
  path: Assets/VRTemplateAssets/Materials/Locomotion/Standard White.mat
  artifactKey: Guid(6691c89fc6fbbb44cb5af52391da7129) Importer(2089858483,192608db42251d675da83286b1cce702)
Start importing Assets/VRTemplateAssets/Materials/Locomotion/Standard White.mat using Guid(6691c89fc6fbbb44cb5af52391da7129) Importer(2089858483,192608db42251d675da83286b1cce702) (ScriptedImporter) -> (artifact id: '5421992b350f8cebb30b3e4897618671') in 0.0181205 seconds
Number of updated asset objects reloaded before import = 0Number of asset objects unloaded after import = 1

========================================================================
Received Import Request.
  Time since last request: 0.000017 seconds.
  path: Assets/VRTemplateAssets/Models/Poke/PokePointer.fbx
  artifactKey: Guid(a7a48ffe8eca1b6418fba110a2d48baa) Importer(2089858483,192608db42251d675da83286b1cce702)
Start importing Assets/VRTemplateAssets/Models/Poke/PokePointer.fbx using Guid(a7a48ffe8eca1b6418fba110a2d48baa) Importer(2089858483,192608db42251d675da83286b1cce702) (ScriptedImporter) -> (artifact id: '814f99b2c8081a42b38361645fe38bec') in 0.0411428 seconds
Number of updated asset objects reloaded before import = 0Number of asset objects unloaded after import = 8

========================================================================
Received Import Request.
  Time since last request: 0.000022 seconds.
  path: Assets/VRTemplateAssets/Models/Primitives/Cylinder.fbx
  artifactKey: Guid(bf65382e5e6d14e7f8140e4204ce07e2) Importer(2089858483,192608db42251d675da83286b1cce702)
Start importing Assets/VRTemplateAssets/Models/Primitives/Cylinder.fbx using Guid(bf65382e5e6d14e7f8140e4204ce07e2) Importer(2089858483,192608db42251d675da83286b1cce702) (ScriptedImporter) -> (artifact id: 'd3f71386d572ecc2ce9407fc9d3bc9d7') in 0.0300618 seconds
Number of updated asset objects reloaded before import = 0Number of asset objects unloaded after import = 8

========================================================================
Received Import Request.
  Time since last request: 0.000039 seconds.
  path: Assets/VRTemplateAssets/Models/Cursors/cursor.fbx
  artifactKey: Guid(6ba268f48a822b241b0eb00b775034e5) Importer(2089858483,192608db42251d675da83286b1cce702)
Start importing Assets/VRTemplateAssets/Models/Cursors/cursor.fbx using Guid(6ba268f48a822b241b0eb00b775034e5) Importer(2089858483,192608db42251d675da83286b1cce702) (ScriptedImporter) -> (artifact id: '9ccd44e3206156b123dfab3380b877f2') in 0.0955809 seconds
Number of updated asset objects reloaded before import = 0Number of asset objects unloaded after import = 7

========================================================================
Received Import Request.
  Time since last request: 0.000016 seconds.
  path: Assets/VRTemplateAssets/Fonts/Inter/Inter-Regular SDF Overlay Outline Thick Material.mat
  artifactKey: Guid(c44e025c6bec3624a9f624e28b7d925b) Importer(2089858483,192608db42251d675da83286b1cce702)
Start importing Assets/VRTemplateAssets/Fonts/Inter/Inter-Regular SDF Overlay Outline Thick Material.mat using Guid(c44e025c6bec3624a9f624e28b7d925b) Importer(2089858483,192608db42251d675da83286b1cce702) (ScriptedImporter) -> (artifact id: '791b8c8bcf6374ef26486f3edadc729f') in 0.0339559 seconds
Number of updated asset objects reloaded before import = 0Number of asset objects unloaded after import = 4

========================================================================
Received Import Request.
  Time since last request: 0.000017 seconds.
  path: Assets/VRTemplateAssets/Materials/Locomotion/BlinkOcclusionPass.mat
  artifactKey: Guid(001bdd73657b0304fa8db289f612d45b) Importer(2089858483,192608db42251d675da83286b1cce702)
Start importing Assets/VRTemplateAssets/Materials/Locomotion/BlinkOcclusionPass.mat using Guid(001bdd73657b0304fa8db289f612d45b) Importer(2089858483,192608db42251d675da83286b1cce702) (ScriptedImporter) -> (artifact id: '813f94a3ef96fcd91120518fa7ba7629') in 0.0619339 seconds
Number of updated asset objects reloaded before import = 0Number of asset objects unloaded after import = 2

========================================================================
Received Import Request.
  Time since last request: 0.000022 seconds.
  path: Assets/VRTemplateAssets/Prefabs/Interactables/Blaster Variant.prefab
  artifactKey: Guid(ecbf6d1d3a7091b4bbdbc934b3c89fb9) Importer(2089858483,192608db42251d675da83286b1cce702)
Start importing Assets/VRTemplateAssets/Prefabs/Interactables/Blaster Variant.prefab using Guid(ecbf6d1d3a7091b4bbdbc934b3c89fb9) Importer(2089858483,192608db42251d675da83286b1cce702) (ScriptedImporter) -> (artifact id: 'dea63eb18ebbe1b0216c778940f6d116') in 0.4520121 seconds
Number of updated asset objects reloaded before import = 0Number of asset objects unloaded after import = 55

========================================================================
Received Import Request.
  Time since last request: 0.000027 seconds.
  path: Assets/VRTemplateAssets/Prefabs/Interactables/Tapered Interactable Variant 1.prefab
  artifactKey: Guid(d478ef999a9d5dd448be5ffeb6ffa615) Importer(2089858483,192608db42251d675da83286b1cce702)
Start importing Assets/VRTemplateAssets/Prefabs/Interactables/Tapered Interactable Variant 1.prefab using Guid(d478ef999a9d5dd448be5ffeb6ffa615) Importer(2089858483,192608db42251d675da83286b1cce702) (ScriptedImporter) -> (artifact id: 'd18f06ec0783b3ef8c48a8b8b06ca93b') in 0.0472435 seconds
Number of updated asset objects reloaded before import = 0Number of asset objects unloaded after import = 34

========================================================================
Received Import Request.
  Time since last request: 0.000021 seconds.
  path: Assets/VRTemplateAssets/Prefabs/Interactables/Tapered Interactable Variant.prefab
  artifactKey: Guid(c18c2334d0f5bb94cbb090401535d577) Importer(2089858483,192608db42251d675da83286b1cce702)
Start importing Assets/VRTemplateAssets/Prefabs/Interactables/Tapered Interactable Variant.prefab using Guid(c18c2334d0f5bb94cbb090401535d577) Importer(2089858483,192608db42251d675da83286b1cce702) (ScriptedImporter) -> (artifact id: 'ec66b5002c0e73e344b72b572ebd7259') in 0.0469168 seconds
Number of updated asset objects reloaded before import = 0Number of asset objects unloaded after import = 34

========================================================================
Received Import Request.
  Time since last request: 0.000017 seconds.
  path: Assets/VRTemplateAssets/Materials/Primitive/Cube_Fabric.mat
  artifactKey: Guid(6e9667c306271074f8569f70b8f0acf1) Importer(2089858483,192608db42251d675da83286b1cce702)
Start importing Assets/VRTemplateAssets/Materials/Primitive/Cube_Fabric.mat using Guid(6e9667c306271074f8569f70b8f0acf1) Importer(2089858483,192608db42251d675da83286b1cce702) (ScriptedImporter) -> (artifact id: 'ee8f32492d62f293d3ba1ead9987b10c') in 0.0905331 seconds
Number of updated asset objects reloaded before import = 0Number of asset objects unloaded after import = 5

========================================================================
Received Import Request.
  Time since last request: 0.000020 seconds.
  path: Assets/VRTemplateAssets/Materials/Environment/wall_Normal_OpenGL.png
  artifactKey: Guid(6b3a9ec2867d0ad40ab1b8aae579267a) Importer(2089858483,192608db42251d675da83286b1cce702)
Start importing Assets/VRTemplateAssets/Materials/Environment/wall_Normal_OpenGL.png using Guid(6b3a9ec2867d0ad40ab1b8aae579267a) Importer(2089858483,192608db42251d675da83286b1cce702) (ScriptedImporter) -> (artifact id: '050bbb438af2f7b9555ed791489c9072') in 0.0247888 seconds
Number of updated asset objects reloaded before import = 0Number of asset objects unloaded after import = 1

========================================================================
Received Import Request.
  Time since last request: 0.000026 seconds.
  path: Assets/TextMesh Pro/Shaders/SDFFunctions.hlsl
  artifactKey: Guid(96de908384869cd409c75efa351d5edf) Importer(2089858483,192608db42251d675da83286b1cce702)
Start importing Assets/TextMesh Pro/Shaders/SDFFunctions.hlsl using Guid(96de908384869cd409c75efa351d5edf) Importer(2089858483,192608db42251d675da83286b1cce702) (ScriptedImporter) -> (artifact id: '910e29ebe94790cc6a06739c6b5c01a0') in 0.0245093 seconds
Number of updated asset objects reloaded before import = 0Number of asset objects unloaded after import = 1

========================================================================
Received Import Request.
  Time since last request: 0.000017 seconds.
  path: Assets/Settings/Project Configuration/Standalone Preset.asset
  artifactKey: Guid(b4712bf26326e8a4286df35b4a6d2b19) Importer(2089858483,192608db42251d675da83286b1cce702)
Start importing Assets/Settings/Project Configuration/Standalone Preset.asset using Guid(b4712bf26326e8a4286df35b4a6d2b19) Importer(2089858483,192608db42251d675da83286b1cce702) (ScriptedImporter) -> (artifact id: '0e1870ac5ead3bfb3ce0d71a5bdb36db') in 0.0417817 seconds
Number of updated asset objects reloaded before import = 0Number of asset objects unloaded after import = 2

========================================================================
Received Import Request.
  Time since last request: 0.000021 seconds.
  path: Assets/VRTemplateAssets/Prefabs/Setup/Complete XR Origin Set Up Hands Variant.prefab
  artifactKey: Guid(77e7c27b2c5525e4aa8cc9f99d654486) Importer(2089858483,192608db42251d675da83286b1cce702)
Start importing Assets/VRTemplateAssets/Prefabs/Setup/Complete XR Origin Set Up Hands Variant.prefab using Guid(77e7c27b2c5525e4aa8cc9f99d654486) Importer(2089858483,192608db42251d675da83286b1cce702) (ScriptedImporter) -> (artifact id: '28a2bfd427b80a913e2c712e0af775c5') in 0.1142467 seconds
Number of updated asset objects reloaded before import = 0Number of asset objects unloaded after import = 1322

========================================================================
Received Import Request.
  Time since last request: 0.000025 seconds.
  path: Assets/VRTemplateAssets/Prefabs/Setup/Affordance Callouts Left.prefab
  artifactKey: Guid(aa788f58037d03649911102b0771966e) Importer(2089858483,192608db42251d675da83286b1cce702)
Start importing Assets/VRTemplateAssets/Prefabs/Setup/Affordance Callouts Left.prefab using Guid(aa788f58037d03649911102b0771966e) Importer(2089858483,192608db42251d675da83286b1cce702) (ScriptedImporter) -> (artifact id: 'e2e4931795a722f2d39493a3b9b39b15') in 0.0594354 seconds
Number of updated asset objects reloaded before import = 0Number of asset objects unloaded after import = 190

========================================================================
Received Import Request.
  Time since last request: 0.000031 seconds.
  path: Assets/TextMesh Pro/Shaders/TMP_SDF-URP Unlit.shadergraph
  artifactKey: Guid(124c112a6e8f1a54e8b0870e881b56d8) Importer(2089858483,192608db42251d675da83286b1cce702)
Start importing Assets/TextMesh Pro/Shaders/TMP_SDF-URP Unlit.shadergraph using Guid(124c112a6e8f1a54e8b0870e881b56d8) Importer(2089858483,192608db42251d675da83286b1cce702) (ScriptedImporter) -> (artifact id: '5232c73451fa2dced38ee4dafa7fa3b2') in 0.0627747 seconds
Number of updated asset objects reloaded before import = 0Number of asset objects unloaded after import = 4

========================================================================
Received Import Request.
  Time since last request: 0.000019 seconds.
  path: Assets/VRTemplateAssets/Scripts/Callout.cs
  artifactKey: Guid(16809ed3baa3d2341b75ec4c0aa874d0) Importer(2089858483,192608db42251d675da83286b1cce702)
Start importing Assets/VRTemplateAssets/Scripts/Callout.cs using Guid(16809ed3baa3d2341b75ec4c0aa874d0) Importer(2089858483,192608db42251d675da83286b1cce702) (ScriptedImporter) -> (artifact id: '51d41e40a6f9fe317cc3bc01b04be2e5') in 0.0146331 seconds
Number of updated asset objects reloaded before import = 0Number of asset objects unloaded after import = 0

========================================================================
Received Import Request.
  Time since last request: 0.000022 seconds.
  path: Assets/VRTemplateAssets/Materials/Anchor Materials/Anchor Base.mat
  artifactKey: Guid(19fd09f1fd9347644a27778b73938d3b) Importer(2089858483,192608db42251d675da83286b1cce702)
Start importing Assets/VRTemplateAssets/Materials/Anchor Materials/Anchor Base.mat using Guid(19fd09f1fd9347644a27778b73938d3b) Importer(2089858483,192608db42251d675da83286b1cce702) (ScriptedImporter) -> (artifact id: '17651842c9077dcccec7a017f7e4ea70') in 0.0213457 seconds
Number of updated asset objects reloaded before import = 0Number of asset objects unloaded after import = 2

========================================================================
Received Import Request.
  Time since last request: 0.000020 seconds.
  path: Assets/VRTemplateAssets/Sprites/CoachingCards/Coaching Step 4.png
  artifactKey: Guid(3a7df7750779c1d48a8389b8a7e2b3dc) Importer(2089858483,192608db42251d675da83286b1cce702)
Start importing Assets/VRTemplateAssets/Sprites/CoachingCards/Coaching Step 4.png using Guid(3a7df7750779c1d48a8389b8a7e2b3dc) Importer(2089858483,192608db42251d675da83286b1cce702) (ScriptedImporter) -> (artifact id: '07a6f63d2d915d55b08c75a6a3cab49f') in 0.0237405 seconds
Number of updated asset objects reloaded before import = 0Number of asset objects unloaded after import = 3

========================================================================
Received Import Request.
  Time since last request: 0.000030 seconds.
  path: Assets/VRTemplateAssets/Prefabs/UI/List Item Slider.prefab
  artifactKey: Guid(41d89b59fe3e9964a83686ff24b7d0c5) Importer(2089858483,192608db42251d675da83286b1cce702)
Start importing Assets/VRTemplateAssets/Prefabs/UI/List Item Slider.prefab using Guid(41d89b59fe3e9964a83686ff24b7d0c5) Importer(2089858483,192608db42251d675da83286b1cce702) (ScriptedImporter) -> (artifact id: '0042960562c0bd22f42f0469d2c738ce') in 0.0266531 seconds
Number of updated asset objects reloaded before import = 0Number of asset objects unloaded after import = 49

========================================================================
Received Import Request.
  Time since last request: 0.000014 seconds.
  path: Assets/VRTemplateAssets/Shaders/Grid.shader
  artifactKey: Guid(186077f5a09f3b64a812922fa946fe52) Importer(2089858483,192608db42251d675da83286b1cce702)
Start importing Assets/VRTemplateAssets/Shaders/Grid.shader using Guid(186077f5a09f3b64a812922fa946fe52) Importer(2089858483,192608db42251d675da83286b1cce702) (ScriptedImporter) -> (artifact id: '065dc9a1afcac86c17e27da9ab1c08fa') in 0.0140042 seconds
Number of updated asset objects reloaded before import = 0Number of asset objects unloaded after import = 1

========================================================================
Received Import Request.
  Time since last request: 0.000018 seconds.
  path: Assets/VRTemplateAssets/Tutorial/VRTutorialStyle.asset
  artifactKey: Guid(148a9beb0fa9a4026a837fad3a14e6a4) Importer(2089858483,192608db42251d675da83286b1cce702)
Start importing Assets/VRTemplateAssets/Tutorial/VRTutorialStyle.asset using Guid(148a9beb0fa9a4026a837fad3a14e6a4) Importer(2089858483,192608db42251d675da83286b1cce702) (ScriptedImporter) -> (artifact id: '7db905b61c1fb6282621ef95acee7659') in 0.0262862 seconds
Number of updated asset objects reloaded before import = 0Number of asset objects unloaded after import = 1

========================================================================
Received Import Request.
  Time since last request: 0.000017 seconds.
  path: Assets/VRTemplateAssets/Prefabs/Affordance/Affordance Callout.prefab
  artifactKey: Guid(048249d9a15aa3c459399751e860bde7) Importer(2089858483,192608db42251d675da83286b1cce702)
Start importing Assets/VRTemplateAssets/Prefabs/Affordance/Affordance Callout.prefab using Guid(048249d9a15aa3c459399751e860bde7) Importer(2089858483,192608db42251d675da83286b1cce702) (ScriptedImporter) -> (artifact id: '5de3b4b35d28875940db66642f5b0d56') in 0.0507086 seconds
Number of updated asset objects reloaded before import = 0Number of asset objects unloaded after import = 48

========================================================================
Received Import Request.
  Time since last request: 0.000021 seconds.
  path: Assets/TextMesh Pro/Shaders/TMP_SDF-HDRP LIT.shadergraph
  artifactKey: Guid(ca2ed216f98028c4dae6c5224a952b3c) Importer(2089858483,192608db42251d675da83286b1cce702)
Start importing Assets/TextMesh Pro/Shaders/TMP_SDF-HDRP LIT.shadergraph using Guid(ca2ed216f98028c4dae6c5224a952b3c) Importer(2089858483,192608db42251d675da83286b1cce702) (ScriptedImporter) -> (artifact id: '93062811fee323e10df5dd47ffe5caf9') in 0.0557018 seconds
Number of updated asset objects reloaded before import = 0Number of asset objects unloaded after import = 3

========================================================================
Received Import Request.
  Time since last request: 0.000033 seconds.
  path: Assets/TextMesh Pro/Shaders/TMP_SDF-HDRP UNLIT.shadergraph
  artifactKey: Guid(f63d574838ccfb44f84acc05fed0af48) Importer(2089858483,192608db42251d675da83286b1cce702)
Start importing Assets/TextMesh Pro/Shaders/TMP_SDF-HDRP UNLIT.shadergraph using Guid(f63d574838ccfb44f84acc05fed0af48) Importer(2089858483,192608db42251d675da83286b1cce702) (ScriptedImporter) -> (artifact id: 'c33654e6f159824d4ee671794c980de5') in 0.0663305 seconds
Number of updated asset objects reloaded before import = 0Number of asset objects unloaded after import = 3

========================================================================
Received Import Request.
  Time since last request: 0.000018 seconds.
  path: Assets/VRTemplateAssets/Sprites/UI/Circle_60x60 Outline.png
  artifactKey: Guid(7edfa9a28dcc4584ba5194e74c74f93c) Importer(2089858483,192608db42251d675da83286b1cce702)
Start importing Assets/VRTemplateAssets/Sprites/UI/Circle_60x60 Outline.png using Guid(7edfa9a28dcc4584ba5194e74c74f93c) Importer(2089858483,192608db42251d675da83286b1cce702) (ScriptedImporter) -> (artifact id: 'bf94539c892c7254ede48db67d937eeb') in 0.0429371 seconds
Number of updated asset objects reloaded before import = 0Number of asset objects unloaded after import = 3

========================================================================
Received Import Request.
  Time since last request: 0.000017 seconds.
  path: Assets/VRTemplateAssets/Sprites/UI/Circle_60x60_Vertical.png
  artifactKey: Guid(83d67d78424a7e24fa4bef36e1e32541) Importer(2089858483,192608db42251d675da83286b1cce702)
Start importing Assets/VRTemplateAssets/Sprites/UI/Circle_60x60_Vertical.png using Guid(83d67d78424a7e24fa4bef36e1e32541) Importer(2089858483,192608db42251d675da83286b1cce702) (ScriptedImporter) -> (artifact id: 'b2f4ea2af1c971587d4dc8a8e92615d6') in 0.0303614 seconds
Number of updated asset objects reloaded before import = 0Number of asset objects unloaded after import = 3

========================================================================
Received Import Request.
  Time since last request: 0.000021 seconds.
  path: Assets/VRTemplateAssets/Sprites/Icons/Scroll Left.png
  artifactKey: Guid(3708b1d8e45366b489c18df71670cecd) Importer(2089858483,192608db42251d675da83286b1cce702)
Start importing Assets/VRTemplateAssets/Sprites/Icons/Scroll Left.png using Guid(3708b1d8e45366b489c18df71670cecd) Importer(2089858483,192608db42251d675da83286b1cce702) (ScriptedImporter) -> (artifact id: '42555ee8806b85bd9e532a9eebe09ba3') in 0.0295644 seconds
Number of updated asset objects reloaded before import = 0Number of asset objects unloaded after import = 3

========================================================================
Received Import Request.
  Time since last request: 0.000028 seconds.
  path: Assets/VRTemplateAssets/Models/Blink/BlinkVisual.fbx
  artifactKey: Guid(abd83a5f2e97de448a64683eb362a566) Importer(2089858483,192608db42251d675da83286b1cce702)
Start importing Assets/VRTemplateAssets/Models/Blink/BlinkVisual.fbx using Guid(abd83a5f2e97de448a64683eb362a566) Importer(2089858483,192608db42251d675da83286b1cce702) (ScriptedImporter) -> (artifact id: 'c8392313d32ea25f8551a850b3a07e45') in 0.0453686 seconds
Number of updated asset objects reloaded before import = 0Number of asset objects unloaded after import = 8

========================================================================
Received Import Request.
  Time since last request: 0.000017 seconds.
  path: Assets/VRTemplateAssets/Models/Anchor/AnchorFade.fbx
  artifactKey: Guid(436757056de26e144b330984c539cecd) Importer(2089858483,192608db42251d675da83286b1cce702)
Start importing Assets/VRTemplateAssets/Models/Anchor/AnchorFade.fbx using Guid(436757056de26e144b330984c539cecd) Importer(2089858483,192608db42251d675da83286b1cce702) (ScriptedImporter) -> (artifact id: '0e4f6bae73551590e4236aab3a509b97') in 0.0249492 seconds
Number of updated asset objects reloaded before import = 0Number of asset objects unloaded after import = 8

========================================================================
Received Import Request.
  Time since last request: 0.000016 seconds.
  path: Assets/VRTemplateAssets/Materials/Primitive/Sticky.physicMaterial
  artifactKey: Guid(93fd3ce14e8045645a179db0bfce7ea9) Importer(2089858483,192608db42251d675da83286b1cce702)
Start importing Assets/VRTemplateAssets/Materials/Primitive/Sticky.physicMaterial using Guid(93fd3ce14e8045645a179db0bfce7ea9) Importer(2089858483,192608db42251d675da83286b1cce702) (ScriptedImporter) -> (artifact id: 'b7a8518cb9a36b46e09aa204f504e05d') in 0.0417897 seconds
Number of updated asset objects reloaded before import = 0Number of asset objects unloaded after import = 1

========================================================================
Received Import Request.
  Time since last request: 0.000028 seconds.
  path: Assets/Samples/XR Hands/1.5.0/HandVisualizer/Unity.XR.Hands.Samples.VisualizerSample.asmdef
  artifactKey: Guid(60e576d96416ac94182fe26f63acf9ff) Importer(2089858483,192608db42251d675da83286b1cce702)
Start importing Assets/Samples/XR Hands/1.5.0/HandVisualizer/Unity.XR.Hands.Samples.VisualizerSample.asmdef using Guid(60e576d96416ac94182fe26f63acf9ff) Importer(2089858483,192608db42251d675da83286b1cce702) (ScriptedImporter) -> (artifact id: 'd840648fa13041018b9d653c32e3947c') in 0.028918 seconds
Number of updated asset objects reloaded before import = 0Number of asset objects unloaded after import = 1

========================================================================
Received Import Request.
  Time since last request: 0.000028 seconds.
  path: Assets/VRTemplateAssets/Sprites/UI/Round Radius 10.png
  artifactKey: Guid(65d31ca9600c4654e886aa7bab36e94b) Importer(2089858483,192608db42251d675da83286b1cce702)
Start importing Assets/VRTemplateAssets/Sprites/UI/Round Radius 10.png using Guid(65d31ca9600c4654e886aa7bab36e94b) Importer(2089858483,192608db42251d675da83286b1cce702) (ScriptedImporter) -> (artifact id: '747cdf4fc03c7ffc74e433a9f3e891fd') in 0.0262634 seconds
Number of updated asset objects reloaded before import = 0Number of asset objects unloaded after import = 3

========================================================================
Received Import Request.
  Time since last request: 0.000017 seconds.
  path: Assets/Samples/XR Interaction Toolkit/3.1.1/Hands Interaction Demo/HandsInteractionDemo.asmdef
  artifactKey: Guid(cb2909ae488862941b33f4c055c3ed13) Importer(2089858483,192608db42251d675da83286b1cce702)
Start importing Assets/Samples/XR Interaction Toolkit/3.1.1/Hands Interaction Demo/HandsInteractionDemo.asmdef using Guid(cb2909ae488862941b33f4c055c3ed13) Importer(2089858483,192608db42251d675da83286b1cce702) (ScriptedImporter) -> (artifact id: 'feea99bd97370dc282255cbca780ec4e') in 0.0367665 seconds
Number of updated asset objects reloaded before import = 0Number of asset objects unloaded after import = 1

========================================================================
Received Import Request.
  Time since last request: 0.000017 seconds.
  path: Assets/Samples/XR Interaction Toolkit/3.1.1/Hands Interaction Demo/HandsDemoScene.unity
  artifactKey: Guid(3ff35cecbcc52cc42945cf531638a60a) Importer(2089858483,192608db42251d675da83286b1cce702)
Start importing Assets/Samples/XR Interaction Toolkit/3.1.1/Hands Interaction Demo/HandsDemoScene.unity using Guid(3ff35cecbcc52cc42945cf531638a60a) Importer(2089858483,192608db42251d675da83286b1cce702) (ScriptedImporter) -> (artifact id: 'bc8b7c7d17b29b89351066e537a95d0e') in 0.0806007 seconds
Number of updated asset objects reloaded before import = 0Number of asset objects unloaded after import = 1

========================================================================
Received Import Request.
  Time since last request: 0.000024 seconds.
  path: Assets/VRTemplateAssets/Models/Environment/Arrows.fbx
  artifactKey: Guid(a8211a3e0e87d014e8326e23ae022d39) Importer(2089858483,192608db42251d675da83286b1cce702)
Start importing Assets/VRTemplateAssets/Models/Environment/Arrows.fbx using Guid(a8211a3e0e87d014e8326e23ae022d39) Importer(2089858483,192608db42251d675da83286b1cce702) (ScriptedImporter) -> (artifact id: '2bec2e6893b1250216e0a07466ce6e8d') in 0.0248599 seconds
Number of updated asset objects reloaded before import = 0Number of asset objects unloaded after import = 15

========================================================================
Received Import Request.
  Time since last request: 0.000031 seconds.
  path: Assets/VRTemplateAssets/Models/Environment/Template Environment.fbx
  artifactKey: Guid(00c9c177e828a57439e290aef2a23b3f) Importer(2089858483,192608db42251d675da83286b1cce702)
Start importing Assets/VRTemplateAssets/Models/Environment/Template Environment.fbx using Guid(00c9c177e828a57439e290aef2a23b3f) Importer(2089858483,192608db42251d675da83286b1cce702) (ScriptedImporter) -> (artifact id: 'ea8bd3f3a3feecf5e3d6cc015f7dfbde') in 0.0429086 seconds
Number of updated asset objects reloaded before import = 0Number of asset objects unloaded after import = 48

========================================================================
Received Import Request.
  Time since last request: 0.000023 seconds.
  path: Assets/Samples/XR Hands/1.5.0/HandVisualizer/Prefabs/VelocityPrefab.prefab
  artifactKey: Guid(629fd7882ec6bfc499a5fcf20035282b) Importer(2089858483,192608db42251d675da83286b1cce702)
Start importing Assets/Samples/XR Hands/1.5.0/HandVisualizer/Prefabs/VelocityPrefab.prefab using Guid(629fd7882ec6bfc499a5fcf20035282b) Importer(2089858483,192608db42251d675da83286b1cce702) (ScriptedImporter) -> (artifact id: '64dcb61bc8b89c3a43d475ea26e18af1') in 0.0584553 seconds
Number of updated asset objects reloaded before import = 0Number of asset objects unloaded after import = 5

========================================================================
Received Import Request.
  Time since last request: 0.000018 seconds.
  path: Assets/Samples/XR Hands/1.5.0/HandVisualizer/Models/LeftHand.fbx
  artifactKey: Guid(bf7151579c38e2a44be94ba8773876c1) Importer(2089858483,192608db42251d675da83286b1cce702)
Start importing Assets/Samples/XR Hands/1.5.0/HandVisualizer/Models/LeftHand.fbx using Guid(bf7151579c38e2a44be94ba8773876c1) Importer(2089858483,192608db42251d675da83286b1cce702) (ScriptedImporter) -> (artifact id: '46bc60c03f9865584765245e80c652fd') in 0.0293335 seconds
Number of updated asset objects reloaded before import = 0Number of asset objects unloaded after import = 60

========================================================================
Received Import Request.
  Time since last request: 0.000032 seconds.
  path: Assets/Samples/XR Hands/1.5.0/HandVisualizer/Scripts/HandProcessor.cs
  artifactKey: Guid(ac5903b776721d74786a2e43f00b949a) Importer(2089858483,192608db42251d675da83286b1cce702)
Start importing Assets/Samples/XR Hands/1.5.0/HandVisualizer/Scripts/HandProcessor.cs using Guid(ac5903b776721d74786a2e43f00b949a) Importer(2089858483,192608db42251d675da83286b1cce702) (ScriptedImporter) -> (artifact id: 'd0600baccf4bc1472464c5a9b02faee3') in 0.0155969 seconds
Number of updated asset objects reloaded before import = 0Number of asset objects unloaded after import = 0

========================================================================
Received Import Request.
  Time since last request: 0.000032 seconds.
  path: Assets/VRTemplateAssets/Materials/UI/torus_cursorShape.png
  artifactKey: Guid(8f956ef5b213a174e8ff93ecfd35f269) Importer(2089858483,192608db42251d675da83286b1cce702)
Start importing Assets/VRTemplateAssets/Materials/UI/torus_cursorShape.png using Guid(8f956ef5b213a174e8ff93ecfd35f269) Importer(2089858483,192608db42251d675da83286b1cce702) (ScriptedImporter) -> (artifact id: 'ae9fd9fdbfca022d1a71d4ac86b86003') in 0.0282226 seconds
Number of updated asset objects reloaded before import = 0Number of asset objects unloaded after import = 1

========================================================================
Received Import Request.
  Time since last request: 0.000019 seconds.
  path: Assets/VRTemplateAssets/Prefabs/Interactables/Rotating Torus.prefab
  artifactKey: Guid(29529d949c965f643befe6cfcd1e372c) Importer(2089858483,192608db42251d675da83286b1cce702)
Start importing Assets/VRTemplateAssets/Prefabs/Interactables/Rotating Torus.prefab using Guid(29529d949c965f643befe6cfcd1e372c) Importer(2089858483,192608db42251d675da83286b1cce702) (ScriptedImporter) -> (artifact id: '1434de2fc7f4127278ccb7f6714c5537') in 0.0200773 seconds
Number of updated asset objects reloaded before import = 0Number of asset objects unloaded after import = 29

========================================================================
Received Import Request.
  Time since last request: 0.000019 seconds.
  path: Assets/VRTemplateAssets/Materials/Primitive/Interactables Bouncy.physicMaterial
  artifactKey: Guid(590dbebc6f287b940ac52b3dfea3bfc1) Importer(2089858483,192608db42251d675da83286b1cce702)
Start importing Assets/VRTemplateAssets/Materials/Primitive/Interactables Bouncy.physicMaterial using Guid(590dbebc6f287b940ac52b3dfea3bfc1) Importer(2089858483,192608db42251d675da83286b1cce702) (ScriptedImporter) -> (artifact id: 'b9b193941c9ba8165f8be0cb36a63fad') in 0.0130245 seconds
Number of updated asset objects reloaded before import = 0Number of asset objects unloaded after import = 1

========================================================================
Received Import Request.
  Time since last request: 0.000016 seconds.
  path: Assets/Samples/XR Interaction Toolkit/3.1.1/Hands Interaction Demo/Editor/HandsInteractionDemo.Editor.asmdef
  artifactKey: Guid(ec10eb674fe33dc418851b064a84acc4) Importer(2089858483,192608db42251d675da83286b1cce702)
Start importing Assets/Samples/XR Interaction Toolkit/3.1.1/Hands Interaction Demo/Editor/HandsInteractionDemo.Editor.asmdef using Guid(ec10eb674fe33dc418851b064a84acc4) Importer(2089858483,192608db42251d675da83286b1cce702) (ScriptedImporter) -> (artifact id: '42f7c53f94db2f5e2226b0cc4139f755') in 0.0383501 seconds
Number of updated asset objects reloaded before import = 0Number of asset objects unloaded after import = 1

========================================================================
Received Import Request.
  Time since last request: 0.000029 seconds.
  path: Assets/Samples/XR Interaction Toolkit/3.1.1/Hands Interaction Demo/Prefabs/HandInteractorAffordances.prefab
  artifactKey: Guid(67c52e745f2766644ba16bfb165e2659) Importer(2089858483,192608db42251d675da83286b1cce702)
Start importing Assets/Samples/XR Interaction Toolkit/3.1.1/Hands Interaction Demo/Prefabs/HandInteractorAffordances.prefab using Guid(67c52e745f2766644ba16bfb165e2659) Importer(2089858483,192608db42251d675da83286b1cce702) (ScriptedImporter) -> (artifact id: '4f6ce67042b0e4fe9f455dce8951ab4a') in 0.0817604 seconds
Number of updated asset objects reloaded before import = 0Number of asset objects unloaded after import = 11

========================================================================
Received Import Request.
  Time since last request: 0.000038 seconds.
  path: Assets/Samples/XR Interaction Toolkit/3.1.1/Hands Interaction Demo/Prefabs/InteractionAffordance.prefab
  artifactKey: Guid(9a5f820ee9c46b64294ae756b459a681) Importer(2089858483,192608db42251d675da83286b1cce702)
Start importing Assets/Samples/XR Interaction Toolkit/3.1.1/Hands Interaction Demo/Prefabs/InteractionAffordance.prefab using Guid(9a5f820ee9c46b64294ae756b459a681) Importer(2089858483,192608db42251d675da83286b1cce702) (ScriptedImporter) -> (artifact id: '0fd409f5106b1d8d60515bdaa2c0439f') in 0.1387457 seconds
Number of updated asset objects reloaded before import = 0Number of asset objects unloaded after import = 19

========================================================================
Received Import Request.
  Time since last request: 0.000020 seconds.
  path: Assets/Samples/XR Interaction Toolkit/3.1.1/Hands Interaction Demo/Materials/DepthOnly.mat
  artifactKey: Guid(455ef821a5429de4baeed61fa958acbc) Importer(2089858483,192608db42251d675da83286b1cce702)
Start importing Assets/Samples/XR Interaction Toolkit/3.1.1/Hands Interaction Demo/Materials/DepthOnly.mat using Guid(455ef821a5429de4baeed61fa958acbc) Importer(2089858483,192608db42251d675da83286b1cce702) (ScriptedImporter) -> (artifact id: '62b490d78b813930d1cef8bcce52f1ec') in 0.015015 seconds
Number of updated asset objects reloaded before import = 0Number of asset objects unloaded after import = 1

========================================================================
Received Import Request.
  Time since last request: 0.000019 seconds.
  path: Assets/Samples/XR Interaction Toolkit/3.1.1/Hands Interaction Demo/AffordanceThemes/PinchPointUniformScaleScale.asset
  artifactKey: Guid(d22e48f34794ab9498d082f9713c2293) Importer(2089858483,192608db42251d675da83286b1cce702)
Start importing Assets/Samples/XR Interaction Toolkit/3.1.1/Hands Interaction Demo/AffordanceThemes/PinchPointUniformScaleScale.asset using Guid(d22e48f34794ab9498d082f9713c2293) Importer(2089858483,192608db42251d675da83286b1cce702) (ScriptedImporter) -> (artifact id: '333b51ce0f558a104a01bc5bc1556850') in 0.0152437 seconds
Number of updated asset objects reloaded before import = 0Number of asset objects unloaded after import = 1

========================================================================
Received Import Request.
  Time since last request: 0.000030 seconds.
  path: Assets/Samples/XR Interaction Toolkit/3.1.1/Hands Interaction Demo/Scripts/HandsOneEuroFilterPostProcessor.cs
  artifactKey: Guid(bc6980b6cb3b4f12b6b75074e4ef59f3) Importer(2089858483,192608db42251d675da83286b1cce702)
Start importing Assets/Samples/XR Interaction Toolkit/3.1.1/Hands Interaction Demo/Scripts/HandsOneEuroFilterPostProcessor.cs using Guid(bc6980b6cb3b4f12b6b75074e4ef59f3) Importer(2089858483,192608db42251d675da83286b1cce702) (ScriptedImporter) -> (artifact id: '784bbeb4e0b2d4950860a424bb3434e9') in 0.0126659 seconds
Number of updated asset objects reloaded before import = 0Number of asset objects unloaded after import = 0

========================================================================
Received Import Request.
  Time since last request: 0.000019 seconds.
  path: Assets/Samples/XR Interaction Toolkit/3.1.1/Hands Interaction Demo/Scripts/LocalPositionOffsetAffordanceReceiver.cs
  artifactKey: Guid(865d01d2834c9cb4caa8f2c901104c2d) Importer(2089858483,192608db42251d675da83286b1cce702)
Start importing Assets/Samples/XR Interaction Toolkit/3.1.1/Hands Interaction Demo/Scripts/LocalPositionOffsetAffordanceReceiver.cs using Guid(865d01d2834c9cb4caa8f2c901104c2d) Importer(2089858483,192608db42251d675da83286b1cce702) (ScriptedImporter) -> (artifact id: 'ee8d7f8b28b2afe1a75ceb1986297329') in 0.0141364 seconds
Number of updated asset objects reloaded before import = 0Number of asset objects unloaded after import = 0

========================================================================
Received Import Request.
  Time since last request: 0.000025 seconds.
  path: Assets/Samples/XR Interaction Toolkit/3.1.1/Hands Interaction Demo/Scripts/MetaSystemGestureDetector.cs
  artifactKey: Guid(a83bc4aa48d0da648b49d0fd56690b25) Importer(2089858483,192608db42251d675da83286b1cce702)
Start importing Assets/Samples/XR Interaction Toolkit/3.1.1/Hands Interaction Demo/Scripts/MetaSystemGestureDetector.cs using Guid(a83bc4aa48d0da648b49d0fd56690b25) Importer(2089858483,192608db42251d675da83286b1cce702) (ScriptedImporter) -> (artifact id: '3d4a4812eeb01d7ba1c79c0587ddd6fa') in 0.0162814 seconds
Number of updated asset objects reloaded before import = 0Number of asset objects unloaded after import = 0

========================================================================
Received Import Request.
  Time since last request: 0.000021 seconds.
  path: Assets/Samples/XR Interaction Toolkit/3.1.1/Hands Interaction Demo/Prefabs/RightHandInteractionVisual.prefab
  artifactKey: Guid(89e80c47615e4f043926d66492d3ca5f) Importer(2089858483,192608db42251d675da83286b1cce702)
Start importing Assets/Samples/XR Interaction Toolkit/3.1.1/Hands Interaction Demo/Prefabs/RightHandInteractionVisual.prefab using Guid(89e80c47615e4f043926d66492d3ca5f) Importer(2089858483,192608db42251d675da83286b1cce702) (ScriptedImporter) -> (artifact id: 'fd7e6eb46cd73c33b33ecc2f9b89d19f') in 0.0772884 seconds
Number of updated asset objects reloaded before import = 0Number of asset objects unloaded after import = 79

========================================================================
Received Import Request.
  Time since last request: 0.000023 seconds.
  path: Assets/Samples/XR Interaction Toolkit/3.1.1/Hands Interaction Demo/Scripts/OneEuroFilterVector3.cs
  artifactKey: Guid(8cf24614c456bc04c9adb820d19e35c5) Importer(2089858483,192608db42251d675da83286b1cce702)
Start importing Assets/Samples/XR Interaction Toolkit/3.1.1/Hands Interaction Demo/Scripts/OneEuroFilterVector3.cs using Guid(8cf24614c456bc04c9adb820d19e35c5) Importer(2089858483,192608db42251d675da83286b1cce702) (ScriptedImporter) -> (artifact id: 'a6cdef112edd0782d80fd6ff58d35aef') in 0.0190512 seconds
Number of updated asset objects reloaded before import = 0Number of asset objects unloaded after import = 0

========================================================================
Received Import Request.
  Time since last request: 0.000028 seconds.
  path: Assets/VRTemplateAssets/Prefabs/Interactables/Totem1 Variant.prefab
  artifactKey: Guid(e912fbd5396dace4dbdffbc8b79a6c14) Importer(2089858483,192608db42251d675da83286b1cce702)
Start importing Assets/VRTemplateAssets/Prefabs/Interactables/Totem1 Variant.prefab using Guid(e912fbd5396dace4dbdffbc8b79a6c14) Importer(2089858483,192608db42251d675da83286b1cce702) (ScriptedImporter) -> (artifact id: '099a87027290752833f0042d5e57692e') in 0.0339645 seconds
Number of updated asset objects reloaded before import = 0Number of asset objects unloaded after import = 67

========================================================================
Received Import Request.
  Time since last request: 0.000021 seconds.
  path: Assets/Samples/XR Hands/1.5.0/HandVisualizer/Scripts/HandVisualizer.cs
  artifactKey: Guid(2e9813c68d7d6f44282ace8bd2d1fd46) Importer(2089858483,192608db42251d675da83286b1cce702)
Start importing Assets/Samples/XR Hands/1.5.0/HandVisualizer/Scripts/HandVisualizer.cs using Guid(2e9813c68d7d6f44282ace8bd2d1fd46) Importer(2089858483,192608db42251d675da83286b1cce702) (ScriptedImporter) -> (artifact id: 'c95e91b5730f722cb4ba621b6335aaaf') in 0.0166129 seconds
Number of updated asset objects reloaded before import = 0Number of asset objects unloaded after import = 0

========================================================================
Received Import Request.
  Time since last request: 0.000020 seconds.
  path: Assets/XRI/Settings/Resources/InteractionLayerSettings.asset
  artifactKey: Guid(a111ee21f5eb31840bdc200167fc868b) Importer(2089858483,192608db42251d675da83286b1cce702)
Start importing Assets/XRI/Settings/Resources/InteractionLayerSettings.asset using Guid(a111ee21f5eb31840bdc200167fc868b) Importer(2089858483,192608db42251d675da83286b1cce702) (ScriptedImporter) -> (artifact id: '2d61f70e6ede149aa0f7262fe6b673d8') in 0.0165322 seconds
Number of updated asset objects reloaded before import = 0Number of asset objects unloaded after import = 1

========================================================================
Received Import Request.
  Time since last request: 0.000035 seconds.
  path: Assets/Samples/XR Interaction Toolkit/3.1.1/Starter Assets/AffordanceThemes/ControllerPokeSphereScale.asset
  artifactKey: Guid(fd784a23f6ef7774a8998adf6e979d04) Importer(2089858483,192608db42251d675da83286b1cce702)
Start importing Assets/Samples/XR Interaction Toolkit/3.1.1/Starter Assets/AffordanceThemes/ControllerPokeSphereScale.asset using Guid(fd784a23f6ef7774a8998adf6e979d04) Importer(2089858483,192608db42251d675da83286b1cce702) (ScriptedImporter) -> (artifact id: 'd07f4cb27e34ea47a383f4bb3e342fb7') in 0.0311204 seconds
Number of updated asset objects reloaded before import = 0Number of asset objects unloaded after import = 1

========================================================================
Received Import Request.
  Time since last request: 0.000030 seconds.
  path: Assets/Samples/XR Interaction Toolkit/3.1.1/Hands Interaction Demo/Shaders/RimLight.shadergraph
  artifactKey: Guid(4ff4bf42ffc12e34a9c53b2f216f5442) Importer(2089858483,192608db42251d675da83286b1cce702)
Start importing Assets/Samples/XR Interaction Toolkit/3.1.1/Hands Interaction Demo/Shaders/RimLight.shadergraph using Guid(4ff4bf42ffc12e34a9c53b2f216f5442) Importer(2089858483,192608db42251d675da83286b1cce702) (ScriptedImporter) -> (artifact id: 'c0fc3da422f5ae67e3b2e01c56d17df3') in 0.3491705 seconds
Number of updated asset objects reloaded before import = 0Number of asset objects unloaded after import = 7

========================================================================
Received Import Request.
  Time since last request: 0.000021 seconds.
  path: Assets/Samples/XR Interaction Toolkit/3.1.1/Starter Assets/Editor/StarterAssets.Editor.asmdef
  artifactKey: Guid(9233538b711383d449a485633568d17c) Importer(2089858483,192608db42251d675da83286b1cce702)
Start importing Assets/Samples/XR Interaction Toolkit/3.1.1/Starter Assets/Editor/StarterAssets.Editor.asmdef using Guid(9233538b711383d449a485633568d17c) Importer(2089858483,192608db42251d675da83286b1cce702) (ScriptedImporter) -> (artifact id: '0bdf252a715355cc02eae341473c1a85') in 0.0352532 seconds
Number of updated asset objects reloaded before import = 0Number of asset objects unloaded after import = 1

========================================================================
Received Import Request.
  Time since last request: 0.000040 seconds.
  path: Assets/Samples/XR Interaction Toolkit/3.1.1/Starter Assets/Materials/Flat Blue.mat
  artifactKey: Guid(91ff3830fc4055a4fb0d0d2be32101a7) Importer(2089858483,192608db42251d675da83286b1cce702)
Start importing Assets/Samples/XR Interaction Toolkit/3.1.1/Starter Assets/Materials/Flat Blue.mat using Guid(91ff3830fc4055a4fb0d0d2be32101a7) Importer(2089858483,192608db42251d675da83286b1cce702) (ScriptedImporter) -> (artifact id: '65fc1fe8c0779a07158652cc13b43838') in 0.0157096 seconds
Number of updated asset objects reloaded before import = 0Number of asset objects unloaded after import = 1

========================================================================
Received Import Request.
  Time since last request: 0.000018 seconds.
  path: Assets/Samples/XR Interaction Toolkit/3.1.1/Starter Assets/AffordanceThemes/PokeSphereColor.asset
  artifactKey: Guid(fc690d1505c48cb4696838b71abd2ca0) Importer(2089858483,192608db42251d675da83286b1cce702)
Start importing Assets/Samples/XR Interaction Toolkit/3.1.1/Starter Assets/AffordanceThemes/PokeSphereColor.asset using Guid(fc690d1505c48cb4696838b71abd2ca0) Importer(2089858483,192608db42251d675da83286b1cce702) (ScriptedImporter) -> (artifact id: '356305c77c8fe4547c6713c1a432e3d7') in 0.0176601 seconds
Number of updated asset objects reloaded before import = 0Number of asset objects unloaded after import = 1

========================================================================
Received Import Request.
  Time since last request: 0.000019 seconds.
  path: Assets/Samples/XR Interaction Toolkit/3.1.1/Starter Assets/Materials/Controller_White.mat
  artifactKey: Guid(9f12d299d16099343a3c5c0d7285822a) Importer(2089858483,192608db42251d675da83286b1cce702)
Start importing Assets/Samples/XR Interaction Toolkit/3.1.1/Starter Assets/Materials/Controller_White.mat using Guid(9f12d299d16099343a3c5c0d7285822a) Importer(2089858483,192608db42251d675da83286b1cce702) (ScriptedImporter) -> (artifact id: '53fd964cbb5d05abc327c2ef71e28f63') in 0.0177751 seconds
Number of updated asset objects reloaded before import = 0Number of asset objects unloaded after import = 2

========================================================================
Received Import Request.
  Time since last request: 0.000022 seconds.
  path: Assets/VRTemplateAssets/Prefabs/Interactables/Torus Interactable Variant.prefab
  artifactKey: Guid(3d032f5481d2826478451895128a76f4) Importer(2089858483,192608db42251d675da83286b1cce702)
Start importing Assets/VRTemplateAssets/Prefabs/Interactables/Torus Interactable Variant.prefab using Guid(3d032f5481d2826478451895128a76f4) Importer(2089858483,192608db42251d675da83286b1cce702) (ScriptedImporter) -> (artifact id: '4c5cf69fcd30223720d39ea044b48551') in 0.0737719 seconds
Number of updated asset objects reloaded before import = 0Number of asset objects unloaded after import = 35

========================================================================
Received Import Request.
  Time since last request: 0.000033 seconds.
  path: Assets/VRTemplateAssets/Prefabs/UI/Dropdown.prefab
  artifactKey: Guid(3405290cc9a00c34bbd425b05c494f62) Importer(2089858483,192608db42251d675da83286b1cce702)
Start importing Assets/VRTemplateAssets/Prefabs/UI/Dropdown.prefab using Guid(3405290cc9a00c34bbd425b05c494f62) Importer(2089858483,192608db42251d675da83286b1cce702) (ScriptedImporter) -> (artifact id: '3a8ce00a61f553fa73b8f784d5a9656f') in 0.1098273 seconds
Number of updated asset objects reloaded before import = 0Number of asset objects unloaded after import = 73

========================================================================
Received Import Request.
  Time since last request: 0.000038 seconds.
  path: Assets/Samples/XR Interaction Toolkit/3.1.1/Starter Assets/Models/Primitive_Wedge.fbx
  artifactKey: Guid(ab3a79eba4de4be0ad5fead9fb858190) Importer(2089858483,192608db42251d675da83286b1cce702)
Start importing Assets/Samples/XR Interaction Toolkit/3.1.1/Starter Assets/Models/Primitive_Wedge.fbx using Guid(ab3a79eba4de4be0ad5fead9fb858190) Importer(2089858483,192608db42251d675da83286b1cce702) (ScriptedImporter) -> (artifact id: 'dc09fc3e136a2c89d3d2c6f693ccd7d1') in 0.0440802 seconds
Number of updated asset objects reloaded before import = 0Number of asset objects unloaded after import = 8

========================================================================
Received Import Request.
  Time since last request: 0.000023 seconds.
  path: Assets/Samples/XR Interaction Toolkit/3.1.1/Starter Assets/Presets/XRI Default Continuous Move.preset
  artifactKey: Guid(27c5945ad36f6f147bc402250679a228) Importer(2089858483,192608db42251d675da83286b1cce702)
Start importing Assets/Samples/XR Interaction Toolkit/3.1.1/Starter Assets/Presets/XRI Default Continuous Move.preset using Guid(27c5945ad36f6f147bc402250679a228) Importer(2089858483,192608db42251d675da83286b1cce702) (ScriptedImporter) -> (artifact id: 'b7eb72f02775f2d38f5b2a85071575f6') in 0.0576271 seconds
Number of updated asset objects reloaded before import = 0Number of asset objects unloaded after import = 4

========================================================================
Received Import Request.
  Time since last request: 0.000025 seconds.
  path: Assets/Samples/XR Interaction Toolkit/3.1.1/Starter Assets/Materials/Interactable.mat
  artifactKey: Guid(76618f7490c40334fa7b685859587d2e) Importer(2089858483,192608db42251d675da83286b1cce702)
Start importing Assets/Samples/XR Interaction Toolkit/3.1.1/Starter Assets/Materials/Interactable.mat using Guid(76618f7490c40334fa7b685859587d2e) Importer(2089858483,192608db42251d675da83286b1cce702) (ScriptedImporter) -> (artifact id: 'f240693d963dfa9f79b09638993a214b') in 0.2640431 seconds
Number of updated asset objects reloaded before import = 0Number of asset objects unloaded after import = 7

========================================================================
Received Import Request.
  Time since last request: 0.000020 seconds.
  path: Assets/Samples/XR Interaction Toolkit/3.1.1/Starter Assets/Scripts/ClimbTeleportDestinationIndicator.cs
  artifactKey: Guid(e766f86cb7d2461683eb37d8a971fb14) Importer(2089858483,192608db42251d675da83286b1cce702)
Start importing Assets/Samples/XR Interaction Toolkit/3.1.1/Starter Assets/Scripts/ClimbTeleportDestinationIndicator.cs using Guid(e766f86cb7d2461683eb37d8a971fb14) Importer(2089858483,192608db42251d675da83286b1cce702) (ScriptedImporter) -> (artifact id: '33dbc52535de0e2c8362f0aafe88b981') in 0.0179221 seconds
Number of updated asset objects reloaded before import = 0Number of asset objects unloaded after import = 0

========================================================================
Received Import Request.
  Time since last request: 0.000034 seconds.
  path: Assets/Samples/XR Interaction Toolkit/3.1.1/Starter Assets/Presets/XRI Default Left Grab Move.preset
  artifactKey: Guid(e2e08fffc3edfbb47a429bae0c5a6343) Importer(2089858483,192608db42251d675da83286b1cce702)
Start importing Assets/Samples/XR Interaction Toolkit/3.1.1/Starter Assets/Presets/XRI Default Left Grab Move.preset using Guid(e2e08fffc3edfbb47a429bae0c5a6343) Importer(2089858483,192608db42251d675da83286b1cce702) (ScriptedImporter) -> (artifact id: '6bd0d056c8496d790a208ab61504e709') in 0.034053 seconds
Number of updated asset objects reloaded before import = 0Number of asset objects unloaded after import = 3

========================================================================
Received Import Request.
  Time since last request: 0.000022 seconds.
  path: Assets/Samples/XR Interaction Toolkit/3.1.1/Starter Assets/Scripts/DynamicMoveProvider.cs
  artifactKey: Guid(9b1e8c997df241c1a67045eeac79b41b) Importer(2089858483,192608db42251d675da83286b1cce702)
Start importing Assets/Samples/XR Interaction Toolkit/3.1.1/Starter Assets/Scripts/DynamicMoveProvider.cs using Guid(9b1e8c997df241c1a67045eeac79b41b) Importer(2089858483,192608db42251d675da83286b1cce702) (ScriptedImporter) -> (artifact id: '6347ce7b8ca7a639baa995ce38d3c97a') in 0.0169807 seconds
Number of updated asset objects reloaded before import = 0Number of asset objects unloaded after import = 0

========================================================================
Received Import Request.
  Time since last request: 0.000021 seconds.
  path: Assets/Samples/XR Interaction Toolkit/3.1.1/Starter Assets/Scripts/ControllerInputActionManager.cs
  artifactKey: Guid(f9ac216f0eb04754b1d938aac6380b31) Importer(2089858483,192608db42251d675da83286b1cce702)
Start importing Assets/Samples/XR Interaction Toolkit/3.1.1/Starter Assets/Scripts/ControllerInputActionManager.cs using Guid(f9ac216f0eb04754b1d938aac6380b31) Importer(2089858483,192608db42251d675da83286b1cce702) (ScriptedImporter) -> (artifact id: '266fd74005b5d6e9fa6869a610986172') in 0.0153033 seconds
Number of updated asset objects reloaded before import = 0Number of asset objects unloaded after import = 0

========================================================================
Received Import Request.
  Time since last request: 0.000023 seconds.
  path: Assets/Samples/XR Interaction Toolkit/3.1.1/Hands Interaction Demo/Scripts/ReleaseThresholdButtonReader.cs
  artifactKey: Guid(63f61d1c82c9fc6429ebd4791a4d6817) Importer(2089858483,192608db42251d675da83286b1cce702)
Start importing Assets/Samples/XR Interaction Toolkit/3.1.1/Hands Interaction Demo/Scripts/ReleaseThresholdButtonReader.cs using Guid(63f61d1c82c9fc6429ebd4791a4d6817) Importer(2089858483,192608db42251d675da83286b1cce702) (ScriptedImporter) -> (artifact id: 'd1d6a946c86c10fdff17d7e52c381959') in 0.0187762 seconds
Number of updated asset objects reloaded before import = 0Number of asset objects unloaded after import = 0

========================================================================
Received Import Request.
  Time since last request: 0.000040 seconds.
  path: Assets/Samples/XR Interaction Toolkit/3.1.1/Hands Interaction Demo/Scripts/ValueDerivedButtonReader.cs
  artifactKey: Guid(bf47ae772fb3421292887025bf9b5820) Importer(2089858483,192608db42251d675da83286b1cce702)
Start importing Assets/Samples/XR Interaction Toolkit/3.1.1/Hands Interaction Demo/Scripts/ValueDerivedButtonReader.cs using Guid(bf47ae772fb3421292887025bf9b5820) Importer(2089858483,192608db42251d675da83286b1cce702) (ScriptedImporter) -> (artifact id: '42525487b254f710c06ab4ceb7f62bb1') in 0.0172113 seconds
Number of updated asset objects reloaded before import = 0Number of asset objects unloaded after import = 0

========================================================================
Received Import Request.
  Time since last request: 0.000026 seconds.
  path: Assets/Samples/XR Interaction Toolkit/3.1.1/Hands Interaction Demo/AffordanceThemes/HandEdgeColor.asset
  artifactKey: Guid(f94337e1a5a93c7438d8f8508b246e6d) Importer(2089858483,192608db42251d675da83286b1cce702)
Start importing Assets/Samples/XR Interaction Toolkit/3.1.1/Hands Interaction Demo/AffordanceThemes/HandEdgeColor.asset using Guid(f94337e1a5a93c7438d8f8508b246e6d) Importer(2089858483,192608db42251d675da83286b1cce702) (ScriptedImporter) -> (artifact id: '34ab25f9eeefd475c26a1fc7d3913906') in 0.0174619 seconds
Number of updated asset objects reloaded before import = 0Number of asset objects unloaded after import = 1

========================================================================
Received Import Request.
  Time since last request: 0.000021 seconds.
  path: Assets/Samples/XR Interaction Toolkit/3.1.1/Starter Assets/TunnelingVignette/TunnelingVignetteHemisphere.fbx
  artifactKey: Guid(5833e680dc0f7ae47aec6b4286570484) Importer(2089858483,192608db42251d675da83286b1cce702)
Start importing Assets/Samples/XR Interaction Toolkit/3.1.1/Starter Assets/TunnelingVignette/TunnelingVignetteHemisphere.fbx using Guid(5833e680dc0f7ae47aec6b4286570484) Importer(2089858483,192608db42251d675da83286b1cce702) (ScriptedImporter) -> (artifact id: 'ce341c3a29b2d3f7b000c8025eff9250') in 0.02638 seconds
Number of updated asset objects reloaded before import = 0Number of asset objects unloaded after import = 7

========================================================================
Received Import Request.
  Time since last request: 0.000023 seconds.
  path: Assets/Samples/XR Interaction Toolkit/3.1.1/Starter Assets/Shaders/Unlit_ShaderGraph.shadergraph
  artifactKey: Guid(740445f1490c01e4b8feacf8d9ab5e7f) Importer(2089858483,192608db42251d675da83286b1cce702)
Start importing Assets/Samples/XR Interaction Toolkit/3.1.1/Starter Assets/Shaders/Unlit_ShaderGraph.shadergraph using Guid(740445f1490c01e4b8feacf8d9ab5e7f) Importer(2089858483,192608db42251d675da83286b1cce702) (ScriptedImporter) -> (artifact id: 'b5534a0093a2ea0e92399157efdfda0b') in 0.3068031 seconds
Number of updated asset objects reloaded before import = 0Number of asset objects unloaded after import = 6

========================================================================
Received Import Request.
  Time since last request: 0.000033 seconds.
  path: Assets/Samples/XR Interaction Toolkit/3.1.1/Starter Assets/Scripts/TeleportVolumeAnchorAffordanceStateLink.cs
  artifactKey: Guid(7da98a0edd844d83b9b4de3f91de030c) Importer(2089858483,192608db42251d675da83286b1cce702)
Start importing Assets/Samples/XR Interaction Toolkit/3.1.1/Starter Assets/Scripts/TeleportVolumeAnchorAffordanceStateLink.cs using Guid(7da98a0edd844d83b9b4de3f91de030c) Importer(2089858483,192608db42251d675da83286b1cce702) (ScriptedImporter) -> (artifact id: 'c6a758c20e8ae2ac2de352a79ebce5b1') in 0.0222158 seconds
Number of updated asset objects reloaded before import = 0Number of asset objects unloaded after import = 0

========================================================================
Received Import Request.
  Time since last request: 0.000017 seconds.
  path: Assets/Samples/XR Interaction Toolkit/3.1.1/Hands Interaction Demo/HandsDemoSceneAssets/Affordances/Scale.asset
  artifactKey: Guid(6c5f857510aad3f4c8df41fd90e934a5) Importer(2089858483,192608db42251d675da83286b1cce702)
Start importing Assets/Samples/XR Interaction Toolkit/3.1.1/Hands Interaction Demo/HandsDemoSceneAssets/Affordances/Scale.asset using Guid(6c5f857510aad3f4c8df41fd90e934a5) Importer(2089858483,192608db42251d675da83286b1cce702) (ScriptedImporter) -> (artifact id: 'c971bd4ac3655a55ab6373138fa9734e') in 0.031635 seconds
Number of updated asset objects reloaded before import = 0Number of asset objects unloaded after import = 1

========================================================================
Received Import Request.
  Time since last request: 0.000018 seconds.
  path: Assets/Samples/XR Interaction Toolkit/3.1.1/Hands Interaction Demo/HandsDemoSceneAssets/Affordances/CapsuleScale.asset
  artifactKey: Guid(e5acc2ade2588d44fb53e968cd702099) Importer(2089858483,192608db42251d675da83286b1cce702)
Start importing Assets/Samples/XR Interaction Toolkit/3.1.1/Hands Interaction Demo/HandsDemoSceneAssets/Affordances/CapsuleScale.asset using Guid(e5acc2ade2588d44fb53e968cd702099) Importer(2089858483,192608db42251d675da83286b1cce702) (ScriptedImporter) -> (artifact id: 'bf15b4b3e17f3377a285aca59ddcb03a') in 0.0242281 seconds
Number of updated asset objects reloaded before import = 0Number of asset objects unloaded after import = 1

========================================================================
Received Import Request.
  Time since last request: 0.000021 seconds.
  path: Assets/Samples/XR Interaction Toolkit/3.1.1/Hands Interaction Demo/HandsDemoSceneAssets/Materials/AccentButton.mat
  artifactKey: Guid(53c16fb5d5c516b40a1f6a8fc34132f3) Importer(2089858483,192608db42251d675da83286b1cce702)
Start importing Assets/Samples/XR Interaction Toolkit/3.1.1/Hands Interaction Demo/HandsDemoSceneAssets/Materials/AccentButton.mat using Guid(53c16fb5d5c516b40a1f6a8fc34132f3) Importer(2089858483,192608db42251d675da83286b1cce702) (ScriptedImporter) -> (artifact id: 'e5a3263b1bd9030258e1feda8800cc85') in 0.0208257 seconds
Number of updated asset objects reloaded before import = 0Number of asset objects unloaded after import = 2

========================================================================
Received Import Request.
  Time since last request: 0.000031 seconds.
  path: Assets/Samples/XR Interaction Toolkit/3.1.1/Starter Assets/TunnelingVignette/TunnelingVignette.mat
  artifactKey: Guid(0a35b7e20f75a8540a2c14b9555078cb) Importer(2089858483,192608db42251d675da83286b1cce702)
Start importing Assets/Samples/XR Interaction Toolkit/3.1.1/Starter Assets/TunnelingVignette/TunnelingVignette.mat using Guid(0a35b7e20f75a8540a2c14b9555078cb) Importer(2089858483,192608db42251d675da83286b1cce702) (ScriptedImporter) -> (artifact id: 'af10bf0e6ae611ca5680808ba87e6f6e') in 0.0197997 seconds
Number of updated asset objects reloaded before import = 0Number of asset objects unloaded after import = 1

========================================================================
Received Import Request.
  Time since last request: 0.000026 seconds.
  path: Assets/Samples/XR Interaction Toolkit/3.1.1/Starter Assets/Textures/DefaultMaterial_AO.png
  artifactKey: Guid(85e675893a909864d9c237e20202651b) Importer(2089858483,192608db42251d675da83286b1cce702)
Start importing Assets/Samples/XR Interaction Toolkit/3.1.1/Starter Assets/Textures/DefaultMaterial_AO.png using Guid(85e675893a909864d9c237e20202651b) Importer(2089858483,192608db42251d675da83286b1cce702) (ScriptedImporter) -> (artifact id: 'eadc741eaee6d44fc3aeff9ff9bce485') in 0.0262934 seconds
Number of updated asset objects reloaded before import = 0Number of asset objects unloaded after import = 1

========================================================================
Received Import Request.
  Time since last request: 0.000020 seconds.
  path: Assets/VRTemplateAssets/Materials/Particles/ConfettiParticles.mat
  artifactKey: Guid(456e2158124c0aa40bf9eceb850dfdb4) Importer(2089858483,192608db42251d675da83286b1cce702)
Start importing Assets/VRTemplateAssets/Materials/Particles/ConfettiParticles.mat using Guid(456e2158124c0aa40bf9eceb850dfdb4) Importer(2089858483,192608db42251d675da83286b1cce702) (ScriptedImporter) -> (artifact id: '3b36557efb4825d2cfa68ab3d5e98350') in 0.0197121 seconds
Number of updated asset objects reloaded before import = 0Number of asset objects unloaded after import = 1

========================================================================
Received Import Request.
  Time since last request: 0.000021 seconds.
  path: Assets/Samples/XR Interaction Toolkit/3.1.1/Hands Interaction Demo/AffordanceThemes/PinchPointColor.asset
  artifactKey: Guid(1468864c36cbf39428681b1f0d9ef149) Importer(2089858483,192608db42251d675da83286b1cce702)
Start importing Assets/Samples/XR Interaction Toolkit/3.1.1/Hands Interaction Demo/AffordanceThemes/PinchPointColor.asset using Guid(1468864c36cbf39428681b1f0d9ef149) Importer(2089858483,192608db42251d675da83286b1cce702) (ScriptedImporter) -> (artifact id: 'd45fce19f7440e7b6e8e62177ed160ac') in 0.0381884 seconds
Number of updated asset objects reloaded before import = 0Number of asset objects unloaded after import = 1

========================================================================
Received Import Request.
  Time since last request: 0.000033 seconds.
  path: Assets/Samples/XR Interaction Toolkit/3.1.1/Hands Interaction Demo/HandsDemoSceneAssets/Prefabs/DiscController.prefab
  artifactKey: Guid(6b7188f9e149bd64cb26cec516eb470c) Importer(2089858483,192608db42251d675da83286b1cce702)
Start importing Assets/Samples/XR Interaction Toolkit/3.1.1/Hands Interaction Demo/HandsDemoSceneAssets/Prefabs/DiscController.prefab using Guid(6b7188f9e149bd64cb26cec516eb470c) Importer(2089858483,192608db42251d675da83286b1cce702) (ScriptedImporter) -> (artifact id: '36f0f99d21ff547276702dc597c63fbb') in 0.0728676 seconds
Number of updated asset objects reloaded before import = 0Number of asset objects unloaded after import = 26

========================================================================
Received Import Request.
  Time since last request: 0.000017 seconds.
  path: Assets/Samples/XR Interaction Toolkit/3.1.1/Hands Interaction Demo/HandsDemoSceneAssets/Prefabs/AudioAffordance.prefab
  artifactKey: Guid(1c54cdd9a14d96049a8d37d422bd0e17) Importer(2089858483,192608db42251d675da83286b1cce702)
Start importing Assets/Samples/XR Interaction Toolkit/3.1.1/Hands Interaction Demo/HandsDemoSceneAssets/Prefabs/AudioAffordance.prefab using Guid(1c54cdd9a14d96049a8d37d422bd0e17) Importer(2089858483,192608db42251d675da83286b1cce702) (ScriptedImporter) -> (artifact id: '4d45633852a3ab736d0d2da8b851e41a') in 0.05733 seconds
Number of updated asset objects reloaded before import = 0Number of asset objects unloaded after import = 9

========================================================================
Received Import Request.
  Time since last request: 0.000020 seconds.
  path: Assets/Samples/XR Interaction Toolkit/3.1.1/Hands Interaction Demo/HandsDemoSceneAssets/Materials/Interactable White.mat
  artifactKey: Guid(b3c19a119577be64885886bfcc8792fe) Importer(2089858483,192608db42251d675da83286b1cce702)
Start importing Assets/Samples/XR Interaction Toolkit/3.1.1/Hands Interaction Demo/HandsDemoSceneAssets/Materials/Interactable White.mat using Guid(b3c19a119577be64885886bfcc8792fe) Importer(2089858483,192608db42251d675da83286b1cce702) (ScriptedImporter) -> (artifact id: '3eedf9028375f890d9250835f64092db') in 0.0201113 seconds
Number of updated asset objects reloaded before import = 0Number of asset objects unloaded after import = 7

========================================================================
Received Import Request.
  Time since last request: 0.000027 seconds.
  path: Assets/Samples/XR Interaction Toolkit/3.1.1/Hands Interaction Demo/HandsDemoSceneAssets/Materials/RPMaterialHandler.asset
  artifactKey: Guid(84966892245e3a742b5a7a3e6d830f34) Importer(2089858483,192608db42251d675da83286b1cce702)
Start importing Assets/Samples/XR Interaction Toolkit/3.1.1/Hands Interaction Demo/HandsDemoSceneAssets/Materials/RPMaterialHandler.asset using Guid(84966892245e3a742b5a7a3e6d830f34) Importer(2089858483,192608db42251d675da83286b1cce702) (ScriptedImporter) -> (artifact id: '3e321f315b0a9c5de519b4dd57a7c631') in 0.0224668 seconds
Number of updated asset objects reloaded before import = 0Number of asset objects unloaded after import = 9

========================================================================
Received Import Request.
  Time since last request: 0.000020 seconds.
  path: Assets/Samples/XR Interaction Toolkit/3.1.1/Hands Interaction Demo/HandsDemoSceneAssets/Prefabs/Disc.prefab
  artifactKey: Guid(54a010e086d816242aedcc5be9e8b1b5) Importer(2089858483,192608db42251d675da83286b1cce702)
Start importing Assets/Samples/XR Interaction Toolkit/3.1.1/Hands Interaction Demo/HandsDemoSceneAssets/Prefabs/Disc.prefab using Guid(54a010e086d816242aedcc5be9e8b1b5) Importer(2089858483,192608db42251d675da83286b1cce702) (ScriptedImporter) -> (artifact id: '8ad28c85f7e21770bd5401f1391f15bd') in 0.0895081 seconds
Number of updated asset objects reloaded before import = 0Number of asset objects unloaded after import = 29

========================================================================
Received Import Request.
  Time since last request: 0.000018 seconds.
  path: Assets/Samples/XR Interaction Toolkit/3.1.1/Hands Interaction Demo/Shaders/Subgraphs/FadeFromCenter.shadersubgraph
  artifactKey: Guid(42ba907d16ca12e4ea44090883108545) Importer(2089858483,192608db42251d675da83286b1cce702)
Start importing Assets/Samples/XR Interaction Toolkit/3.1.1/Hands Interaction Demo/Shaders/Subgraphs/FadeFromCenter.shadersubgraph using Guid(42ba907d16ca12e4ea44090883108545) Importer(2089858483,192608db42251d675da83286b1cce702) (ScriptedImporter) -> (artifact id: '32411d2a78105ebb2c97c31a7235ce3b') in 0.0253783 seconds
Number of updated asset objects reloaded before import = 0Number of asset objects unloaded after import = 1

========================================================================
Received Import Request.
  Time since last request: 0.000018 seconds.
  path: Assets/Samples/XR Interaction Toolkit/3.1.1/Starter Assets/DemoSceneAssets/Materials/Concrete Light Blue.mat
  artifactKey: Guid(830d28b607e09a2479e2005c2eb5c75e) Importer(2089858483,192608db42251d675da83286b1cce702)
Start importing Assets/Samples/XR Interaction Toolkit/3.1.1/Starter Assets/DemoSceneAssets/Materials/Concrete Light Blue.mat using Guid(830d28b607e09a2479e2005c2eb5c75e) Importer(2089858483,192608db42251d675da83286b1cce702) (ScriptedImporter) -> (artifact id: '126cbb6f8cd95a7c8ab8375a2b14db90') in 0.0399081 seconds
Number of updated asset objects reloaded before import = 0Number of asset objects unloaded after import = 3

========================================================================
Received Import Request.
  Time since last request: 0.000031 seconds.
  path: Assets/Samples/XR Interaction Toolkit/3.1.1/Hands Interaction Demo/Shaders/Subgraphs/FadeFromCenterWithNoise.shadersubgraph
  artifactKey: Guid(d76b454bee8e3db44acf749b2f4ac142) Importer(2089858483,192608db42251d675da83286b1cce702)
Start importing Assets/Samples/XR Interaction Toolkit/3.1.1/Hands Interaction Demo/Shaders/Subgraphs/FadeFromCenterWithNoise.shadersubgraph using Guid(d76b454bee8e3db44acf749b2f4ac142) Importer(2089858483,192608db42251d675da83286b1cce702) (ScriptedImporter) -> (artifact id: 'f84b08f48882fb35bb6f205d533f5344') in 0.0176485 seconds
Number of updated asset objects reloaded before import = 0Number of asset objects unloaded after import = 1

========================================================================
Received Import Request.
  Time since last request: 0.000019 seconds.
  path: Assets/Samples/XR Interaction Toolkit/3.1.1/Starter Assets/DemoSceneAssets/Audio/Button Pop.wav
  artifactKey: Guid(16fba6d30ed741d4a9fdd6e79ee2f3ac) Importer(2089858483,192608db42251d675da83286b1cce702)
Start importing Assets/Samples/XR Interaction Toolkit/3.1.1/Starter Assets/DemoSceneAssets/Audio/Button Pop.wav using Guid(16fba6d30ed741d4a9fdd6e79ee2f3ac) Importer(2089858483,192608db42251d675da83286b1cce702) (ScriptedImporter) -> (artifact id: '1698486b54dbb36730ae81840101b82b') in 0.047699 seconds
Number of updated asset objects reloaded before import = 0Number of asset objects unloaded after import = 1

========================================================================
Received Import Request.
  Time since last request: 0.000019 seconds.
  path: Assets/Samples/XR Interaction Toolkit/3.1.1/Starter Assets/DemoSceneAssets/AffordanceThemes/InteractionColor.asset
  artifactKey: Guid(3ec238cb3e80e274c844d7b56f585392) Importer(2089858483,192608db42251d675da83286b1cce702)
Start importing Assets/Samples/XR Interaction Toolkit/3.1.1/Starter Assets/DemoSceneAssets/AffordanceThemes/InteractionColor.asset using Guid(3ec238cb3e80e274c844d7b56f585392) Importer(2089858483,192608db42251d675da83286b1cce702) (ScriptedImporter) -> (artifact id: '7fafb7bfa40f7e2c3d0b8f09cf85e998') in 0.0176242 seconds
Number of updated asset objects reloaded before import = 0Number of asset objects unloaded after import = 1

========================================================================
Received Import Request.
  Time since last request: 0.000024 seconds.
  path: Assets/Samples/XR Hands/1.5.0/HandVisualizer/Materials/TransparentRed.mat
  artifactKey: Guid(d149182fa7aa1dc47bd32b2a6da80ec9) Importer(2089858483,192608db42251d675da83286b1cce702)
Start importing Assets/Samples/XR Hands/1.5.0/HandVisualizer/Materials/TransparentRed.mat using Guid(d149182fa7aa1dc47bd32b2a6da80ec9) Importer(2089858483,192608db42251d675da83286b1cce702) (ScriptedImporter) -> (artifact id: '78cbaa3572d6307183d4a5e9f6a47bc9') in 0.0680583 seconds
Number of updated asset objects reloaded before import = 0Number of asset objects unloaded after import = 1

========================================================================
Received Import Request.
  Time since last request: 0.000038 seconds.
  path: Assets/Samples/XR Interaction Toolkit/3.1.1/Starter Assets/DemoSceneAssets/Models/Primitive_Blaster_Long.fbx
  artifactKey: Guid(e51d3dbfe79e4c646bb30424a11f23a0) Importer(2089858483,192608db42251d675da83286b1cce702)
Start importing Assets/Samples/XR Interaction Toolkit/3.1.1/Starter Assets/DemoSceneAssets/Models/Primitive_Blaster_Long.fbx using Guid(e51d3dbfe79e4c646bb30424a11f23a0) Importer(2089858483,192608db42251d675da83286b1cce702) (ScriptedImporter) -> (artifact id: 'b3111e4d1aa4cb047bb43c2c2dd4d086') in 0.0580932 seconds
Number of updated asset objects reloaded before import = 0Number of asset objects unloaded after import = 8

========================================================================
Received Import Request.
  Time since last request: 0.000025 seconds.
  path: Assets/Samples/XR Interaction Toolkit/3.1.1/Starter Assets/DemoSceneAssets/Models/Primitive_Tapered_Cylinder.fbx
  artifactKey: Guid(e3493855a112e8248a2ea2c9828a51a1) Importer(2089858483,192608db42251d675da83286b1cce702)
Start importing Assets/Samples/XR Interaction Toolkit/3.1.1/Starter Assets/DemoSceneAssets/Models/Primitive_Tapered_Cylinder.fbx using Guid(e3493855a112e8248a2ea2c9828a51a1) Importer(2089858483,192608db42251d675da83286b1cce702) (ScriptedImporter) -> (artifact id: '796f9757e29dbd64e15d80f1db5fbd95') in 0.0288368 seconds
Number of updated asset objects reloaded before import = 0Number of asset objects unloaded after import = 8

========================================================================
Received Import Request.
  Time since last request: 0.000019 seconds.
  path: Assets/Samples/XR Interaction Toolkit/3.1.1/Starter Assets/DemoSceneAssets/Scripts/IncrementUIText.cs
  artifactKey: Guid(ba6ff5e7c92519444bc2a7ca46558963) Importer(2089858483,192608db42251d675da83286b1cce702)
Start importing Assets/Samples/XR Interaction Toolkit/3.1.1/Starter Assets/DemoSceneAssets/Scripts/IncrementUIText.cs using Guid(ba6ff5e7c92519444bc2a7ca46558963) Importer(2089858483,192608db42251d675da83286b1cce702) (ScriptedImporter) -> (artifact id: 'db88685d776c0b117e99f81e5c43cdb3') in 0.0178876 seconds
Number of updated asset objects reloaded before import = 0Number of asset objects unloaded after import = 0

========================================================================
Received Import Request.
  Time since last request: 0.000025 seconds.
  path: Assets/Samples/XR Interaction Toolkit/3.1.1/Starter Assets/DemoSceneAssets/Models/Primitive_Torus.fbx
  artifactKey: Guid(f077c919501a44778a0c2edb6eb1a54a) Importer(2089858483,192608db42251d675da83286b1cce702)
Start importing Assets/Samples/XR Interaction Toolkit/3.1.1/Starter Assets/DemoSceneAssets/Models/Primitive_Torus.fbx using Guid(f077c919501a44778a0c2edb6eb1a54a) Importer(2089858483,192608db42251d675da83286b1cce702) (ScriptedImporter) -> (artifact id: 'f95e9a96a41157b7d7e768ff9005e28e') in 0.0623329 seconds
Number of updated asset objects reloaded before import = 0Number of asset objects unloaded after import = 8

========================================================================
Received Import Request.
  Time since last request: 0.000032 seconds.
  path: Assets/Samples/XR Interaction Toolkit/3.1.1/Starter Assets/DemoSceneAssets/Settings/GazeTeleportAnchorFilter.asset
  artifactKey: Guid(14af1242b4be8e2458dd5bee35c06ae5) Importer(2089858483,192608db42251d675da83286b1cce702)
Start importing Assets/Samples/XR Interaction Toolkit/3.1.1/Starter Assets/DemoSceneAssets/Settings/GazeTeleportAnchorFilter.asset using Guid(14af1242b4be8e2458dd5bee35c06ae5) Importer(2089858483,192608db42251d675da83286b1cce702) (ScriptedImporter) -> (artifact id: '3e842bb6b3f2270b8919e5c232a34328') in 0.0260678 seconds
Number of updated asset objects reloaded before import = 0Number of asset objects unloaded after import = 1

========================================================================
Received Import Request.
  Time since last request: 0.000022 seconds.
  path: Assets/Samples/XR Interaction Toolkit/3.1.1/Starter Assets/DemoSceneAssets/Prefabs/InteractionAffordance.prefab
  artifactKey: Guid(eb9104ef66b7305468adb3697fdeed5e) Importer(2089858483,192608db42251d675da83286b1cce702)
Start importing Assets/Samples/XR Interaction Toolkit/3.1.1/Starter Assets/DemoSceneAssets/Prefabs/InteractionAffordance.prefab using Guid(eb9104ef66b7305468adb3697fdeed5e) Importer(2089858483,192608db42251d675da83286b1cce702) (ScriptedImporter) -> (artifact id: '954a47c27bc3016c399dc437656b5eba') in 0.0503869 seconds
Number of updated asset objects reloaded before import = 0Number of asset objects unloaded after import = 10

========================================================================
Received Import Request.
  Time since last request: 0.000039 seconds.
  path: Assets/Samples/XR Interaction Toolkit/3.1.1/Starter Assets/DemoSceneAssets/Sprites/Circle_60x60 Outline 4.png
  artifactKey: Guid(2f8349570a152884fb6cf7ebdc8c18b3) Importer(2089858483,192608db42251d675da83286b1cce702)
Start importing Assets/Samples/XR Interaction Toolkit/3.1.1/Starter Assets/DemoSceneAssets/Sprites/Circle_60x60 Outline 4.png using Guid(2f8349570a152884fb6cf7ebdc8c18b3) Importer(2089858483,192608db42251d675da83286b1cce702) (ScriptedImporter) -> (artifact id: '31995a309eff2a3f976d5f24e8b7742d') in 0.0819042 seconds
Number of updated asset objects reloaded before import = 0Number of asset objects unloaded after import = 3

========================================================================
Received Import Request.
  Time since last request: 0.000023 seconds.
  path: Assets/Samples/XR Interaction Toolkit/3.1.1/Starter Assets/Prefabs/Affordances/HighlightInteractionAffordance.prefab
  artifactKey: Guid(6b12f432fa58c224baf0d659706362be) Importer(2089858483,192608db42251d675da83286b1cce702)
Start importing Assets/Samples/XR Interaction Toolkit/3.1.1/Starter Assets/Prefabs/Affordances/HighlightInteractionAffordance.prefab using Guid(6b12f432fa58c224baf0d659706362be) Importer(2089858483,192608db42251d675da83286b1cce702) (ScriptedImporter) -> (artifact id: '1d3b642a39e53161ca79a16538513a5a') in 0.0521265 seconds
Number of updated asset objects reloaded before import = 0Number of asset objects unloaded after import = 12

========================================================================
Received Import Request.
  Time since last request: 0.000031 seconds.
  path: Assets/Samples/XR Interaction Toolkit/3.1.1/Starter Assets/DemoSceneAssets/Sprites/Asset.png
  artifactKey: Guid(17d565bb4a7744b41b7e4dc7e3a09e35) Importer(2089858483,192608db42251d675da83286b1cce702)
Start importing Assets/Samples/XR Interaction Toolkit/3.1.1/Starter Assets/DemoSceneAssets/Sprites/Asset.png using Guid(17d565bb4a7744b41b7e4dc7e3a09e35) Importer(2089858483,192608db42251d675da83286b1cce702) (ScriptedImporter) -> (artifact id: 'b9acf0fa8256bc208809e850a0eddada') in 0.0272451 seconds
Number of updated asset objects reloaded before import = 0Number of asset objects unloaded after import = 3

========================================================================
Received Import Request.
  Time since last request: 0.000019 seconds.
  path: Assets/Samples/XR Interaction Toolkit/3.1.1/Starter Assets/DemoSceneAssets/Textures/Concrete_Normal.tif
  artifactKey: Guid(cdebec39dbf81a14688e1de8d12897b4) Importer(2089858483,192608db42251d675da83286b1cce702)
Start importing Assets/Samples/XR Interaction Toolkit/3.1.1/Starter Assets/DemoSceneAssets/Textures/Concrete_Normal.tif using Guid(cdebec39dbf81a14688e1de8d12897b4) Importer(2089858483,192608db42251d675da83286b1cce702) (ScriptedImporter) -> (artifact id: '41c0f6b4d693e98cc2b8a420742dee4b') in 0.0250128 seconds
Number of updated asset objects reloaded before import = 0Number of asset objects unloaded after import = 1

========================================================================
Received Import Request.
  Time since last request: 0.000019 seconds.
  path: Assets/Samples/XR Interaction Toolkit/3.1.1/Starter Assets/DemoSceneAssets/Materials/MaterialPipelineHandler.asset
  artifactKey: Guid(fcbe69f7b69204d43b67d30e2487c37c) Importer(2089858483,192608db42251d675da83286b1cce702)
Start importing Assets/Samples/XR Interaction Toolkit/3.1.1/Starter Assets/DemoSceneAssets/Materials/MaterialPipelineHandler.asset using Guid(fcbe69f7b69204d43b67d30e2487c37c) Importer(2089858483,192608db42251d675da83286b1cce702) (ScriptedImporter) -> (artifact id: '6ede3d5e3cde293cd9c0bdfe0f06d070') in 0.0183128 seconds
Number of updated asset objects reloaded before import = 0Number of asset objects unloaded after import = 5

========================================================================
Received Import Request.
  Time since last request: 0.000020 seconds.
  path: Assets/Samples/XR Interaction Toolkit/3.1.1/Starter Assets/DemoSceneAssets/Sprites/Round Radius 4 Outline.png
  artifactKey: Guid(b7bad1260586fa746a0b67e930892936) Importer(2089858483,192608db42251d675da83286b1cce702)
Start importing Assets/Samples/XR Interaction Toolkit/3.1.1/Starter Assets/DemoSceneAssets/Sprites/Round Radius 4 Outline.png using Guid(b7bad1260586fa746a0b67e930892936) Importer(2089858483,192608db42251d675da83286b1cce702) (ScriptedImporter) -> (artifact id: 'eedcfa8d5f3d3cd0fcc65d5e6ef5207c') in 0.0320284 seconds
Number of updated asset objects reloaded before import = 0Number of asset objects unloaded after import = 3

========================================================================
Received Import Request.
  Time since last request: 0.000032 seconds.
  path: Assets/Samples/XR Interaction Toolkit/3.1.1/Starter Assets/Prefabs/Interactors/Direct Interactor.prefab
  artifactKey: Guid(2fd3e07afe5b461490fb8e314976b1b0) Importer(2089858483,192608db42251d675da83286b1cce702)
Start importing Assets/Samples/XR Interaction Toolkit/3.1.1/Starter Assets/Prefabs/Interactors/Direct Interactor.prefab using Guid(2fd3e07afe5b461490fb8e314976b1b0) Importer(2089858483,192608db42251d675da83286b1cce702) (ScriptedImporter) -> (artifact id: 'c57d18ed45fc0d9febab7e277740a676') in 0.3105975 seconds
Number of updated asset objects reloaded before import = 0Number of asset objects unloaded after import = 8

========================================================================
Received Import Request.
  Time since last request: 0.000021 seconds.
  path: Assets/Samples/XR Interaction Toolkit/3.1.1/Starter Assets/Prefabs/Interactors/Gaze Interactor.prefab
  artifactKey: Guid(b84cd05e1160fe34cab2585022c8cd99) Importer(2089858483,192608db42251d675da83286b1cce702)
Start importing Assets/Samples/XR Interaction Toolkit/3.1.1/Starter Assets/Prefabs/Interactors/Gaze Interactor.prefab using Guid(b84cd05e1160fe34cab2585022c8cd99) Importer(2089858483,192608db42251d675da83286b1cce702) (ScriptedImporter) -> (artifact id: '3cc02bd0d23c6e7bad5df8b02425d052') in 0.0946116 seconds
Number of updated asset objects reloaded before import = 0Number of asset objects unloaded after import = 12

========================================================================
Received Import Request.
  Time since last request: 0.000035 seconds.
  path: Assets/Samples/XR Interaction Toolkit/3.1.1/Starter Assets/DemoSceneAssets/Prefabs/Climb/Climbing Wall.prefab
  artifactKey: Guid(a0ea40bd139aedc43b0e8374d6139437) Importer(2089858483,192608db42251d675da83286b1cce702)
Start importing Assets/Samples/XR Interaction Toolkit/3.1.1/Starter Assets/DemoSceneAssets/Prefabs/Climb/Climbing Wall.prefab using Guid(a0ea40bd139aedc43b0e8374d6139437) Importer(2089858483,192608db42251d675da83286b1cce702) (ScriptedImporter) -> (artifact id: 'de8d77ba69a524f54e4fb274a94494d1') in 0.175193 seconds
Number of updated asset objects reloaded before import = 0Number of asset objects unloaded after import = 345

========================================================================
Received Import Request.
  Time since last request: 0.000031 seconds.
  path: Assets/Samples/XR Interaction Toolkit/3.1.1/Hands Interaction Demo/HandsDemoSceneAssets/Prefabs/UI/ScrollHandMenu.prefab
  artifactKey: Guid(30194602712a0eb4980318e2379d1bb8) Importer(2089858483,192608db42251d675da83286b1cce702)
Start importing Assets/Samples/XR Interaction Toolkit/3.1.1/Hands Interaction Demo/HandsDemoSceneAssets/Prefabs/UI/ScrollHandMenu.prefab using Guid(30194602712a0eb4980318e2379d1bb8) Importer(2089858483,192608db42251d675da83286b1cce702) (ScriptedImporter) -> (artifact id: '6e409b456793ac25b80dc67229a3376d') in 0.0798412 seconds
Number of updated asset objects reloaded before import = 0Number of asset objects unloaded after import = 243

========================================================================
Received Import Request.
  Time since last request: 0.000053 seconds.
  path: Assets/Samples/XR Interaction Toolkit/3.1.1/Starter Assets/Prefabs/Interactors/Teleport Interactor.prefab
  artifactKey: Guid(c1800acf6366418a9b5f610249000331) Importer(2089858483,192608db42251d675da83286b1cce702)
Start importing Assets/Samples/XR Interaction Toolkit/3.1.1/Starter Assets/Prefabs/Interactors/Teleport Interactor.prefab using Guid(c1800acf6366418a9b5f610249000331) Importer(2089858483,192608db42251d675da83286b1cce702) (ScriptedImporter) -> (artifact id: 'a6ad81f4088ad8f3ff75116c31dabe60') in 0.0874402 seconds
Number of updated asset objects reloaded before import = 0Number of asset objects unloaded after import = 38

========================================================================
Received Import Request.
  Time since last request: 0.000028 seconds.
  path: Assets/Samples/XR Interaction Toolkit/3.1.1/Starter Assets/DemoSceneAssets/Prefabs/Interactables/Cylinder.prefab
  artifactKey: Guid(2ed984a58a974166bf92c82a74380454) Importer(2089858483,192608db42251d675da83286b1cce702)
Start importing Assets/Samples/XR Interaction Toolkit/3.1.1/Starter Assets/DemoSceneAssets/Prefabs/Interactables/Cylinder.prefab using Guid(2ed984a58a974166bf92c82a74380454) Importer(2089858483,192608db42251d675da83286b1cce702) (ScriptedImporter) -> (artifact id: 'b7eb4cf833f0743f9fb3e70737aa04c5') in 0.0810058 seconds
Number of updated asset objects reloaded before import = 0Number of asset objects unloaded after import = 23

========================================================================
Received Import Request.
  Time since last request: 0.000022 seconds.
  path: Assets/Samples/XR Interaction Toolkit/3.1.1/Starter Assets/DemoSceneAssets/Prefabs/Climb/Ladder.prefab
  artifactKey: Guid(b3830b3b2f190ee46a9c88433e985221) Importer(2089858483,192608db42251d675da83286b1cce702)
Start importing Assets/Samples/XR Interaction Toolkit/3.1.1/Starter Assets/DemoSceneAssets/Prefabs/Climb/Ladder.prefab using Guid(b3830b3b2f190ee46a9c88433e985221) Importer(2089858483,192608db42251d675da83286b1cce702) (ScriptedImporter) -> (artifact id: '35bb5243844a55fb9f6cdaa79d974c31') in 0.08703 seconds
Number of updated asset objects reloaded before import = 0Number of asset objects unloaded after import = 141

========================================================================
Received Import Request.
  Time since last request: 0.000031 seconds.
  path: Assets/Samples/XR Interaction Toolkit/3.1.1/Starter Assets/DemoSceneAssets/Prefabs/Interactables/Push Button.prefab
  artifactKey: Guid(76f3439a0ae796e4b81bee3f91f888ee) Importer(2089858483,192608db42251d675da83286b1cce702)
Start importing Assets/Samples/XR Interaction Toolkit/3.1.1/Starter Assets/DemoSceneAssets/Prefabs/Interactables/Push Button.prefab using Guid(76f3439a0ae796e4b81bee3f91f888ee) Importer(2089858483,192608db42251d675da83286b1cce702) (ScriptedImporter) -> (artifact id: 'f27c6d0027486456831929b009bc63c6') in 0.0500713 seconds
Number of updated asset objects reloaded before import = 0Number of asset objects unloaded after import = 30

========================================================================
Received Import Request.
  Time since last request: 0.000020 seconds.
  path: Assets/Samples/XR Interaction Toolkit/3.1.1/Starter Assets/Prefabs/Interactors/Right_NearFarInteractor.prefab
  artifactKey: Guid(b200f6587d118224eba8467281481800) Importer(2089858483,192608db42251d675da83286b1cce702)
Start importing Assets/Samples/XR Interaction Toolkit/3.1.1/Starter Assets/Prefabs/Interactors/Right_NearFarInteractor.prefab using Guid(b200f6587d118224eba8467281481800) Importer(2089858483,192608db42251d675da83286b1cce702) (ScriptedImporter) -> (artifact id: '65eaf0deedbfd07465a8689036828a50') in 0.07734 seconds
Number of updated asset objects reloaded before import = 0Number of asset objects unloaded after import = 46

========================================================================
Received Import Request.
  Time since last request: 0.000020 seconds.
  path: Assets/Samples/XR Interaction Toolkit/3.1.1/Starter Assets/DemoSceneAssets/Prefabs/UI/Icon Toggle.prefab
  artifactKey: Guid(541ed11e270c6994ca5910042c7e04da) Importer(2089858483,192608db42251d675da83286b1cce702)
Start importing Assets/Samples/XR Interaction Toolkit/3.1.1/Starter Assets/DemoSceneAssets/Prefabs/UI/Icon Toggle.prefab using Guid(541ed11e270c6994ca5910042c7e04da) Importer(2089858483,192608db42251d675da83286b1cce702) (ScriptedImporter) -> (artifact id: 'bb5b1d2d8cb180858572399557f0f3fe') in 0.0669041 seconds
Number of updated asset objects reloaded before import = 0Number of asset objects unloaded after import = 24

========================================================================
Received Import Request.
  Time since last request: 0.000031 seconds.
  path: Assets/Samples/XR Interaction Toolkit/3.1.1/Starter Assets/DemoSceneAssets/Prefabs/UI/ModalSingleButton.prefab
  artifactKey: Guid(c24a7635b5761984d81cf6c4aac26e0d) Importer(2089858483,192608db42251d675da83286b1cce702)
Start importing Assets/Samples/XR Interaction Toolkit/3.1.1/Starter Assets/DemoSceneAssets/Prefabs/UI/ModalSingleButton.prefab using Guid(c24a7635b5761984d81cf6c4aac26e0d) Importer(2089858483,192608db42251d675da83286b1cce702) (ScriptedImporter) -> (artifact id: '882cd912ad962f9d8aa4cca6a8fa0c51') in 0.0480888 seconds
Number of updated asset objects reloaded before import = 0Number of asset objects unloaded after import = 40

========================================================================
Received Import Request.
  Time since last request: 0.000017 seconds.
  path: Assets/Samples/XR Interaction Toolkit/3.1.1/Starter Assets/DemoSceneAssets/Prefabs/UI/Icon Button.prefab
  artifactKey: Guid(56686f82f64b0af4688a89676403a500) Importer(2089858483,192608db42251d675da83286b1cce702)
Start importing Assets/Samples/XR Interaction Toolkit/3.1.1/Starter Assets/DemoSceneAssets/Prefabs/UI/Icon Button.prefab using Guid(56686f82f64b0af4688a89676403a500) Importer(2089858483,192608db42251d675da83286b1cce702) (ScriptedImporter) -> (artifact id: '3b02debcd11c3a187846cd2fe74b2df3') in 0.0583217 seconds
Number of updated asset objects reloaded before import = 0Number of asset objects unloaded after import = 24

========================================================================
Received Import Request.
  Time since last request: 0.000017 seconds.
  path: Assets/Samples/XR Interaction Toolkit/3.1.1/Starter Assets/DemoSceneAssets/Prefabs/UI/MinMaxSlider.prefab
  artifactKey: Guid(657321a07c3561043af55547ec4b0ed7) Importer(2089858483,192608db42251d675da83286b1cce702)
Start importing Assets/Samples/XR Interaction Toolkit/3.1.1/Starter Assets/DemoSceneAssets/Prefabs/UI/MinMaxSlider.prefab using Guid(657321a07c3561043af55547ec4b0ed7) Importer(2089858483,192608db42251d675da83286b1cce702) (ScriptedImporter) -> (artifact id: 'd7ddcfefad419f3d12c944ab9b763e56') in 0.0536279 seconds
Number of updated asset objects reloaded before import = 0Number of asset objects unloaded after import = 26

========================================================================
Received Import Request.
  Time since last request: 0.000020 seconds.
  path: Assets/Samples/XR Interaction Toolkit/3.1.1/Starter Assets/Presets/XRI Default Right Grab Move.preset
  artifactKey: Guid(fdc4f514b7b1e9c4eb39713ad9dd4eba) Importer(2089858483,192608db42251d675da83286b1cce702)
Start importing Assets/Samples/XR Interaction Toolkit/3.1.1/Starter Assets/Presets/XRI Default Right Grab Move.preset using Guid(fdc4f514b7b1e9c4eb39713ad9dd4eba) Importer(2089858483,192608db42251d675da83286b1cce702) (ScriptedImporter) -> (artifact id: '04a80b0673535cffd35c8533cad7e98a') in 0.0181978 seconds
Number of updated asset objects reloaded before import = 0Number of asset objects unloaded after import = 3

========================================================================
Received Import Request.
  Time since last request: 0.000027 seconds.
  path: Assets/Samples/XR Interaction Toolkit/3.1.1/Hands Interaction Demo/AffordanceThemes/PinchPointLocalTransformOffset.asset
  artifactKey: Guid(2826cece951f71642a19da5a2080a27c) Importer(2089858483,192608db42251d675da83286b1cce702)
Start importing Assets/Samples/XR Interaction Toolkit/3.1.1/Hands Interaction Demo/AffordanceThemes/PinchPointLocalTransformOffset.asset using Guid(2826cece951f71642a19da5a2080a27c) Importer(2089858483,192608db42251d675da83286b1cce702) (ScriptedImporter) -> (artifact id: '36de7159dadf0257084a5ea28b6683de') in 0.0165263 seconds
Number of updated asset objects reloaded before import = 0Number of asset objects unloaded after import = 1

========================================================================
Received Import Request.
  Time since last request: 0.000019 seconds.
  path: Assets/Samples/XR Interaction Toolkit/3.1.1/Starter Assets/Prefabs/Teleport/Directional Teleport Reticle.prefab
  artifactKey: Guid(893219773891c784ab469a39151879b4) Importer(2089858483,192608db42251d675da83286b1cce702)
Start importing Assets/Samples/XR Interaction Toolkit/3.1.1/Starter Assets/Prefabs/Teleport/Directional Teleport Reticle.prefab using Guid(893219773891c784ab469a39151879b4) Importer(2089858483,192608db42251d675da83286b1cce702) (ScriptedImporter) -> (artifact id: 'd7fbcf01114b0742b50f1517bca6ce53') in 0.0279965 seconds
Number of updated asset objects reloaded before import = 0Number of asset objects unloaded after import = 13

========================================================================
Received Import Request.
  Time since last request: 0.000016 seconds.
  path: Assets/TextMesh Pro/Resources/Sprite Assets/MixedIndexTest.asset
  artifactKey: Guid(8a731a09451cba54096a9002cd9b9be5) Importer(2089858483,192608db42251d675da83286b1cce702)
Start importing Assets/TextMesh Pro/Resources/Sprite Assets/MixedIndexTest.asset using Guid(8a731a09451cba54096a9002cd9b9be5) Importer(2089858483,192608db42251d675da83286b1cce702) (ScriptedImporter) -> (artifact id: '59e3f6a1ab035b8a86f0fe8cd8f714db') in 0.1370357 seconds
Number of updated asset objects reloaded before import = 0Number of asset objects unloaded after import = 209

========================================================================
Received Import Request.
  Time since last request: 0.000035 seconds.
  path: Assets/VRTemplateAssets/Prefabs/Blink/Blink Visuals.prefab
  artifactKey: Guid(8b983c20181b75e489cd0b88a44c68f8) Importer(2089858483,192608db42251d675da83286b1cce702)
Start importing Assets/VRTemplateAssets/Prefabs/Blink/Blink Visuals.prefab using Guid(8b983c20181b75e489cd0b88a44c68f8) Importer(2089858483,192608db42251d675da83286b1cce702) (ScriptedImporter) -> (artifact id: '14fffb594028b409560c98a4e9a40eb1') in 0.0422865 seconds
Number of updated asset objects reloaded before import = 0Number of asset objects unloaded after import = 15

========================================================================
Received Import Request.
  Time since last request: 0.000029 seconds.
  path: Assets/Samples/XR Interaction Toolkit/3.1.1/Starter Assets/Materials/Telport Anchor.mat
  artifactKey: Guid(fd3c5d8fce991e04f9c11109dde95b3b) Importer(2089858483,192608db42251d675da83286b1cce702)
Start importing Assets/Samples/XR Interaction Toolkit/3.1.1/Starter Assets/Materials/Telport Anchor.mat using Guid(fd3c5d8fce991e04f9c11109dde95b3b) Importer(2089858483,192608db42251d675da83286b1cce702) (ScriptedImporter) -> (artifact id: '9f97c5f32996135bd43d2e8a1ef528f9') in 0.0151653 seconds
Number of updated asset objects reloaded before import = 0Number of asset objects unloaded after import = 2

========================================================================
Received Import Request.
  Time since last request: 0.000026 seconds.
  path: Assets/Samples/XR Interaction Toolkit/3.1.1/Hands Interaction Demo/AffordanceThemes/FingerColor.asset
  artifactKey: Guid(ec1df508c6fb9eb45ae9f181ff6bbe82) Importer(2089858483,192608db42251d675da83286b1cce702)
Start importing Assets/Samples/XR Interaction Toolkit/3.1.1/Hands Interaction Demo/AffordanceThemes/FingerColor.asset using Guid(ec1df508c6fb9eb45ae9f181ff6bbe82) Importer(2089858483,192608db42251d675da83286b1cce702) (ScriptedImporter) -> (artifact id: '8c7ead522ebbd36e207fccc5a0828e04') in 0.0166222 seconds
Number of updated asset objects reloaded before import = 0Number of asset objects unloaded after import = 1

========================================================================
Received Import Request.
  Time since last request: 0.000019 seconds.
  path: Assets/Samples/XR Interaction Toolkit/3.1.1/Hands Interaction Demo/HandsDemoSceneAssets/Affordances/ChessPieceColor.asset
  artifactKey: Guid(c39d3614cd6089347a01b0743003ae34) Importer(2089858483,192608db42251d675da83286b1cce702)
Start importing Assets/Samples/XR Interaction Toolkit/3.1.1/Hands Interaction Demo/HandsDemoSceneAssets/Affordances/ChessPieceColor.asset using Guid(c39d3614cd6089347a01b0743003ae34) Importer(2089858483,192608db42251d675da83286b1cce702) (ScriptedImporter) -> (artifact id: 'b51c3b0dbeea7f41b7cbe32ecc0499dd') in 0.0158507 seconds
Number of updated asset objects reloaded before import = 0Number of asset objects unloaded after import = 1

========================================================================
Received Import Request.
  Time since last request: 0.000017 seconds.
  path: Assets/VRTemplateAssets/Scripts/AnchorVisuals.cs
  artifactKey: Guid(b2dd7fabdb14fca498bd9e0def11ab19) Importer(2089858483,192608db42251d675da83286b1cce702)
Start importing Assets/VRTemplateAssets/Scripts/AnchorVisuals.cs using Guid(b2dd7fabdb14fca498bd9e0def11ab19) Importer(2089858483,192608db42251d675da83286b1cce702) (ScriptedImporter) -> (artifact id: '1aaf5698ef208f81c84906da646245d3') in 0.0151716 seconds
Number of updated asset objects reloaded before import = 0Number of asset objects unloaded after import = 0

========================================================================
Received Import Request.
  Time since last request: 0.000021 seconds.
  path: Assets/Samples/XR Hands/1.5.0/HandVisualizer/README.md
  artifactKey: Guid(b0057a2d371351e41ae711f975c741e2) Importer(2089858483,192608db42251d675da83286b1cce702)
Start importing Assets/Samples/XR Hands/1.5.0/HandVisualizer/README.md using Guid(b0057a2d371351e41ae711f975c741e2) Importer(2089858483,192608db42251d675da83286b1cce702) (ScriptedImporter) -> (artifact id: '938881671e05d6166fb5d035af243fb8') in 0.0259021 seconds
Number of updated asset objects reloaded before import = 0Number of asset objects unloaded after import = 1

========================================================================
Received Import Request.
  Time since last request: 0.000029 seconds.
  path: Assets/Samples/XR Interaction Toolkit/3.1.1/Hands Interaction Demo/Prefabs/HandPokeInteractorAffordances.prefab
  artifactKey: Guid(eed9e61964b17194d94ce56bffabb610) Importer(2089858483,192608db42251d675da83286b1cce702)
Start importing Assets/Samples/XR Interaction Toolkit/3.1.1/Hands Interaction Demo/Prefabs/HandPokeInteractorAffordances.prefab using Guid(eed9e61964b17194d94ce56bffabb610) Importer(2089858483,192608db42251d675da83286b1cce702) (ScriptedImporter) -> (artifact id: 'e82010795a37c85b712f808e204c5b9b') in 0.0388275 seconds
Number of updated asset objects reloaded before import = 0Number of asset objects unloaded after import = 10

========================================================================
Received Import Request.
  Time since last request: 0.000017 seconds.
  path: Assets/VRTemplateAssets/Materials/Primitive/Interactables 4.mat
  artifactKey: Guid(f5cd77343d6ca1949b1d2d7511848832) Importer(2089858483,192608db42251d675da83286b1cce702)
Start importing Assets/VRTemplateAssets/Materials/Primitive/Interactables 4.mat using Guid(f5cd77343d6ca1949b1d2d7511848832) Importer(2089858483,192608db42251d675da83286b1cce702) (ScriptedImporter) -> (artifact id: '49c173b4a13d5ece1e9633d6176f8b1e') in 0.0182893 seconds
Number of updated asset objects reloaded before import = 0Number of asset objects unloaded after import = 6

========================================================================
Received Import Request.
  Time since last request: 0.000020 seconds.
  path: Assets/VRTemplateAssets/Prefabs/Teleport/Teleport Anchor.prefab
  artifactKey: Guid(c4a645c929982ea41a52b5037ee7d94d) Importer(2089858483,192608db42251d675da83286b1cce702)
Start importing Assets/VRTemplateAssets/Prefabs/Teleport/Teleport Anchor.prefab using Guid(c4a645c929982ea41a52b5037ee7d94d) Importer(2089858483,192608db42251d675da83286b1cce702) (ScriptedImporter) -> (artifact id: '81b9d1ed925df70867ab76eb38f671c9') in 0.0463837 seconds
Number of updated asset objects reloaded before import = 0Number of asset objects unloaded after import = 61

========================================================================
Received Import Request.
  Time since last request: 0.000029 seconds.
  path: Assets/VRTemplateAssets/Models/UI/Spatial Panel Manipulator Model.fbx
  artifactKey: Guid(c6984c48aed9a154294088f4265d8478) Importer(2089858483,192608db42251d675da83286b1cce702)
Start importing Assets/VRTemplateAssets/Models/UI/Spatial Panel Manipulator Model.fbx using Guid(c6984c48aed9a154294088f4265d8478) Importer(2089858483,192608db42251d675da83286b1cce702) (ScriptedImporter) -> (artifact id: '92609fc96ea2136508ffe880197b688b') in 0.0331482 seconds
Number of updated asset objects reloaded before import = 0Number of asset objects unloaded after import = 7

========================================================================
Received Import Request.
  Time since last request: 0.000028 seconds.
  path: Assets/Samples/XR Interaction Toolkit/3.1.1/Starter Assets/Models/BlinkVisual.fbx
  artifactKey: Guid(27b7629e54b332449bfa3a4065ffe17a) Importer(2089858483,192608db42251d675da83286b1cce702)
Start importing Assets/Samples/XR Interaction Toolkit/3.1.1/Starter Assets/Models/BlinkVisual.fbx using Guid(27b7629e54b332449bfa3a4065ffe17a) Importer(2089858483,192608db42251d675da83286b1cce702) (ScriptedImporter) -> (artifact id: '69612f030aafd00285623fa4b28aa8cd') in 0.0252474 seconds
Number of updated asset objects reloaded before import = 0Number of asset objects unloaded after import = 8

========================================================================
Received Import Request.
  Time since last request: 0.000024 seconds.
  path: Assets/Samples/XR Interaction Toolkit/3.1.1/Hands Interaction Demo/HandsDemoSceneAssets/Affordances/BlendShapeValue.asset
  artifactKey: Guid(20eb8725b4dab864ea2bfa8ecbd4adff) Importer(2089858483,192608db42251d675da83286b1cce702)
Start importing Assets/Samples/XR Interaction Toolkit/3.1.1/Hands Interaction Demo/HandsDemoSceneAssets/Affordances/BlendShapeValue.asset using Guid(20eb8725b4dab864ea2bfa8ecbd4adff) Importer(2089858483,192608db42251d675da83286b1cce702) (ScriptedImporter) -> (artifact id: 'e69d2ca51064f338d5ec223ce418a1dd') in 0.0382508 seconds
Number of updated asset objects reloaded before import = 0Number of asset objects unloaded after import = 1

========================================================================
Received Import Request.
  Time since last request: 0.000018 seconds.
  path: Assets/VRTemplateAssets/Scripts/RayAttachModifier.cs
  artifactKey: Guid(b4f2f658073e4974d800c553fe797db1) Importer(2089858483,192608db42251d675da83286b1cce702)
Start importing Assets/VRTemplateAssets/Scripts/RayAttachModifier.cs using Guid(b4f2f658073e4974d800c553fe797db1) Importer(2089858483,192608db42251d675da83286b1cce702) (ScriptedImporter) -> (artifact id: '9f3720bf0fdc5f0315991de5af94728b') in 0.0142765 seconds
Number of updated asset objects reloaded before import = 0Number of asset objects unloaded after import = 0

========================================================================
Received Import Request.
  Time since last request: 0.000021 seconds.
  path: Assets/VRTemplateAssets/Models/Primitives/Sphere.fbx
  artifactKey: Guid(080ad8ef2223242198a30df487d9bcbb) Importer(2089858483,192608db42251d675da83286b1cce702)
Start importing Assets/VRTemplateAssets/Models/Primitives/Sphere.fbx using Guid(080ad8ef2223242198a30df487d9bcbb) Importer(2089858483,192608db42251d675da83286b1cce702) (ScriptedImporter) -> (artifact id: '25a5ac1f1d5cc4cbfda4974edd0c1b2f') in 0.0278391 seconds
Number of updated asset objects reloaded before import = 0Number of asset objects unloaded after import = 8

========================================================================
Received Import Request.
  Time since last request: 0.000031 seconds.
  path: Assets/Samples/XR Interaction Toolkit/3.1.1/Starter Assets/Models/UniversalController.fbx
  artifactKey: Guid(147ae308eec018b40a7b312ae58f44c7) Importer(2089858483,192608db42251d675da83286b1cce702)
Start importing Assets/Samples/XR Interaction Toolkit/3.1.1/Starter Assets/Models/UniversalController.fbx using Guid(147ae308eec018b40a7b312ae58f44c7) Importer(2089858483,192608db42251d675da83286b1cce702) (ScriptedImporter) -> (artifact id: 'b3f6fcb00af2db15c2a30245a1ec32e3') in 0.0342975 seconds
Number of updated asset objects reloaded before import = 0Number of asset objects unloaded after import = 51

========================================================================
Received Import Request.
  Time since last request: 0.000018 seconds.
  path: Assets/VRTemplateAssets/Materials/Environment/Grey.mat
  artifactKey: Guid(e1b4debff657aa94293a2e4e5f15b8a0) Importer(2089858483,192608db42251d675da83286b1cce702)
Start importing Assets/VRTemplateAssets/Materials/Environment/Grey.mat using Guid(e1b4debff657aa94293a2e4e5f15b8a0) Importer(2089858483,192608db42251d675da83286b1cce702) (ScriptedImporter) -> (artifact id: '878bb597d2ac07d77cc02aae5c6ed26d') in 0.0443588 seconds
Number of updated asset objects reloaded before import = 0Number of asset objects unloaded after import = 3

========================================================================
Received Import Request.
  Time since last request: 0.000017 seconds.
  path: Assets/XR/Settings/Oculus Settings.asset
  artifactKey: Guid(bfa1182bd221b4ca89619141f66f1260) Importer(2089858483,192608db42251d675da83286b1cce702)
Start importing Assets/XR/Settings/Oculus Settings.asset using Guid(bfa1182bd221b4ca89619141f66f1260) Importer(2089858483,192608db42251d675da83286b1cce702) (ScriptedImporter) -> (artifact id: '455be190d674b400b6715d86641e21c1') in 0.0378507 seconds
Number of updated asset objects reloaded before import = 0Number of asset objects unloaded after import = 1

========================================================================
Received Import Request.
  Time since last request: 0.000021 seconds.
  path: Assets/VRTemplateAssets/Materials/Environment/Glass.mat
  artifactKey: Guid(9c52a7e85c986c2429f4638c6756501c) Importer(2089858483,192608db42251d675da83286b1cce702)
Start importing Assets/VRTemplateAssets/Materials/Environment/Glass.mat using Guid(9c52a7e85c986c2429f4638c6756501c) Importer(2089858483,192608db42251d675da83286b1cce702) (ScriptedImporter) -> (artifact id: 'cc8f50651f3ac51f28c5fccc33ddd87c') in 0.0188163 seconds
Number of updated asset objects reloaded before import = 0Number of asset objects unloaded after import = 2

========================================================================
Received Import Request.
  Time since last request: 0.000033 seconds.
  path: Assets/Samples/XR Interaction Toolkit/3.1.1/Hands Interaction Demo/HandsDemoSceneAssets/Prefabs/TableHandle.prefab
  artifactKey: Guid(ed5fdb8d3e523e94ca6d8a239d40615a) Importer(2089858483,192608db42251d675da83286b1cce702)
Start importing Assets/Samples/XR Interaction Toolkit/3.1.1/Hands Interaction Demo/HandsDemoSceneAssets/Prefabs/TableHandle.prefab using Guid(ed5fdb8d3e523e94ca6d8a239d40615a) Importer(2089858483,192608db42251d675da83286b1cce702) (ScriptedImporter) -> (artifact id: '8d04f143a0a7ff2293a015ec1b32832c') in 0.0661991 seconds
Number of updated asset objects reloaded before import = 0Number of asset objects unloaded after import = 43

========================================================================
Received Import Request.
  Time since last request: 0.000018 seconds.
  path: Assets/VRTemplateAssets/Materials/Controller/Controller.mat
  artifactKey: Guid(ed99ca2a07c091541937eaa1d1225edf) Importer(2089858483,192608db42251d675da83286b1cce702)
Start importing Assets/VRTemplateAssets/Materials/Controller/Controller.mat using Guid(ed99ca2a07c091541937eaa1d1225edf) Importer(2089858483,192608db42251d675da83286b1cce702) (ScriptedImporter) -> (artifact id: '956e5ad73cf4bad889b3561ddfb614ea') in 0.0397117 seconds
Number of updated asset objects reloaded before import = 0Number of asset objects unloaded after import = 1

========================================================================
Received Import Request.
  Time since last request: 0.000070 seconds.
  path: Assets/Samples/XR Interaction Toolkit/3.1.1/Starter Assets/DemoSceneAssets/Prefabs/Far Grab Samples.prefab
  artifactKey: Guid(f5ee409d69254d64da7a3b74d31a5a40) Importer(2089858483,192608db42251d675da83286b1cce702)
Start importing Assets/Samples/XR Interaction Toolkit/3.1.1/Starter Assets/DemoSceneAssets/Prefabs/Far Grab Samples.prefab using Guid(f5ee409d69254d64da7a3b74d31a5a40) Importer(2089858483,192608db42251d675da83286b1cce702) (ScriptedImporter) -> (artifact id: '640bb3a858d79181dbc3bc935677d47e') in 0.0617954 seconds
Number of updated asset objects reloaded before import = 0Number of asset objects unloaded after import = 78

========================================================================
Received Import Request.
  Time since last request: 0.000025 seconds.
  path: Assets/Samples/XR Hands/1.5.0/HandVisualizer/Scripts/JointVisualizer.cs
  artifactKey: Guid(6e1c395ff62a3a14dbeb293298bb46bf) Importer(2089858483,192608db42251d675da83286b1cce702)
Start importing Assets/Samples/XR Hands/1.5.0/HandVisualizer/Scripts/JointVisualizer.cs using Guid(6e1c395ff62a3a14dbeb293298bb46bf) Importer(2089858483,192608db42251d675da83286b1cce702) (ScriptedImporter) -> (artifact id: '3ce3b16a3f72615108916c946b8d7fa8') in 0.0153434 seconds
Number of updated asset objects reloaded before import = 0Number of asset objects unloaded after import = 0

========================================================================
Received Import Request.
  Time since last request: 0.000027 seconds.
  path: Assets/Samples/XR Interaction Toolkit/3.1.1/Starter Assets/AffordanceThemes/PokeSphereInteraction.asset
  artifactKey: Guid(c2712227db89c5142adad58b143bf039) Importer(2089858483,192608db42251d675da83286b1cce702)
Start importing Assets/Samples/XR Interaction Toolkit/3.1.1/Starter Assets/AffordanceThemes/PokeSphereInteraction.asset using Guid(c2712227db89c5142adad58b143bf039) Importer(2089858483,192608db42251d675da83286b1cce702) (ScriptedImporter) -> (artifact id: 'c13faccb54723db2eb0bed269e2d6bbe') in 0.0204321 seconds
Number of updated asset objects reloaded before import = 0Number of asset objects unloaded after import = 1

========================================================================
Received Import Request.
  Time since last request: 0.000017 seconds.
  path: Assets/Samples/XR Interaction Toolkit/3.1.1/Starter Assets/DemoSceneAssets/Models/Primitive_Pyramid.fbx
  artifactKey: Guid(63e02ddb08ce42da868504e1333d48ae) Importer(2089858483,192608db42251d675da83286b1cce702)
Start importing Assets/Samples/XR Interaction Toolkit/3.1.1/Starter Assets/DemoSceneAssets/Models/Primitive_Pyramid.fbx using Guid(63e02ddb08ce42da868504e1333d48ae) Importer(2089858483,192608db42251d675da83286b1cce702) (ScriptedImporter) -> (artifact id: 'afcac5fe38179387b1d3e837f2432bb8') in 0.0275442 seconds
Number of updated asset objects reloaded before import = 0Number of asset objects unloaded after import = 8

========================================================================
Received Import Request.
  Time since last request: 0.000020 seconds.
  path: Assets/Samples/XR Interaction Toolkit/3.1.1/Hands Interaction Demo/Prefabs/LeftHandInteractionVisual.prefab
  artifactKey: Guid(ffd656bf2a3ba3d41b1e4a94b81b7c85) Importer(2089858483,192608db42251d675da83286b1cce702)
Start importing Assets/Samples/XR Interaction Toolkit/3.1.1/Hands Interaction Demo/Prefabs/LeftHandInteractionVisual.prefab using Guid(ffd656bf2a3ba3d41b1e4a94b81b7c85) Importer(2089858483,192608db42251d675da83286b1cce702) (ScriptedImporter) -> (artifact id: 'de1e08cf548c54d4a0c557f7e7661233') in 0.0410407 seconds
Number of updated asset objects reloaded before import = 0Number of asset objects unloaded after import = 79

========================================================================
Received Import Request.
  Time since last request: 0.000022 seconds.
  path: Assets/VRTemplateAssets/Prefabs/Controller/Right Controller.prefab
  artifactKey: Guid(e8fb48b2097a4fe4c9bad4f438c1eae2) Importer(2089858483,192608db42251d675da83286b1cce702)
Start importing Assets/VRTemplateAssets/Prefabs/Controller/Right Controller.prefab using Guid(e8fb48b2097a4fe4c9bad4f438c1eae2) Importer(2089858483,192608db42251d675da83286b1cce702) (ScriptedImporter) -> (artifact id: '77e14036f9bb25243f01b0557d090212') in 0.0454307 seconds
Number of updated asset objects reloaded before import = 0Number of asset objects unloaded after import = 53

========================================================================
Received Import Request.
  Time since last request: 0.000040 seconds.
  path: Assets/VRTemplateAssets/Materials/Controller/Blue.mat
  artifactKey: Guid(2c994d22a9398f64d9292e3849f59f92) Importer(2089858483,192608db42251d675da83286b1cce702)
Start importing Assets/VRTemplateAssets/Materials/Controller/Blue.mat using Guid(2c994d22a9398f64d9292e3849f59f92) Importer(2089858483,192608db42251d675da83286b1cce702) (ScriptedImporter) -> (artifact id: '131cf79ebcafc692a5a034b6b6cb1a72') in 0.016465 seconds
Number of updated asset objects reloaded before import = 0Number of asset objects unloaded after import = 1

========================================================================
Received Import Request.
  Time since last request: 0.000021 seconds.
  path: Assets/TextMesh Pro/Resources/Fonts & Materials/LiberationSans SDF - Outline.mat
  artifactKey: Guid(79459efec17a4d00a321bdcc27bbc385) Importer(2089858483,192608db42251d675da83286b1cce702)
Start importing Assets/TextMesh Pro/Resources/Fonts & Materials/LiberationSans SDF - Outline.mat using Guid(79459efec17a4d00a321bdcc27bbc385) Importer(2089858483,192608db42251d675da83286b1cce702) (ScriptedImporter) -> (artifact id: '0132d4e6adab1f0c147a3862e0a8fc5f') in 0.0431881 seconds
Number of updated asset objects reloaded before import = 0Number of asset objects unloaded after import = 3

========================================================================
Received Import Request.
  Time since last request: 80705.277483 seconds.
  path: Assets/parking_fullset/slope_Normal.png
  artifactKey: Guid(a17e3fff2b3bfbd46ab50df92dad56aa) Importer(2089858483,192608db42251d675da83286b1cce702)
Start importing Assets/parking_fullset/slope_Normal.png using Guid(a17e3fff2b3bfbd46ab50df92dad56aa) Importer(2089858483,192608db42251d675da83286b1cce702) (ScriptedImporter) -> (artifact id: 'abdccfdef66f636f08ac1d0b7eef8bb4') in 0.1557769 seconds
Number of updated asset objects reloaded before import = 0Number of asset objects unloaded after import = 1

========================================================================
Received Import Request.
  Time since last request: 0.000436 seconds.
  path: Assets/parking_fullset/P_machine_AlbedoTransparency.png
  artifactKey: Guid(7d7b3d8702994b24387caecac64c1ea7) Importer(2089858483,192608db42251d675da83286b1cce702)
Start importing Assets/parking_fullset/P_machine_AlbedoTransparency.png using Guid(7d7b3d8702994b24387caecac64c1ea7) Importer(2089858483,192608db42251d675da83286b1cce702) (ScriptedImporter) -> (artifact id: '90ecb36af176214b809ae21fa0089b6d') in 0.051113 seconds
Number of updated asset objects reloaded before import = 0Number of asset objects unloaded after import = 1

========================================================================
Received Import Request.
  Time since last request: 0.000029 seconds.
  path: Assets/parking_fullset/kaidan_wall_MetallicSmoothness.png
  artifactKey: Guid(8a18604be7826c247bc17121da285dd0) Importer(2089858483,192608db42251d675da83286b1cce702)
Start importing Assets/parking_fullset/kaidan_wall_MetallicSmoothness.png using Guid(8a18604be7826c247bc17121da285dd0) Importer(2089858483,192608db42251d675da83286b1cce702) (ScriptedImporter) -> (artifact id: 'd848a6f0416a7b194aab14b2f730d4c7') in 0.0504906 seconds
Number of updated asset objects reloaded before import = 0Number of asset objects unloaded after import = 1

========================================================================
Received Import Request.
  Time since last request: 0.000018 seconds.
  path: Assets/parking_fullset/light_emi.mat
  artifactKey: Guid(0d1b48f7da0366140ab4233aa25cf869) Importer(2089858483,192608db42251d675da83286b1cce702)
Start importing Assets/parking_fullset/light_emi.mat using Guid(0d1b48f7da0366140ab4233aa25cf869) Importer(2089858483,192608db42251d675da83286b1cce702) (ScriptedImporter) -> (artifact id: '79e600d5dc06329de159b75a1d3c28b0') in 0.0460039 seconds
Number of updated asset objects reloaded before import = 0Number of asset objects unloaded after import = 2

========================================================================
Received Import Request.
  Time since last request: 0.000020 seconds.
  path: Assets/parking_fullset/light_emi_Emission.png
  artifactKey: Guid(59e8c21102b5f9c4e9f4a0f87e913a21) Importer(2089858483,192608db42251d675da83286b1cce702)
Start importing Assets/parking_fullset/light_emi_Emission.png using Guid(59e8c21102b5f9c4e9f4a0f87e913a21) Importer(2089858483,192608db42251d675da83286b1cce702) (ScriptedImporter) -> (artifact id: 'd165ab0d8d52b4a2864371229355acd4') in 0.024269 seconds
Number of updated asset objects reloaded before import = 0Number of asset objects unloaded after import = 1

========================================================================
Received Import Request.
  Time since last request: 0.000031 seconds.
  path: Assets/parking_fullset/P_signboard_close_Emission.png
  artifactKey: Guid(cc8d4bb7e5bf64a438339655fc555f5d) Importer(2089858483,192608db42251d675da83286b1cce702)
Start importing Assets/parking_fullset/P_signboard_close_Emission.png using Guid(cc8d4bb7e5bf64a438339655fc555f5d) Importer(2089858483,192608db42251d675da83286b1cce702) (ScriptedImporter) -> (artifact id: 'e6b12e5ecf0a97729ac8b3f998158725') in 0.0271238 seconds
Number of updated asset objects reloaded before import = 0Number of asset objects unloaded after import = 1

========================================================================
Received Import Request.
  Time since last request: 0.000046 seconds.
  path: Assets/parking_fullset
  artifactKey: Guid(09d17d8ae381c7f47b08d7e66928bf2f) Importer(2089858483,192608db42251d675da83286b1cce702)
Start importing Assets/parking_fullset using Guid(09d17d8ae381c7f47b08d7e66928bf2f) Importer(2089858483,192608db42251d675da83286b1cce702) (ScriptedImporter) -> (artifact id: '12662e75d5e3ec27b3e30ac42b693de4') in 0.0150581 seconds
Number of updated asset objects reloaded before import = 0Number of asset objects unloaded after import = 1

========================================================================
Received Import Request.
  Time since last request: 0.000019 seconds.
  path: Assets/parking_fullset/P_signboard_open_AlbedoTransparency.png
  artifactKey: Guid(036627823a4dbac409b58ded48109434) Importer(2089858483,192608db42251d675da83286b1cce702)
Start importing Assets/parking_fullset/P_signboard_open_AlbedoTransparency.png using Guid(036627823a4dbac409b58ded48109434) Importer(2089858483,192608db42251d675da83286b1cce702) (ScriptedImporter) -> (artifact id: 'f45a3769fd3a572b31a37d393c0d67c2') in 0.0380399 seconds
Number of updated asset objects reloaded before import = 0Number of asset objects unloaded after import = 1

========================================================================
Received Import Request.
  Time since last request: 0.000019 seconds.
  path: Assets/parking_fullset/ceiling_floor_MetallicSmoothness.png
  artifactKey: Guid(f5412851129d847458d2d0cd6aeeaed8) Importer(2089858483,192608db42251d675da83286b1cce702)
Start importing Assets/parking_fullset/ceiling_floor_MetallicSmoothness.png using Guid(f5412851129d847458d2d0cd6aeeaed8) Importer(2089858483,192608db42251d675da83286b1cce702) (ScriptedImporter) -> (artifact id: '1e360701cfd3f395c47f13cf25624fe2') in 0.0266425 seconds
Number of updated asset objects reloaded before import = 0Number of asset objects unloaded after import = 1

========================================================================
Received Import Request.
  Time since last request: 0.000031 seconds.
  path: Assets/parking_fullset/slope_AlbedoTransparency.png
  artifactKey: Guid(ac9d304451993634bacfd7d200084cd0) Importer(2089858483,192608db42251d675da83286b1cce702)
Start importing Assets/parking_fullset/slope_AlbedoTransparency.png using Guid(ac9d304451993634bacfd7d200084cd0) Importer(2089858483,192608db42251d675da83286b1cce702) (ScriptedImporter) -> (artifact id: 'c78260ed30049cad27b605c625774bbf') in 0.0246691 seconds
Number of updated asset objects reloaded before import = 0Number of asset objects unloaded after import = 1

========================================================================
Received Import Request.
  Time since last request: 0.000039 seconds.
  path: Assets/parking_fullset/slope_MetallicSmoothness.png
  artifactKey: Guid(f33cae570b3fd1d409d9b19d03ed4a58) Importer(2089858483,192608db42251d675da83286b1cce702)
Start importing Assets/parking_fullset/slope_MetallicSmoothness.png using Guid(f33cae570b3fd1d409d9b19d03ed4a58) Importer(2089858483,192608db42251d675da83286b1cce702) (ScriptedImporter) -> (artifact id: '77a5b1db755039c92223dc8e77d3e43f') in 0.0220608 seconds
Number of updated asset objects reloaded before import = 0Number of asset objects unloaded after import = 1

========================================================================
Received Import Request.
  Time since last request: 0.000030 seconds.
  path: Assets/parking_fullset/parking_fullset.unity
  artifactKey: Guid(77828eaf080f564489e4bc674beda657) Importer(2089858483,192608db42251d675da83286b1cce702)
Start importing Assets/parking_fullset/parking_fullset.unity using Guid(77828eaf080f564489e4bc674beda657) Importer(2089858483,192608db42251d675da83286b1cce702) (ScriptedImporter) -> (artifact id: 'f0d795b3c3907eb869f7a7e5b3b272c3') in 0.0137914 seconds
Number of updated asset objects reloaded before import = 0Number of asset objects unloaded after import = 1

========================================================================
Received Import Request.
  Time since last request: 0.000021 seconds.
  path: Assets/parking_fullset/light_base.mat
  artifactKey: Guid(c7ce208328184034c9892b5aa8933211) Importer(2089858483,192608db42251d675da83286b1cce702)
Start importing Assets/parking_fullset/light_base.mat using Guid(c7ce208328184034c9892b5aa8933211) Importer(2089858483,192608db42251d675da83286b1cce702) (ScriptedImporter) -> (artifact id: '3a863088916e7a2138bf6114fcc0f30a') in 0.0953723 seconds
Number of updated asset objects reloaded before import = 0Number of asset objects unloaded after import = 4

========================================================================
Received Import Request.
  Time since last request: 0.000023 seconds.
  path: Assets/parking_fullset/guard_pipe.mat
  artifactKey: Guid(7e3603ffaf8a94b41a95c231bb210576) Importer(2089858483,192608db42251d675da83286b1cce702)
Start importing Assets/parking_fullset/guard_pipe.mat using Guid(7e3603ffaf8a94b41a95c231bb210576) Importer(2089858483,192608db42251d675da83286b1cce702) (ScriptedImporter) -> (artifact id: '11f33a7346354ff3555bbad9000f40df') in 0.0239732 seconds
Number of updated asset objects reloaded before import = 0Number of asset objects unloaded after import = 4

========================================================================
Received Import Request.
  Time since last request: 0.000028 seconds.
  path: Assets/parking_fullset/Pillar_cushion_MetallicSmoothness.png
  artifactKey: Guid(7138cbb88a0b60d439615ce0f52c453b) Importer(2089858483,192608db42251d675da83286b1cce702)
Start importing Assets/parking_fullset/Pillar_cushion_MetallicSmoothness.png using Guid(7138cbb88a0b60d439615ce0f52c453b) Importer(2089858483,192608db42251d675da83286b1cce702) (ScriptedImporter) -> (artifact id: 'f9b792a4c4214307dc4d3bdb4bf6060a') in 0.024542 seconds
Number of updated asset objects reloaded before import = 0Number of asset objects unloaded after import = 1

========================================================================
Received Import Request.
  Time since last request: 0.000017 seconds.
  path: Assets/parking_fullset/kandan_step.mat
  artifactKey: Guid(6c444c60549767f47b39c3e51cb0cb08) Importer(2089858483,192608db42251d675da83286b1cce702)
Start importing Assets/parking_fullset/kandan_step.mat using Guid(6c444c60549767f47b39c3e51cb0cb08) Importer(2089858483,192608db42251d675da83286b1cce702) (ScriptedImporter) -> (artifact id: '5696333e49efa5d38f617afc46765a06') in 0.0262211 seconds
Number of updated asset objects reloaded before import = 0Number of asset objects unloaded after import = 4

========================================================================
Received Import Request.
  Time since last request: 0.000018 seconds.
  path: Assets/parking_fullset/wall_conc_AlbedoTransparency.png
  artifactKey: Guid(faf007d48e64fb149a49a79129fddb70) Importer(2089858483,192608db42251d675da83286b1cce702)
Start importing Assets/parking_fullset/wall_conc_AlbedoTransparency.png using Guid(faf007d48e64fb149a49a79129fddb70) Importer(2089858483,192608db42251d675da83286b1cce702) (ScriptedImporter) -> (artifact id: '53d9c6736457e8dbd74652f8f0548a2c') in 0.0356189 seconds
Number of updated asset objects reloaded before import = 0Number of asset objects unloaded after import = 1

========================================================================
Received Import Request.
  Time since last request: 0.000022 seconds.
  path: Assets/parking_fullset/floor.mat
  artifactKey: Guid(df1f0665699d07540bc20df6c3c16d25) Importer(2089858483,192608db42251d675da83286b1cce702)
Start importing Assets/parking_fullset/floor.mat using Guid(df1f0665699d07540bc20df6c3c16d25) Importer(2089858483,192608db42251d675da83286b1cce702) (ScriptedImporter) -> (artifact id: '805674597d89bdfefd16fcc31f5a2057') in 0.0255659 seconds
Number of updated asset objects reloaded before import = 0Number of asset objects unloaded after import = 4

========================================================================
Received Import Request.
  Time since last request: 0.000033 seconds.
  path: Assets/parking_fullset/road_sign_Normal.png
  artifactKey: Guid(5d30c213b9121f6428410e1ac6543b55) Importer(2089858483,192608db42251d675da83286b1cce702)
Start importing Assets/parking_fullset/road_sign_Normal.png using Guid(5d30c213b9121f6428410e1ac6543b55) Importer(2089858483,192608db42251d675da83286b1cce702) (ScriptedImporter) -> (artifact id: 'b99516d4b434e99cc986abaf20bf27af') in 0.0234986 seconds
Number of updated asset objects reloaded before import = 0Number of asset objects unloaded after import = 1

========================================================================
Received Import Request.
  Time since last request: 0.000021 seconds.
  path: Assets/parking_fullset/P_signboard_Normal.png
  artifactKey: Guid(061053b38471fd84da7477584c5b1126) Importer(2089858483,192608db42251d675da83286b1cce702)
Start importing Assets/parking_fullset/P_signboard_Normal.png using Guid(061053b38471fd84da7477584c5b1126) Importer(2089858483,192608db42251d675da83286b1cce702) (ScriptedImporter) -> (artifact id: 'f3a530c4050a2d45b7186e6389334e5a') in 0.0239515 seconds
Number of updated asset objects reloaded before import = 0Number of asset objects unloaded after import = 1

========================================================================
Received Import Request.
  Time since last request: 0.000020 seconds.
  path: Assets/parking_fullset/limit_sign_Normal.png
  artifactKey: Guid(c3e82529e3678ea47a9750f366c7fbe3) Importer(2089858483,192608db42251d675da83286b1cce702)
Start importing Assets/parking_fullset/limit_sign_Normal.png using Guid(c3e82529e3678ea47a9750f366c7fbe3) Importer(2089858483,192608db42251d675da83286b1cce702) (ScriptedImporter) -> (artifact id: '53ee515fd003a3b7e3455df1b2a62faf') in 0.0269067 seconds
Number of updated asset objects reloaded before import = 0Number of asset objects unloaded after import = 1

========================================================================
Received Import Request.
  Time since last request: 0.000024 seconds.
  path: Assets/parking_fullset/ceiling_floor_Normal.png
  artifactKey: Guid(10b6cec5fa8de014a91c5ae8cc389ca0) Importer(2089858483,192608db42251d675da83286b1cce702)
Start importing Assets/parking_fullset/ceiling_floor_Normal.png using Guid(10b6cec5fa8de014a91c5ae8cc389ca0) Importer(2089858483,192608db42251d675da83286b1cce702) (ScriptedImporter) -> (artifact id: '7bbfbbae25a299803cd777f56714c69e') in 0.026004 seconds
Number of updated asset objects reloaded before import = 0Number of asset objects unloaded after import = 1

========================================================================
Received Import Request.
  Time since last request: 0.000029 seconds.
  path: Assets/parking_fullset/wall_conc_MetallicSmoothness.png
  artifactKey: Guid(cb34ba38047d86c4a893769727b877a2) Importer(2089858483,192608db42251d675da83286b1cce702)
Start importing Assets/parking_fullset/wall_conc_MetallicSmoothness.png using Guid(cb34ba38047d86c4a893769727b877a2) Importer(2089858483,192608db42251d675da83286b1cce702) (ScriptedImporter) -> (artifact id: '440a3096126db32fd0f7317ca1fe00a4') in 0.0244668 seconds
Number of updated asset objects reloaded before import = 0Number of asset objects unloaded after import = 1

========================================================================
Received Import Request.
  Time since last request: 0.000020 seconds.
  path: Assets/parking_fullset/kandan_step_AlbedoTransparency.png
  artifactKey: Guid(3796f3e4166410f408dd92480a495cce) Importer(2089858483,192608db42251d675da83286b1cce702)
Start importing Assets/parking_fullset/kandan_step_AlbedoTransparency.png using Guid(3796f3e4166410f408dd92480a495cce) Importer(2089858483,192608db42251d675da83286b1cce702) (ScriptedImporter) -> (artifact id: 'a99aa019073e7588c5270fdb0c406f84') in 0.0271308 seconds
Number of updated asset objects reloaded before import = 0Number of asset objects unloaded after import = 1

========================================================================
Received Import Request.
  Time since last request: 0.000017 seconds.
  path: Assets/parking_fullset/P_signboard_close_AlbedoTransparency.png
  artifactKey: Guid(09152fd4381d0934e8714faccfb92ad4) Importer(2089858483,192608db42251d675da83286b1cce702)
Start importing Assets/parking_fullset/P_signboard_close_AlbedoTransparency.png using Guid(09152fd4381d0934e8714faccfb92ad4) Importer(2089858483,192608db42251d675da83286b1cce702) (ScriptedImporter) -> (artifact id: 'c4d7bc75a8d5956f25fe9c596e20c87e') in 0.0230322 seconds
Number of updated asset objects reloaded before import = 0Number of asset objects unloaded after import = 1

========================================================================
Received Import Request.
  Time since last request: 0.000019 seconds.
  path: Assets/parking_fullset/p_space_Normal.png
  artifactKey: Guid(8c4ea0ac96f81af4c990feeb97d26178) Importer(2089858483,192608db42251d675da83286b1cce702)
Start importing Assets/parking_fullset/p_space_Normal.png using Guid(8c4ea0ac96f81af4c990feeb97d26178) Importer(2089858483,192608db42251d675da83286b1cce702) (ScriptedImporter) -> (artifact id: '23bf9f76dbdc1c7e51d1ef1fe7280fe4') in 0.0250764 seconds
Number of updated asset objects reloaded before import = 0Number of asset objects unloaded after import = 1

========================================================================
Received Import Request.
  Time since last request: 0.000024 seconds.
  path: Assets/parking_fullset/p_space.mat
  artifactKey: Guid(14a6483e49526144eb4fe8dc66a840b0) Importer(2089858483,192608db42251d675da83286b1cce702)
Start importing Assets/parking_fullset/p_space.mat using Guid(14a6483e49526144eb4fe8dc66a840b0) Importer(2089858483,192608db42251d675da83286b1cce702) (ScriptedImporter) -> (artifact id: '47538cc1670b1bb99ef4600c09a756c7') in 0.1542558 seconds
Number of updated asset objects reloaded before import = 0Number of asset objects unloaded after import = 4

========================================================================
Received Import Request.
  Time since last request: 0.000056 seconds.
  path: Assets/parking_fullset/limit_sign_MetallicSmoothness.png
  artifactKey: Guid(9207ea26d049b6e4d82f86121da5e108) Importer(2089858483,192608db42251d675da83286b1cce702)
Start importing Assets/parking_fullset/limit_sign_MetallicSmoothness.png using Guid(9207ea26d049b6e4d82f86121da5e108) Importer(2089858483,192608db42251d675da83286b1cce702) (ScriptedImporter) -> (artifact id: '88b52cac17de177b75d1bec3aa26e72a') in 0.0262131 seconds
Number of updated asset objects reloaded before import = 0Number of asset objects unloaded after import = 1

========================================================================
Received Import Request.
  Time since last request: 0.000018 seconds.
  path: Assets/parking_fullset/ceiling_floor_AlbedoTransparency.png
  artifactKey: Guid(2a19fe751019d5f41831eb4ae7858e5a) Importer(2089858483,192608db42251d675da83286b1cce702)
Start importing Assets/parking_fullset/ceiling_floor_AlbedoTransparency.png using Guid(2a19fe751019d5f41831eb4ae7858e5a) Importer(2089858483,192608db42251d675da83286b1cce702) (ScriptedImporter) -> (artifact id: 'f458992a680bde7bc624badd91e7ee2e') in 0.0231155 seconds
Number of updated asset objects reloaded before import = 0Number of asset objects unloaded after import = 1

========================================================================
Received Import Request.
  Time since last request: 0.000020 seconds.
  path: Assets/parking_fullset/road_sign.mat
  artifactKey: Guid(d466783e78fe6424ebd97b944e90b0d3) Importer(2089858483,192608db42251d675da83286b1cce702)
Start importing Assets/parking_fullset/road_sign.mat using Guid(d466783e78fe6424ebd97b944e90b0d3) Importer(2089858483,192608db42251d675da83286b1cce702) (ScriptedImporter) -> (artifact id: 'b61467802ebc39710c88a36ebc51f212') in 0.0281298 seconds
Number of updated asset objects reloaded before import = 0Number of asset objects unloaded after import = 4

========================================================================
Received Import Request.
  Time since last request: 0.000025 seconds.
  path: Assets/parking_fullset/limit_sign_AlbedoTransparency.png
  artifactKey: Guid(6bed58677ad7aaf4d82e379fae0c9bc8) Importer(2089858483,192608db42251d675da83286b1cce702)
Start importing Assets/parking_fullset/limit_sign_AlbedoTransparency.png using Guid(6bed58677ad7aaf4d82e379fae0c9bc8) Importer(2089858483,192608db42251d675da83286b1cce702) (ScriptedImporter) -> (artifact id: '7ca6a1fd83339411bc2d18649acfb0f4') in 0.0260707 seconds
Number of updated asset objects reloaded before import = 0Number of asset objects unloaded after import = 1

========================================================================
Received Import Request.
  Time since last request: 0.000026 seconds.
  path: Assets/parking_fullset/kaidan_wall_Normal.png
  artifactKey: Guid(91de23fa78712c448bc4639c99dbe547) Importer(2089858483,192608db42251d675da83286b1cce702)
Start importing Assets/parking_fullset/kaidan_wall_Normal.png using Guid(91de23fa78712c448bc4639c99dbe547) Importer(2089858483,192608db42251d675da83286b1cce702) (ScriptedImporter) -> (artifact id: 'bd333ac96a8462d07ff53143681df690') in 0.023321 seconds
Number of updated asset objects reloaded before import = 0Number of asset objects unloaded after import = 1

========================================================================
Received Import Request.
  Time since last request: 0.000019 seconds.
  path: Assets/parking_fullset/P_machine_Normal.png
  artifactKey: Guid(a9eeb4109dd8df94bbf448b4a58e9cfe) Importer(2089858483,192608db42251d675da83286b1cce702)
Start importing Assets/parking_fullset/P_machine_Normal.png using Guid(a9eeb4109dd8df94bbf448b4a58e9cfe) Importer(2089858483,192608db42251d675da83286b1cce702) (ScriptedImporter) -> (artifact id: '500ad6de8742bd19045ea9f0e5484d9d') in 0.0223853 seconds
Number of updated asset objects reloaded before import = 0Number of asset objects unloaded after import = 1

========================================================================
Received Import Request.
  Time since last request: 0.000020 seconds.
  path: Assets/parking_fullset/guard_pipe_Normal.png
  artifactKey: Guid(49bb2871fa252a34091e2f97a23477f8) Importer(2089858483,192608db42251d675da83286b1cce702)
Start importing Assets/parking_fullset/guard_pipe_Normal.png using Guid(49bb2871fa252a34091e2f97a23477f8) Importer(2089858483,192608db42251d675da83286b1cce702) (ScriptedImporter) -> (artifact id: '290a2b2a5f86deb0b4e204883814b2dc') in 0.0218005 seconds
Number of updated asset objects reloaded before import = 0Number of asset objects unloaded after import = 1

========================================================================
Received Import Request.
  Time since last request: 0.000016 seconds.
  path: Assets/parking_fullset/filde_base.mat
  artifactKey: Guid(ade59c1654e720d4aada8d5bb80acac9) Importer(2089858483,192608db42251d675da83286b1cce702)
Start importing Assets/parking_fullset/filde_base.mat using Guid(ade59c1654e720d4aada8d5bb80acac9) Importer(2089858483,192608db42251d675da83286b1cce702) (ScriptedImporter) -> (artifact id: 'ebcf487c8febc56acbec39c6d62e2510') in 0.023229 seconds
Number of updated asset objects reloaded before import = 0Number of asset objects unloaded after import = 4

========================================================================
Received Import Request.
  Time since last request: 0.000028 seconds.
  path: Assets/parking_fullset/Pillar_cushion_AlbedoTransparency.png
  artifactKey: Guid(33863e0935699d74cb405d7b8e72d3de) Importer(2089858483,192608db42251d675da83286b1cce702)
Start importing Assets/parking_fullset/Pillar_cushion_AlbedoTransparency.png using Guid(33863e0935699d74cb405d7b8e72d3de) Importer(2089858483,192608db42251d675da83286b1cce702) (ScriptedImporter) -> (artifact id: '1f91491e5a6143d6011e4f65ea9e0d46') in 0.025909 seconds
Number of updated asset objects reloaded before import = 0Number of asset objects unloaded after import = 1

========================================================================
Received Import Request.
  Time since last request: 0.000037 seconds.
  path: Assets/parking_fullset/Pillar_cushion.mat
  artifactKey: Guid(78c5b483d4ffddd4399049534de9e2e2) Importer(2089858483,192608db42251d675da83286b1cce702)
Start importing Assets/parking_fullset/Pillar_cushion.mat using Guid(78c5b483d4ffddd4399049534de9e2e2) Importer(2089858483,192608db42251d675da83286b1cce702) (ScriptedImporter) -> (artifact id: '6592168bf372aa64ce0e73daaf7dcc2e') in 0.0218734 seconds
Number of updated asset objects reloaded before import = 0Number of asset objects unloaded after import = 4

Editor requested this worker to shutdown with reason: Scaling down because of idle timeout
AssetImportWorker is now disconnected from the server
Process exiting
Exiting without the bug reporter. Application will terminate with return code 0