Using pre-set license
Built from '6000.0/staging' branch; Version is '6000.0.48f1 (170d2541580d) revision 1510693'; Using compiler version '193933523'; Build Type 'Release'
OS: 'Windows 10  (10.0.19045) 64bit Core' Language: 'ja' Physical Memory: 16331 MB
BatchMode: 1, IsHumanControllingUs: 0, StartBugReporterOnCrash: 0, Is64bit: 1, IsPro: 1

COMMAND LINE ARGUMENTS:
C:\Program Files\Unity\Hub\Editor\6000.0.48f1\Editor\Unity.exe
-adb2
-batchMode
-noUpm
-name
AssetImportWorker2
-projectPath
D:/tryro-dev-camera_sim/unity_source/Demo_Parking
-logFile
Logs/AssetImportWorker2.log
-srvPort
52095
-job-worker-count
5
-background-job-worker-count
8
-gc-helper-count
1
Successfully changed project path to: D:/tryro-dev-camera_sim/unity_source/Demo_Parking
D:/tryro-dev-camera_sim/unity_source/Demo_Parking
[UnityMemory] Configuration Parameters - Can be set up in boot.config
    "memorysetup-bucket-allocator-granularity=16"
    "memorysetup-bucket-allocator-bucket-count=8"
    "memorysetup-bucket-allocator-block-size=33554432"
    "memorysetup-bucket-allocator-block-count=8"
    "memorysetup-main-allocator-block-size=16777216"
    "memorysetup-thread-allocator-block-size=16777216"
    "memorysetup-gfx-main-allocator-block-size=16777216"
    "memorysetup-gfx-thread-allocator-block-size=16777216"
    "memorysetup-cache-allocator-block-size=4194304"
    "memorysetup-typetree-allocator-block-size=2097152"
    "memorysetup-profiler-bucket-allocator-granularity=16"
    "memorysetup-profiler-bucket-allocator-bucket-count=8"
    "memorysetup-profiler-bucket-allocator-block-size=33554432"
    "memorysetup-profiler-bucket-allocator-block-count=8"
    "memorysetup-profiler-allocator-block-size=16777216"
    "memorysetup-profiler-editor-allocator-block-size=1048576"
    "memorysetup-temp-allocator-size-main=16777216"
    "memorysetup-job-temp-allocator-block-size=2097152"
    "memorysetup-job-temp-allocator-block-size-background=1048576"
    "memorysetup-job-temp-allocator-reduction-small-platforms=262144"
    "memorysetup-allocator-temp-initial-block-size-main=262144"
    "memorysetup-allocator-temp-initial-block-size-worker=262144"
    "memorysetup-temp-allocator-size-background-worker=32768"
    "memorysetup-temp-allocator-size-job-worker=262144"
    "memorysetup-temp-allocator-size-preload-manager=33554432"
    "memorysetup-temp-allocator-size-nav-mesh-worker=65536"
    "memorysetup-temp-allocator-size-audio-worker=65536"
    "memorysetup-temp-allocator-size-cloud-worker=32768"
    "memorysetup-temp-allocator-size-gi-baking-worker=262144"
    "memorysetup-temp-allocator-size-gi-baking-worker=262144"
    "memorysetup-temp-allocator-size-gi-baking-worker=262144"
    "memorysetup-temp-allocator-size-gi-baking-worker=262144"
    "memorysetup-temp-allocator-size-gi-baking-worker=262144"
    "memorysetup-temp-allocator-size-gfx=262144"
Player connection [13332]  Target information:

Player connection [13332]  * "[IP] 192.168.10.103 [Port] 0 [Flags] 2 [Guid] 2521551967 [EditorId] 2521551967 [Version] 1048832 [Id] WindowsEditor(7,DESKTOP-JPNJJEO) [Debug] 1 [PackageName] WindowsEditor [ProjectName] Editor" 

Player connection [13332]  * "[IP] 192.168.56.1 [Port] 0 [Flags] 2 [Guid] 2521551967 [EditorId] 2521551967 [Version] 1048832 [Id] WindowsEditor(7,DESKTOP-JPNJJEO) [Debug] 1 [PackageName] WindowsEditor [ProjectName] Editor" 

Player connection [13332] Host joined multi-casting on [225.0.0.222:54997]...
Player connection [13332] Host joined alternative multi-casting on [225.0.0.222:34997]...
JobSystem: Creating JobQueue using job-worker-count value 5
Input System module state changed to: Initialized.
[Physics::Module] Initialized fallback backend.
[Physics::Module] Id: 0xdecafbad
Library Redirect Path: Library/
[Physics::Module] Selected backend.
[Physics::Module] Name: PhysX
[Physics::Module] Id: 0xf2b8ea05
[Physics::Module] SDK Version: 4.1.2
[Physics::Module] Integration Version: 1.0.0
[Physics::Module] Threading Mode: Multi-Threaded
Refreshing native plugins compatible for Editor in 1546.05 ms, found 9 plugins.
Preloading 0 native plugins for Editor in 0.00 ms.
Initialize engine version: 6000.0.48f1 (170d2541580d)
[Subsystems] Discovering subsystems at path C:/Program Files/Unity/Hub/Editor/6000.0.48f1/Editor/Data/Resources/UnitySubsystems
[Subsystems] Discovering subsystems at path D:/tryro-dev-camera_sim/unity_source/Demo_Parking/Assets
GfxDevice: creating device client; kGfxThreadingModeNonThreaded
Direct3D:
    Version:  Direct3D 11.0 [level 11.1]
    Renderer: NVIDIA GeForce RTX 2060 (ID=0x1f08)
    Vendor:   NVIDIA
    VRAM:     5954 MB
    Driver:   32.0.15.6094
Initialize mono
Mono path[0] = 'C:/Program Files/Unity/Hub/Editor/6000.0.48f1/Editor/Data/Managed'
Mono path[1] = 'C:/Program Files/Unity/Hub/Editor/6000.0.48f1/Editor/Data/MonoBleedingEdge/lib/mono/unityjit-win32'
Mono config path = 'C:/Program Files/Unity/Hub/Editor/6000.0.48f1/Editor/Data/MonoBleedingEdge/etc'
Using monoOptions --debugger-agent=transport=dt_socket,embedding=1,server=y,suspend=n,address=127.0.0.1:56904
Begin MonoManager ReloadAssembly
Registering precompiled unity dll's ...
Register platform support module: C:/Program Files/Unity/Hub/Editor/6000.0.48f1/Editor/Data/PlaybackEngines/WindowsStandaloneSupport/UnityEditor.WindowsStandalone.Extensions.dll
Register platform support module: C:/Program Files/Unity/Hub/Editor/6000.0.48f1/Editor/Data/PlaybackEngines/AndroidPlayer/UnityEditor.Android.Extensions.dll
Registered in 0.006007 seconds.
- Loaded All Assemblies, in  0.515 seconds
Native extension for Android target not found
Android Extension - Scanning For ADB Devices 287 ms
Native extension for WindowsStandalone target not found
Mono: successfully reloaded assembly
- Finished resetting the current domain, in  0.773 seconds
Domain Reload Profiling: 1284ms
	BeginReloadAssembly (170ms)
		ExecutionOrderSort (0ms)
		DisableScriptedObjects (0ms)
		BackupInstance (0ms)
		ReleaseScriptingObjects (0ms)
		CreateAndSetChildDomain (1ms)
	RebuildCommonClasses (54ms)
	RebuildNativeTypeToScriptingClass (17ms)
	initialDomainReloadingComplete (68ms)
	LoadAllAssembliesAndSetupDomain (203ms)
		LoadAssemblies (165ms)
		RebuildTransferFunctionScriptingTraits (0ms)
		AnalyzeDomain (198ms)
			TypeCache.Refresh (196ms)
				TypeCache.ScanAssembly (180ms)
			BuildScriptInfoCaches (0ms)
			ResolveRequiredComponents (1ms)
	FinalizeReload (774ms)
		ReleaseScriptCaches (0ms)
		RebuildScriptCaches (0ms)
		SetupLoadedEditorAssemblies (717ms)
			LogAssemblyErrors (0ms)
			InitializePlatformSupportModulesInManaged (404ms)
			SetLoadedEditorAssemblies (4ms)
			BeforeProcessingInitializeOnLoad (74ms)
			ProcessInitializeOnLoadAttributes (149ms)
			ProcessInitializeOnLoadMethodAttributes (86ms)
			AfterProcessingInitializeOnLoad (0ms)
			EditorAssembliesLoaded (0ms)
		ExecutionOrderSort2 (0ms)
		AwakeInstancesAfterBackupRestoration (0ms)
========================================================================
Worker process is ready to serve import requests
Import Worker Mode flag is 0x00
Begin MonoManager ReloadAssembly
- Loaded All Assemblies, in  1.009 seconds
'Packages/com.unity.xr.openxr/Runtime/OpenXRLoader.cs' contains partial class of Unity.Object, exactly 1 of the partial classes needs to be in a file with the same filename. This is to know the one that can be referenced from ie. GameObjects
'Packages/com.unity.xr.openxr/Runtime/OpenXRLoaderInternal.cs' contains partial class of Unity.Object, exactly 1 of the partial classes needs to be in a file with the same filename. This is to know the one that can be referenced from ie. GameObjects
Refreshing native plugins compatible for Editor in 11.20 ms, found 9 plugins.
Native extension for Android target not found
Native extension for WindowsStandalone target not found
Package Manager log level set to [2]
[Package Manager] Failed to launch server process. Reason: Unity was launched with the -noUpm command-line argument
[Package Manager] Unable to send message (not connected to server process).
[Package Manager] Cannot connect to Unity Package Manager local server
System.NullReferenceException: Object reference not set to an instance of an object
  at UnityEditor.XR.Interaction.Toolkit.Analytics.XRIAnalytics..cctor () [0x00000] in .\Library\PackageCache\com.unity.xr.interaction.toolkit@9b07900cb163\Editor\Analytics\XRIAnalytics.cs:32 
UnityEngine.Debug:ExtractStackTraceNoAlloc (byte*,int,string)
UnityEngine.StackTraceUtility:ExtractStackTrace ()
UnityEngine.DebugLogHandler:Internal_Log (UnityEngine.LogType,UnityEngine.LogOption,string,UnityEngine.Object)
UnityEngine.DebugLogHandler:LogFormat (UnityEngine.LogType,UnityEngine.Object,string,object[])
UnityEngine.Logger:Log (UnityEngine.LogType,object)
UnityEngine.Debug:LogError (object)
UnityEditor.EditorAssemblies:ProcessInitializeOnLoadAttributes (System.Type[])

[Package Manager] Failed to launch server process. Reason: Unity was launched with the -noUpm command-line argument
[Package Manager] Unable to send message (not connected to server process).
[Package Manager] Cannot connect to Unity Package Manager local server
Failed to get package versions: Cannot connect to Unity Package Manager local server
UnityEngine.Debug:ExtractStackTraceNoAlloc (byte*,int,string)
UnityEngine.StackTraceUtility:ExtractStackTrace ()
UnityEngine.DebugLogHandler:Internal_Log (UnityEngine.LogType,UnityEngine.LogOption,string,UnityEngine.Object)
UnityEngine.DebugLogHandler:LogFormat (UnityEngine.LogType,UnityEngine.Object,string,object[])
UnityEngine.Logger:Log (UnityEngine.LogType,object)
UnityEngine.Debug:LogWarning (object)
Unity.XR.CoreUtils.Editor.PackageVersionUtility:UpdatePackageVersions () (at ./Library/PackageCache/com.unity.xr.core-utils@5b282bc7378d/Editor/ProjectValidation/PackageVersionUtility.cs:59)
Unity.XR.CoreUtils.Editor.PackageVersionUtility:GetPackageVersion (string) (at ./Library/PackageCache/com.unity.xr.core-utils@5b282bc7378d/Editor/ProjectValidation/PackageVersionUtility.cs:77)
UnityEditor.XR.Interaction.Toolkit.Samples.Hands.Editor.HandsSampleProjectValidation:.cctor () (at Assets/Samples/XR Interaction Toolkit/3.1.1/Hands Interaction Demo/Editor/Scripts/HandsSampleProjectValidation.cs:34)
System.Reflection.RuntimeMethodInfo:Invoke (object,System.Reflection.BindingFlags,System.Reflection.Binder,object[],System.Globalization.CultureInfo)
System.Reflection.MethodBase:Invoke (object,object[])
UnityEditor.EditorAssemblies:ProcessInitializeOnLoadMethodAttributes ()

(Filename: ./Library/PackageCache/com.unity.xr.core-utils@5b282bc7378d/Editor/ProjectValidation/PackageVersionUtility.cs Line: 59)

Mono: successfully reloaded assembly
[Package Manager] Failed to launch server process. Reason: Unity was launched with the -noUpm command-line argument
[Package Manager] Unable to send message (not connected to server process).
[Package Manager] Cannot connect to Unity Package Manager local server
[Package Manager] Failed to launch server process. Reason: Unity was launched with the -noUpm command-line argument
[Package Manager] Unable to send message (not connected to server process).
[Package Manager] Cannot connect to Unity Package Manager local server
- Finished resetting the current domain, in  1.428 seconds
Domain Reload Profiling: 2432ms
	BeginReloadAssembly (221ms)
		ExecutionOrderSort (0ms)
		DisableScriptedObjects (8ms)
		BackupInstance (0ms)
		ReleaseScriptingObjects (0ms)
		CreateAndSetChildDomain (34ms)
	RebuildCommonClasses (46ms)
	RebuildNativeTypeToScriptingClass (16ms)
	initialDomainReloadingComplete (55ms)
	LoadAllAssembliesAndSetupDomain (666ms)
		LoadAssemblies (443ms)
		RebuildTransferFunctionScriptingTraits (0ms)
		AnalyzeDomain (357ms)
			TypeCache.Refresh (271ms)
				TypeCache.ScanAssembly (250ms)
			BuildScriptInfoCaches (67ms)
			ResolveRequiredComponents (15ms)
	FinalizeReload (1429ms)
		ReleaseScriptCaches (0ms)
		RebuildScriptCaches (0ms)
		SetupLoadedEditorAssemblies (1248ms)
			LogAssemblyErrors (0ms)
			InitializePlatformSupportModulesInManaged (15ms)
			SetLoadedEditorAssemblies (6ms)
			BeforeProcessingInitializeOnLoad (154ms)
			ProcessInitializeOnLoadAttributes (505ms)
			ProcessInitializeOnLoadMethodAttributes (556ms)
			AfterProcessingInitializeOnLoad (11ms)
			EditorAssembliesLoaded (1ms)
		ExecutionOrderSort2 (0ms)
		AwakeInstancesAfterBackupRestoration (8ms)
Launched and connected shader compiler UnityShaderCompiler.exe after 0.83 seconds
Refreshing native plugins compatible for Editor in 8.62 ms, found 9 plugins.
Preloading 0 native plugins for Editor in 0.00 ms.
Unloading 244 Unused Serialized files (Serialized files now loaded: 0)
Unloading 5682 unused Assets / (8.2 MB). Loaded Objects now: 6348.
Memory consumption went from 174.1 MB to 165.9 MB.
Total: 15.071400 ms (FindLiveObjects: 0.823300 ms CreateObjectMapping: 0.411800 ms MarkObjects: 7.329000 ms  DeleteObjects: 6.505400 ms)

========================================================================
Received Import Request.
  Time since last request: 16282.288969 seconds.
  path: Assets/VRTemplateAssets/Materials/Locomotion/FlatBlue.mat
  artifactKey: Guid(29048254ac014fd46a1a8684451bffd8) Importer(2089858483,192608db42251d675da83286b1cce702)
Start importing Assets/VRTemplateAssets/Materials/Locomotion/FlatBlue.mat using Guid(29048254ac014fd46a1a8684451bffd8) Importer(2089858483,192608db42251d675da83286b1cce702) (ScriptedImporter) -> (artifact id: '70c96ed9eebed6b82e87aa02aa53d749') in 0.2650012 seconds
Number of updated asset objects reloaded before import = 0Number of asset objects unloaded after import = 1

========================================================================
Received Import Request.
  Time since last request: 0.000023 seconds.
  path: Assets/VRTemplateAssets/Prefabs/Setup/Complete XR Origin Set Up Variant.prefab
  artifactKey: Guid(e4f332aea9a46b34bab01d9d6d17f588) Importer(2089858483,192608db42251d675da83286b1cce702)
Start importing Assets/VRTemplateAssets/Prefabs/Setup/Complete XR Origin Set Up Variant.prefab using Guid(e4f332aea9a46b34bab01d9d6d17f588) Importer(2089858483,192608db42251d675da83286b1cce702) (ScriptedImporter) -> (artifact id: '667aa24f7cb1c8f810cf94b9575bbccd') in 0.2738524 seconds
Number of updated asset objects reloaded before import = 0Number of asset objects unloaded after import = 1013

========================================================================
Received Import Request.
  Time since last request: 0.000033 seconds.
  path: Assets/XR/Loaders/Oculus Loader.asset
  artifactKey: Guid(eb6d337c1678a97408eb0481002d9ae2) Importer(2089858483,192608db42251d675da83286b1cce702)
Start importing Assets/XR/Loaders/Oculus Loader.asset using Guid(eb6d337c1678a97408eb0481002d9ae2) Importer(2089858483,192608db42251d675da83286b1cce702) (ScriptedImporter) -> (artifact id: '2e20d00d1d26cdcc7483ab9aefad4064') in 0.0260186 seconds
Number of updated asset objects reloaded before import = 0Number of asset objects unloaded after import = 1

========================================================================
Received Import Request.
  Time since last request: 0.000023 seconds.
  path: Assets/VRTemplateAssets/Sprites/Icons/Chevron.png
  artifactKey: Guid(c587cac8808c8b745adbae420e9acc83) Importer(2089858483,192608db42251d675da83286b1cce702)
Start importing Assets/VRTemplateAssets/Sprites/Icons/Chevron.png using Guid(c587cac8808c8b745adbae420e9acc83) Importer(2089858483,192608db42251d675da83286b1cce702) (ScriptedImporter) -> (artifact id: '64a1594361a3fc86071645a3b36f5fd5') in 0.0689223 seconds
Number of updated asset objects reloaded before import = 0Number of asset objects unloaded after import = 3

========================================================================
Received Import Request.
  Time since last request: 0.000017 seconds.
  path: Assets/VRTemplateAssets/Sprites/CoachingCards/Coaching Step 3.png
  artifactKey: Guid(a89d91b09ecb0164ab9d892915bfa299) Importer(2089858483,192608db42251d675da83286b1cce702)
Start importing Assets/VRTemplateAssets/Sprites/CoachingCards/Coaching Step 3.png using Guid(a89d91b09ecb0164ab9d892915bfa299) Importer(2089858483,192608db42251d675da83286b1cce702) (ScriptedImporter) -> (artifact id: '14fba8cbeff190dc15f4a4b45b1f63b7') in 0.0233492 seconds
Number of updated asset objects reloaded before import = 0Number of asset objects unloaded after import = 3

========================================================================
Received Import Request.
  Time since last request: 0.000019 seconds.
  path: Assets/TextMesh Pro/Shaders/TMP_SDF-Mobile-2-Pass.shader
  artifactKey: Guid(0178fcb869bafef4690d177d31d17db8) Importer(2089858483,192608db42251d675da83286b1cce702)
Start importing Assets/TextMesh Pro/Shaders/TMP_SDF-Mobile-2-Pass.shader using Guid(0178fcb869bafef4690d177d31d17db8) Importer(2089858483,192608db42251d675da83286b1cce702) (ScriptedImporter) -> (artifact id: '6daad48409279d570d0cc04d805eb4c5') in 0.0231921 seconds
Number of updated asset objects reloaded before import = 0Number of asset objects unloaded after import = 1

========================================================================
Received Import Request.
  Time since last request: 0.000027 seconds.
  path: Assets/VRTemplateAssets/Prefabs/UI/List Item Button.prefab
  artifactKey: Guid(fa5ef3b56cfeb4f4ba855cdf2610a578) Importer(2089858483,192608db42251d675da83286b1cce702)
Start importing Assets/VRTemplateAssets/Prefabs/UI/List Item Button.prefab using Guid(fa5ef3b56cfeb4f4ba855cdf2610a578) Importer(2089858483,192608db42251d675da83286b1cce702) (ScriptedImporter) -> (artifact id: 'c32a7d3c31b20e4dc3fc4105fbd1a73d') in 0.0508687 seconds
Number of updated asset objects reloaded before import = 0Number of asset objects unloaded after import = 44

========================================================================
Received Import Request.
  Time since last request: 0.000017 seconds.
  path: Assets/VRTemplateAssets/Graphics/Post Process Volume Profile.asset
  artifactKey: Guid(12bd4b8ecc486d84b9e059255860c49b) Importer(2089858483,192608db42251d675da83286b1cce702)
Start importing Assets/VRTemplateAssets/Graphics/Post Process Volume Profile.asset using Guid(12bd4b8ecc486d84b9e059255860c49b) Importer(2089858483,192608db42251d675da83286b1cce702) (ScriptedImporter) -> (artifact id: '9c580d3de15244cdbbf12fbd4093f10e') in 0.0162341 seconds
Number of updated asset objects reloaded before import = 0Number of asset objects unloaded after import = 4

========================================================================
Received Import Request.
  Time since last request: 0.000022 seconds.
  path: Assets/VRTemplateAssets/Prefabs/Controller/Universal Controller Materials Variant.prefab
  artifactKey: Guid(445f7411c27de9943b49bb5c4ca806ce) Importer(2089858483,192608db42251d675da83286b1cce702)
Start importing Assets/VRTemplateAssets/Prefabs/Controller/Universal Controller Materials Variant.prefab using Guid(445f7411c27de9943b49bb5c4ca806ce) Importer(2089858483,192608db42251d675da83286b1cce702) (ScriptedImporter) -> (artifact id: '02137ab726b17ba5f31af7eee150dc92') in 0.0825447 seconds
Number of updated asset objects reloaded before import = 0Number of asset objects unloaded after import = 93

========================================================================
Received Import Request.
  Time since last request: 0.000028 seconds.
  path: Assets/VRTemplateAssets/Sprites/Icons/Rotate Right.png
  artifactKey: Guid(1e4fbbf0f3e2efa428b2176e5a91baed) Importer(2089858483,192608db42251d675da83286b1cce702)
Start importing Assets/VRTemplateAssets/Sprites/Icons/Rotate Right.png using Guid(1e4fbbf0f3e2efa428b2176e5a91baed) Importer(2089858483,192608db42251d675da83286b1cce702) (ScriptedImporter) -> (artifact id: '40545823bb51c57751712d38d52ba120') in 0.0226425 seconds
Number of updated asset objects reloaded before import = 0Number of asset objects unloaded after import = 3

========================================================================
Received Import Request.
  Time since last request: 0.000035 seconds.
  path: Assets/VRTemplateAssets/Sprites/UI/Joystick Segment.png
  artifactKey: Guid(54baed6400621ff4b8670b6116af054e) Importer(2089858483,192608db42251d675da83286b1cce702)
Start importing Assets/VRTemplateAssets/Sprites/UI/Joystick Segment.png using Guid(54baed6400621ff4b8670b6116af054e) Importer(2089858483,192608db42251d675da83286b1cce702) (ScriptedImporter) -> (artifact id: '35fa8a3d560bc808233349420ba3246c') in 0.0276768 seconds
Number of updated asset objects reloaded before import = 0Number of asset objects unloaded after import = 3

========================================================================
Received Import Request.
  Time since last request: 0.000019 seconds.
  path: Assets/VRTemplateAssets/Sprites/Icons/Forward.png
  artifactKey: Guid(a18f69464d4032d41a019152e94f2295) Importer(2089858483,192608db42251d675da83286b1cce702)
Start importing Assets/VRTemplateAssets/Sprites/Icons/Forward.png using Guid(a18f69464d4032d41a019152e94f2295) Importer(2089858483,192608db42251d675da83286b1cce702) (ScriptedImporter) -> (artifact id: '1fd469d4d146484685d0a650683f4f10') in 0.0418727 seconds
Number of updated asset objects reloaded before import = 0Number of asset objects unloaded after import = 3

========================================================================
Received Import Request.
  Time since last request: 0.000018 seconds.
  path: Assets/TextMesh Pro/Shaders/TMP_Sprite.shader
  artifactKey: Guid(cf81c85f95fe47e1a27f6ae460cf182c) Importer(2089858483,192608db42251d675da83286b1cce702)
Start importing Assets/TextMesh Pro/Shaders/TMP_Sprite.shader using Guid(cf81c85f95fe47e1a27f6ae460cf182c) Importer(2089858483,192608db42251d675da83286b1cce702) (ScriptedImporter) -> (artifact id: '030feef2bb8f5e9d7180a3451f53f565') in 0.0166042 seconds
Number of updated asset objects reloaded before import = 0Number of asset objects unloaded after import = 1

========================================================================
Received Import Request.
  Time since last request: 0.000024 seconds.
  path: Assets/VRTemplateAssets/Sprites/Icons/Scroll Up.png
  artifactKey: Guid(976e28fd05dde91429107e5f857f3c89) Importer(2089858483,192608db42251d675da83286b1cce702)
Start importing Assets/VRTemplateAssets/Sprites/Icons/Scroll Up.png using Guid(976e28fd05dde91429107e5f857f3c89) Importer(2089858483,192608db42251d675da83286b1cce702) (ScriptedImporter) -> (artifact id: '3151fd93b920ed922a8827173e939542') in 0.0264739 seconds
Number of updated asset objects reloaded before import = 0Number of asset objects unloaded after import = 3

========================================================================
Received Import Request.
  Time since last request: 0.000031 seconds.
  path: Assets/VRTemplateAssets/Sprites/Icons/Pause.png
  artifactKey: Guid(5f4d26dedc364e74d880a7125d57119c) Importer(2089858483,192608db42251d675da83286b1cce702)
Start importing Assets/VRTemplateAssets/Sprites/Icons/Pause.png using Guid(5f4d26dedc364e74d880a7125d57119c) Importer(2089858483,192608db42251d675da83286b1cce702) (ScriptedImporter) -> (artifact id: '17f07b6f04576dd28ff226244dcd63d1') in 0.0241402 seconds
Number of updated asset objects reloaded before import = 0Number of asset objects unloaded after import = 3

========================================================================
Received Import Request.
  Time since last request: 0.000017 seconds.
  path: Assets/Samples/XR Interaction Toolkit/3.1.1/Starter Assets/StarterAssets.asmdef
  artifactKey: Guid(8f07e33567e0ee542b40769c456c6b53) Importer(2089858483,192608db42251d675da83286b1cce702)
Start importing Assets/Samples/XR Interaction Toolkit/3.1.1/Starter Assets/StarterAssets.asmdef using Guid(8f07e33567e0ee542b40769c456c6b53) Importer(2089858483,192608db42251d675da83286b1cce702) (ScriptedImporter) -> (artifact id: '2021f101682d680c7cbb078a6ca36f18') in 0.0299362 seconds
Number of updated asset objects reloaded before import = 0Number of asset objects unloaded after import = 1

========================================================================
Received Import Request.
  Time since last request: 0.000017 seconds.
  path: Assets/Samples/XR Hands/1.5.0/HandVisualizer/Materials/HandsDefaultMaterial.mat
  artifactKey: Guid(613690cd962241049a0ec289a6ff835e) Importer(2089858483,192608db42251d675da83286b1cce702)
Start importing Assets/Samples/XR Hands/1.5.0/HandVisualizer/Materials/HandsDefaultMaterial.mat using Guid(613690cd962241049a0ec289a6ff835e) Importer(2089858483,192608db42251d675da83286b1cce702) (ScriptedImporter) -> (artifact id: 'ce5efc289fb6f7e5b93a82377159cb81') in 0.091077 seconds
Number of updated asset objects reloaded before import = 0Number of asset objects unloaded after import = 1

========================================================================
Received Import Request.
  Time since last request: 0.000022 seconds.
  path: Assets/Samples/XR Interaction Toolkit/3.1.1/Starter Assets/XRI Default Input Actions.inputactions
  artifactKey: Guid(c348712bda248c246b8c49b3db54643f) Importer(2089858483,192608db42251d675da83286b1cce702)
Start importing Assets/Samples/XR Interaction Toolkit/3.1.1/Starter Assets/XRI Default Input Actions.inputactions using Guid(c348712bda248c246b8c49b3db54643f) Importer(2089858483,192608db42251d675da83286b1cce702) (ScriptedImporter) -> (artifact id: 'c5e53a3afa1c0a012d1338b0c18d75de') in 0.3710469 seconds
Number of updated asset objects reloaded before import = 0Number of asset objects unloaded after import = 95

========================================================================
Received Import Request.
  Time since last request: 0.000030 seconds.
  path: Assets/Samples/XR Hands/1.5.0/HandVisualizer/Prefabs/Right Hand Tracking.prefab
  artifactKey: Guid(3f7511fbc40ae7a4b89c3298a3de199d) Importer(2089858483,192608db42251d675da83286b1cce702)
Start importing Assets/Samples/XR Hands/1.5.0/HandVisualizer/Prefabs/Right Hand Tracking.prefab using Guid(3f7511fbc40ae7a4b89c3298a3de199d) Importer(2089858483,192608db42251d675da83286b1cce702) (ScriptedImporter) -> (artifact id: 'ff1ca14d0c397a6e4aed3a55e59c036a') in 0.0428738 seconds
Number of updated asset objects reloaded before import = 0Number of asset objects unloaded after import = 122

========================================================================
Received Import Request.
  Time since last request: 0.000025 seconds.
  path: Assets/Samples/XR Hands/1.5.0/HandVisualizer/Prefabs/Joint.prefab
  artifactKey: Guid(254b742d65a15d14b9df756ae77de868) Importer(2089858483,192608db42251d675da83286b1cce702)
Start importing Assets/Samples/XR Hands/1.5.0/HandVisualizer/Prefabs/Joint.prefab using Guid(254b742d65a15d14b9df756ae77de868) Importer(2089858483,192608db42251d675da83286b1cce702) (ScriptedImporter) -> (artifact id: 'b2beb12cf89a312caf6d7426dd2d12fa') in 0.0691146 seconds
Number of updated asset objects reloaded before import = 0Number of asset objects unloaded after import = 26

========================================================================
Received Import Request.
  Time since last request: 0.000024 seconds.
  path: Assets/Samples/XR Hands/1.5.0/HandVisualizer/Materials/White.mat
  artifactKey: Guid(c3474c208278e814cb8d1c29aa806e81) Importer(2089858483,192608db42251d675da83286b1cce702)
Start importing Assets/Samples/XR Hands/1.5.0/HandVisualizer/Materials/White.mat using Guid(c3474c208278e814cb8d1c29aa806e81) Importer(2089858483,192608db42251d675da83286b1cce702) (ScriptedImporter) -> (artifact id: '60ad0d21d8988b80f29dceafb051894f') in 0.0224324 seconds
Number of updated asset objects reloaded before import = 0Number of asset objects unloaded after import = 1

========================================================================
Received Import Request.
  Time since last request: 0.000031 seconds.
  path: Assets/Samples/XR Interaction Toolkit/3.1.1/Hands Interaction Demo/AffordanceThemes/PinchPointEdgeStrength.asset
  artifactKey: Guid(2d9d4878bfb037248af1d243a0638dd0) Importer(2089858483,192608db42251d675da83286b1cce702)
Start importing Assets/Samples/XR Interaction Toolkit/3.1.1/Hands Interaction Demo/AffordanceThemes/PinchPointEdgeStrength.asset using Guid(2d9d4878bfb037248af1d243a0638dd0) Importer(2089858483,192608db42251d675da83286b1cce702) (ScriptedImporter) -> (artifact id: 'd2758cbc495c691ca71c6841fc941208') in 0.0392697 seconds
Number of updated asset objects reloaded before import = 0Number of asset objects unloaded after import = 1

========================================================================
Received Import Request.
  Time since last request: 0.000022 seconds.
  path: Assets/Samples/XR Interaction Toolkit/3.1.1/Hands Interaction Demo/Prefabs/HandMenuRig.prefab
  artifactKey: Guid(58011bca9681c484080084eccc4cb150) Importer(2089858483,192608db42251d675da83286b1cce702)
Start importing Assets/Samples/XR Interaction Toolkit/3.1.1/Hands Interaction Demo/Prefabs/HandMenuRig.prefab using Guid(58011bca9681c484080084eccc4cb150) Importer(2089858483,192608db42251d675da83286b1cce702) (ScriptedImporter) -> (artifact id: '54b2fa2b83d167ee7cc736f686fd9e71') in 0.1156358 seconds
Number of updated asset objects reloaded before import = 0Number of asset objects unloaded after import = 22

========================================================================
Received Import Request.
  Time since last request: 0.000022 seconds.
  path: Assets/Samples/XR Interaction Toolkit/3.1.1/Hands Interaction Demo/Materials/Unity_Hand_Dark.mat
  artifactKey: Guid(c1c1d86181c00bf4dabbad3ca0b191e7) Importer(2089858483,192608db42251d675da83286b1cce702)
Start importing Assets/Samples/XR Interaction Toolkit/3.1.1/Hands Interaction Demo/Materials/Unity_Hand_Dark.mat using Guid(c1c1d86181c00bf4dabbad3ca0b191e7) Importer(2089858483,192608db42251d675da83286b1cce702) (ScriptedImporter) -> (artifact id: 'ed017a1f21a627eae99770d98cb39a28') in 0.6121562 seconds
Number of updated asset objects reloaded before import = 0Number of asset objects unloaded after import = 10

========================================================================
Received Import Request.
  Time since last request: 0.000030 seconds.
  path: Assets/Samples/XR Interaction Toolkit/3.1.1/Hands Interaction Demo/DatumPresets/Under Watch Hands Follow Preset.asset
  artifactKey: Guid(5c3063cefe11749438f60126cef83288) Importer(2089858483,192608db42251d675da83286b1cce702)
Start importing Assets/Samples/XR Interaction Toolkit/3.1.1/Hands Interaction Demo/DatumPresets/Under Watch Hands Follow Preset.asset using Guid(5c3063cefe11749438f60126cef83288) Importer(2089858483,192608db42251d675da83286b1cce702) (ScriptedImporter) -> (artifact id: '959ba8f54b6fb07f4f042d2a20d44128') in 0.0176282 seconds
Number of updated asset objects reloaded before import = 0Number of asset objects unloaded after import = 1

========================================================================
Received Import Request.
  Time since last request: 0.000017 seconds.
  path: Assets/VRTemplateAssets/Sprites/CoachingCards/Coaching Step 5.png
  artifactKey: Guid(bd657264cd2bd754bbed1cc8905fbdce) Importer(2089858483,192608db42251d675da83286b1cce702)
Start importing Assets/VRTemplateAssets/Sprites/CoachingCards/Coaching Step 5.png using Guid(bd657264cd2bd754bbed1cc8905fbdce) Importer(2089858483,192608db42251d675da83286b1cce702) (ScriptedImporter) -> (artifact id: 'afb9f83e678c359ec9ea7277acd4e5a5') in 0.0248821 seconds
Number of updated asset objects reloaded before import = 0Number of asset objects unloaded after import = 3

========================================================================
Received Import Request.
  Time since last request: 0.000018 seconds.
  path: Assets/VRTemplateAssets/Prefabs/Blaster/Confetti.prefab
  artifactKey: Guid(a24db55e1f9277f459f8a602b53a9bb0) Importer(2089858483,192608db42251d675da83286b1cce702)
Start importing Assets/VRTemplateAssets/Prefabs/Blaster/Confetti.prefab using Guid(a24db55e1f9277f459f8a602b53a9bb0) Importer(2089858483,192608db42251d675da83286b1cce702) (ScriptedImporter) -> (artifact id: 'c17c1801bb10019aa2e1803a7931b932') in 0.2845234 seconds
Number of updated asset objects reloaded before import = 0Number of asset objects unloaded after import = 9

========================================================================
Received Import Request.
  Time since last request: 0.000023 seconds.
  path: Assets/Samples/XR Interaction Toolkit/3.1.1/Hands Interaction Demo/Shaders/Unity_Hand_HDR.shadergraph
  artifactKey: Guid(0f2e4d0d30e2b93488dce2f0124a9b44) Importer(2089858483,192608db42251d675da83286b1cce702)
Start importing Assets/Samples/XR Interaction Toolkit/3.1.1/Hands Interaction Demo/Shaders/Unity_Hand_HDR.shadergraph using Guid(0f2e4d0d30e2b93488dce2f0124a9b44) Importer(2089858483,192608db42251d675da83286b1cce702) (ScriptedImporter) -> (artifact id: '08f9504b6af520dd1e32e4cb59a8f618') in 0.3233501 seconds
Number of updated asset objects reloaded before import = 0Number of asset objects unloaded after import = 10

========================================================================
Received Import Request.
  Time since last request: 0.000027 seconds.
  path: Assets/Samples/XR Interaction Toolkit/3.1.1/Starter Assets/Filters/AnyGazedAtTeleportAnchorFilter.asset
  artifactKey: Guid(0f906c94e2aa0c3488832acc1db04295) Importer(2089858483,192608db42251d675da83286b1cce702)
Start importing Assets/Samples/XR Interaction Toolkit/3.1.1/Starter Assets/Filters/AnyGazedAtTeleportAnchorFilter.asset using Guid(0f906c94e2aa0c3488832acc1db04295) Importer(2089858483,192608db42251d675da83286b1cce702) (ScriptedImporter) -> (artifact id: 'ac25d6d5da99ec40a8a0d0a27d90ac5f') in 0.0171055 seconds
Number of updated asset objects reloaded before import = 0Number of asset objects unloaded after import = 1

========================================================================
Received Import Request.
  Time since last request: 0.000018 seconds.
  path: Assets/Samples/XR Interaction Toolkit/3.1.1/Hands Interaction Demo/Shaders/DepthOnly.shader
  artifactKey: Guid(3ff7faa3aa8991a4eb1a459f880a75a6) Importer(2089858483,192608db42251d675da83286b1cce702)
Start importing Assets/Samples/XR Interaction Toolkit/3.1.1/Hands Interaction Demo/Shaders/DepthOnly.shader using Guid(3ff7faa3aa8991a4eb1a459f880a75a6) Importer(2089858483,192608db42251d675da83286b1cce702) (ScriptedImporter) -> (artifact id: 'fd37c9cd8d5b4f4a2b7ea2c64a6f2e60') in 0.0152808 seconds
Number of updated asset objects reloaded before import = 0Number of asset objects unloaded after import = 1

========================================================================
Received Import Request.
  Time since last request: 0.000019 seconds.
  path: Assets/VRTemplateAssets/Sprites/UI/CircleMask.png
  artifactKey: Guid(79dfa83adcf72d541946168c849ba331) Importer(2089858483,192608db42251d675da83286b1cce702)
Start importing Assets/VRTemplateAssets/Sprites/UI/CircleMask.png using Guid(79dfa83adcf72d541946168c849ba331) Importer(2089858483,192608db42251d675da83286b1cce702) (ScriptedImporter) -> (artifact id: 'a0a3676adf7db2197128f9a2aacf9152') in 0.0688293 seconds
Number of updated asset objects reloaded before import = 0Number of asset objects unloaded after import = 3

========================================================================
Received Import Request.
  Time since last request: 0.000021 seconds.
  path: Assets/VRTemplateAssets/Materials/Skybox/Hub Skybox Blue 2.mat
  artifactKey: Guid(5334f277fcb843944aebc29131d0b5a6) Importer(2089858483,192608db42251d675da83286b1cce702)
Start importing Assets/VRTemplateAssets/Materials/Skybox/Hub Skybox Blue 2.mat using Guid(5334f277fcb843944aebc29131d0b5a6) Importer(2089858483,192608db42251d675da83286b1cce702) (ScriptedImporter) -> (artifact id: '5aa8b92f6b5f7d88f09ab72057ff65c7') in 0.0346411 seconds
Number of updated asset objects reloaded before import = 0Number of asset objects unloaded after import = 2

========================================================================
Received Import Request.
  Time since last request: 0.000036 seconds.
  path: Assets/Samples/XR Hands/1.5.0/HandVisualizer/Materials/Blue.mat
  artifactKey: Guid(7b26add94f09dc44fb811013f007a3aa) Importer(2089858483,192608db42251d675da83286b1cce702)
Start importing Assets/Samples/XR Hands/1.5.0/HandVisualizer/Materials/Blue.mat using Guid(7b26add94f09dc44fb811013f007a3aa) Importer(2089858483,192608db42251d675da83286b1cce702) (ScriptedImporter) -> (artifact id: '0df4cd52176eed0d99ebb23adc90dc35') in 0.0173467 seconds
Number of updated asset objects reloaded before import = 0Number of asset objects unloaded after import = 1

========================================================================
Received Import Request.
  Time since last request: 0.000023 seconds.
  path: Assets/Samples/XR Interaction Toolkit/3.1.1/Starter Assets/Prefabs/XR Origin (XR Rig).prefab
  artifactKey: Guid(f6336ac4ac8b4d34bc5072418cdc62a0) Importer(2089858483,192608db42251d675da83286b1cce702)
Start importing Assets/Samples/XR Interaction Toolkit/3.1.1/Starter Assets/Prefabs/XR Origin (XR Rig).prefab using Guid(f6336ac4ac8b4d34bc5072418cdc62a0) Importer(2089858483,192608db42251d675da83286b1cce702) (ScriptedImporter) -> (artifact id: 'c79f388bb13673899273022af6ec699b') in 0.0640949 seconds
Number of updated asset objects reloaded before import = 0Number of asset objects unloaded after import = 358

========================================================================
Received Import Request.
  Time since last request: 0.000025 seconds.
  path: Assets/Samples/XR Interaction Toolkit/3.1.1/Starter Assets/Materials/FresnelHighlight.mat
  artifactKey: Guid(f5ccd52dc494e054fbe7d7161dcabe25) Importer(2089858483,192608db42251d675da83286b1cce702)
Start importing Assets/Samples/XR Interaction Toolkit/3.1.1/Starter Assets/Materials/FresnelHighlight.mat using Guid(f5ccd52dc494e054fbe7d7161dcabe25) Importer(2089858483,192608db42251d675da83286b1cce702) (ScriptedImporter) -> (artifact id: 'a36361440f8b990f7f25b8ac8c472333') in 0.2724636 seconds
Number of updated asset objects reloaded before import = 0Number of asset objects unloaded after import = 6

========================================================================
Received Import Request.
  Time since last request: 0.000024 seconds.
  path: Assets/Samples/XR Interaction Toolkit/3.1.1/Starter Assets/Materials/MaterialPipelineHandler.asset
  artifactKey: Guid(dbe8dcb68b75cd2498ab6c1d96e072a4) Importer(2089858483,192608db42251d675da83286b1cce702)
Start importing Assets/Samples/XR Interaction Toolkit/3.1.1/Starter Assets/Materials/MaterialPipelineHandler.asset using Guid(dbe8dcb68b75cd2498ab6c1d96e072a4) Importer(2089858483,192608db42251d675da83286b1cce702) (ScriptedImporter) -> (artifact id: '1dd55339792447b4644574982716cf70') in 0.0227372 seconds
Number of updated asset objects reloaded before import = 0Number of asset objects unloaded after import = 8

========================================================================
Received Import Request.
  Time since last request: 0.000034 seconds.
  path: Assets/Samples/XR Interaction Toolkit/3.1.1/Starter Assets/Presets/XRI Default Left Controller InputActionManager.preset
  artifactKey: Guid(c3d4ecc12d5e0f14c93fd734af32ab63) Importer(2089858483,192608db42251d675da83286b1cce702)
Start importing Assets/Samples/XR Interaction Toolkit/3.1.1/Starter Assets/Presets/XRI Default Left Controller InputActionManager.preset using Guid(c3d4ecc12d5e0f14c93fd734af32ab63) Importer(2089858483,192608db42251d675da83286b1cce702) (ScriptedImporter) -> (artifact id: '63856191cf7f840e787bb40500f035a7') in 0.0393818 seconds
Number of updated asset objects reloaded before import = 0Number of asset objects unloaded after import = 8

========================================================================
Received Import Request.
  Time since last request: 0.000023 seconds.
  path: Assets/Samples/XR Interaction Toolkit/3.1.1/Starter Assets/Scripts/ControllerAnimator.cs
  artifactKey: Guid(4a5f76f9ea8c80547973ab01877f9567) Importer(2089858483,192608db42251d675da83286b1cce702)
Start importing Assets/Samples/XR Interaction Toolkit/3.1.1/Starter Assets/Scripts/ControllerAnimator.cs using Guid(4a5f76f9ea8c80547973ab01877f9567) Importer(2089858483,192608db42251d675da83286b1cce702) (ScriptedImporter) -> (artifact id: '5dd9598d3f7867c05093848dd7e6eb8e') in 0.01602 seconds
Number of updated asset objects reloaded before import = 0Number of asset objects unloaded after import = 0

========================================================================
Received Import Request.
  Time since last request: 0.000018 seconds.
  path: Assets/Samples/XR Interaction Toolkit/3.1.1/Starter Assets/Scripts/DestroySelf.cs
  artifactKey: Guid(717c12e2a4cfe764ab2580b1135e10fd) Importer(2089858483,192608db42251d675da83286b1cce702)
Start importing Assets/Samples/XR Interaction Toolkit/3.1.1/Starter Assets/Scripts/DestroySelf.cs using Guid(717c12e2a4cfe764ab2580b1135e10fd) Importer(2089858483,192608db42251d675da83286b1cce702) (ScriptedImporter) -> (artifact id: 'a027c2bac366e73d82734f249ae954e5') in 0.0159575 seconds
Number of updated asset objects reloaded before import = 0Number of asset objects unloaded after import = 0

========================================================================
Received Import Request.
  Time since last request: 0.000024 seconds.
  path: Assets/Samples/XR Interaction Toolkit/3.1.1/Starter Assets/Presets/XRI Default Dynamic Move.preset
  artifactKey: Guid(da25954ba1a2e604294f2ccda1d6372c) Importer(2089858483,192608db42251d675da83286b1cce702)
Start importing Assets/Samples/XR Interaction Toolkit/3.1.1/Starter Assets/Presets/XRI Default Dynamic Move.preset using Guid(da25954ba1a2e604294f2ccda1d6372c) Importer(2089858483,192608db42251d675da83286b1cce702) (ScriptedImporter) -> (artifact id: 'b6002317b1fb735e29771fc2c657c7c0') in 0.0336518 seconds
Number of updated asset objects reloaded before import = 0Number of asset objects unloaded after import = 4

========================================================================
Received Import Request.
  Time since last request: 0.000035 seconds.
  path: Assets/VRTemplateAssets/Materials/Skybox/Horizontal Skybox.shader
  artifactKey: Guid(7f03ebe1c47a61a4299e9ff55e66690e) Importer(2089858483,192608db42251d675da83286b1cce702)
Start importing Assets/VRTemplateAssets/Materials/Skybox/Horizontal Skybox.shader using Guid(7f03ebe1c47a61a4299e9ff55e66690e) Importer(2089858483,192608db42251d675da83286b1cce702) (ScriptedImporter) -> (artifact id: '29a22f2d747bf1bc4f1b63f9d65760bb') in 0.0187904 seconds
Number of updated asset objects reloaded before import = 0Number of asset objects unloaded after import = 1

========================================================================
Received Import Request.
  Time since last request: 0.000019 seconds.
  path: Assets/Samples/XR Interaction Toolkit/3.1.1/Starter Assets/Animations/Climb Teleport Arrow.controller
  artifactKey: Guid(db6239f7ccb29ca4aac63126c6a35e7d) Importer(2089858483,192608db42251d675da83286b1cce702)
Start importing Assets/Samples/XR Interaction Toolkit/3.1.1/Starter Assets/Animations/Climb Teleport Arrow.controller using Guid(db6239f7ccb29ca4aac63126c6a35e7d) Importer(2089858483,192608db42251d675da83286b1cce702) (ScriptedImporter) -> (artifact id: 'b7cf9316d538ade26bda8d5e184d98b5') in 0.0480127 seconds
Number of updated asset objects reloaded before import = 0Number of asset objects unloaded after import = 4

========================================================================
Received Import Request.
  Time since last request: 0.000019 seconds.
  path: Assets/Samples/XR Interaction Toolkit/3.1.1/Starter Assets/Scripts/XRPokeFollowAffordance.cs
  artifactKey: Guid(07b3638c2f5db5b479ff24c2859713d4) Importer(2089858483,192608db42251d675da83286b1cce702)
Start importing Assets/Samples/XR Interaction Toolkit/3.1.1/Starter Assets/Scripts/XRPokeFollowAffordance.cs using Guid(07b3638c2f5db5b479ff24c2859713d4) Importer(2089858483,192608db42251d675da83286b1cce702) (ScriptedImporter) -> (artifact id: 'ec3e162a70cd300beb35e5919c393248') in 0.0177655 seconds
Number of updated asset objects reloaded before import = 0Number of asset objects unloaded after import = 0

========================================================================
Received Import Request.
  Time since last request: 0.000026 seconds.
  path: Assets/Samples/XR Interaction Toolkit/3.1.1/Starter Assets/TunnelingVignette/TunnelingVignette.shader
  artifactKey: Guid(e51b4af1e50be764e8de46e07d4e3f3f) Importer(2089858483,192608db42251d675da83286b1cce702)
Start importing Assets/Samples/XR Interaction Toolkit/3.1.1/Starter Assets/TunnelingVignette/TunnelingVignette.shader using Guid(e51b4af1e50be764e8de46e07d4e3f3f) Importer(2089858483,192608db42251d675da83286b1cce702) (ScriptedImporter) -> (artifact id: '123035f6015f20620a0e15379014d047') in 0.0185862 seconds
Number of updated asset objects reloaded before import = 0Number of asset objects unloaded after import = 1

========================================================================
Received Import Request.
  Time since last request: 0.000053 seconds.
  path: Assets/Samples/XR Interaction Toolkit/3.1.1/Starter Assets/Scripts/GazeInputManager.cs
  artifactKey: Guid(6ef0e4723b64c884699a375196c13ac0) Importer(2089858483,192608db42251d675da83286b1cce702)
Start importing Assets/Samples/XR Interaction Toolkit/3.1.1/Starter Assets/Scripts/GazeInputManager.cs using Guid(6ef0e4723b64c884699a375196c13ac0) Importer(2089858483,192608db42251d675da83286b1cce702) (ScriptedImporter) -> (artifact id: '7b86183e80b4a88914188c8f677058a6') in 0.0201387 seconds
Number of updated asset objects reloaded before import = 0Number of asset objects unloaded after import = 0

========================================================================
Received Import Request.
  Time since last request: 0.000022 seconds.
  path: Assets/Samples/XR Interaction Toolkit/3.1.1/Starter Assets/Shaders/UI-NoZTest.shader
  artifactKey: Guid(a661e7516de55c047905f40ca76fe701) Importer(2089858483,192608db42251d675da83286b1cce702)
Start importing Assets/Samples/XR Interaction Toolkit/3.1.1/Starter Assets/Shaders/UI-NoZTest.shader using Guid(a661e7516de55c047905f40ca76fe701) Importer(2089858483,192608db42251d675da83286b1cce702) (ScriptedImporter) -> (artifact id: 'acde76ee9208545ca10c518ccdf9a5dd') in 0.0179208 seconds
Number of updated asset objects reloaded before import = 0Number of asset objects unloaded after import = 1

========================================================================
Received Import Request.
  Time since last request: 0.000022 seconds.
  path: Assets/Samples/XR Interaction Toolkit/3.1.1/Starter Assets/TunnelingVignette/TunnelingVignette.prefab
  artifactKey: Guid(6c8af5c8012f01440af6cb2bc3eb987c) Importer(2089858483,192608db42251d675da83286b1cce702)
Start importing Assets/Samples/XR Interaction Toolkit/3.1.1/Starter Assets/TunnelingVignette/TunnelingVignette.prefab using Guid(6c8af5c8012f01440af6cb2bc3eb987c) Importer(2089858483,192608db42251d675da83286b1cce702) (ScriptedImporter) -> (artifact id: '92121d7e792d8c20602f32ef24dcc05c') in 0.0458229 seconds
Number of updated asset objects reloaded before import = 0Number of asset objects unloaded after import = 10

========================================================================
Received Import Request.
  Time since last request: 0.000024 seconds.
  path: Assets/Samples/XR Interaction Toolkit/3.1.1/Starter Assets/Shaders/Interactable.shadergraph
  artifactKey: Guid(0927d29e476ce5843b1f7d2a96943c51) Importer(2089858483,192608db42251d675da83286b1cce702)
Start importing Assets/Samples/XR Interaction Toolkit/3.1.1/Starter Assets/Shaders/Interactable.shadergraph using Guid(0927d29e476ce5843b1f7d2a96943c51) Importer(2089858483,192608db42251d675da83286b1cce702) (ScriptedImporter) -> (artifact id: '9a717bdac39461a47aedb77ab5dad338') in 0.2616293 seconds
Number of updated asset objects reloaded before import = 0Number of asset objects unloaded after import = 5

========================================================================
Received Import Request.
  Time since last request: 0.000034 seconds.
  path: Assets/Samples/XR Interaction Toolkit/3.1.1/Hands Interaction Demo/HandsDemoSceneAssets/Materials/FrameOutline.mat
  artifactKey: Guid(54f7c59213ac02b4d9f00104348dbac3) Importer(2089858483,192608db42251d675da83286b1cce702)
Start importing Assets/Samples/XR Interaction Toolkit/3.1.1/Hands Interaction Demo/HandsDemoSceneAssets/Materials/FrameOutline.mat using Guid(54f7c59213ac02b4d9f00104348dbac3) Importer(2089858483,192608db42251d675da83286b1cce702) (ScriptedImporter) -> (artifact id: '769a1f0d41f75ed3ee4eda9ec6960f67') in 0.0256788 seconds
Number of updated asset objects reloaded before import = 0Number of asset objects unloaded after import = 1

========================================================================
Received Import Request.
  Time since last request: 0.000020 seconds.
  path: Assets/Samples/XR Interaction Toolkit/3.1.1/Starter Assets/Scripts/RotationAxisLockGrabTransformer.cs
  artifactKey: Guid(4dd2e41114c62b44fbd334ca5b314352) Importer(2089858483,192608db42251d675da83286b1cce702)
Start importing Assets/Samples/XR Interaction Toolkit/3.1.1/Starter Assets/Scripts/RotationAxisLockGrabTransformer.cs using Guid(4dd2e41114c62b44fbd334ca5b314352) Importer(2089858483,192608db42251d675da83286b1cce702) (ScriptedImporter) -> (artifact id: 'fc1f117fe528c8200e26dbf31b5ed358') in 0.0193723 seconds
Number of updated asset objects reloaded before import = 0Number of asset objects unloaded after import = 0

========================================================================
Received Import Request.
  Time since last request: 0.000022 seconds.
  path: Assets/Samples/XR Interaction Toolkit/3.1.1/Hands Interaction Demo/HandsDemoSceneAssets/Audio/ButtonClick.wav
  artifactKey: Guid(eeeda5dce5e1d344f8e2f6195f16cb38) Importer(2089858483,192608db42251d675da83286b1cce702)
Start importing Assets/Samples/XR Interaction Toolkit/3.1.1/Hands Interaction Demo/HandsDemoSceneAssets/Audio/ButtonClick.wav using Guid(eeeda5dce5e1d344f8e2f6195f16cb38) Importer(2089858483,192608db42251d675da83286b1cce702) (ScriptedImporter) -> (artifact id: '44c2e2ba2cd534e073cba921cf7390c5') in 0.0633138 seconds
Number of updated asset objects reloaded before import = 0Number of asset objects unloaded after import = 1

========================================================================
Received Import Request.
  Time since last request: 0.000023 seconds.
  path: Assets/Samples/XR Interaction Toolkit/3.1.1/Starter Assets/Animations/ArrowBounce.anim
  artifactKey: Guid(ebfa13455423c254e943b87bf6e1f310) Importer(2089858483,192608db42251d675da83286b1cce702)
Start importing Assets/Samples/XR Interaction Toolkit/3.1.1/Starter Assets/Animations/ArrowBounce.anim using Guid(ebfa13455423c254e943b87bf6e1f310) Importer(2089858483,192608db42251d675da83286b1cce702) (ScriptedImporter) -> (artifact id: '6298adf6e04fde80c84c92a8f5f49ee1') in 0.0233966 seconds
Number of updated asset objects reloaded before import = 0Number of asset objects unloaded after import = 1

========================================================================
Received Import Request.
  Time since last request: 0.000040 seconds.
  path: Assets/Samples/XR Interaction Toolkit/3.1.1/Hands Interaction Demo/HandsDemoSceneAssets/Prefabs/PokeButton.prefab
  artifactKey: Guid(d661f645c81f29b4aa596207971ae441) Importer(2089858483,192608db42251d675da83286b1cce702)
Start importing Assets/Samples/XR Interaction Toolkit/3.1.1/Hands Interaction Demo/HandsDemoSceneAssets/Prefabs/PokeButton.prefab using Guid(d661f645c81f29b4aa596207971ae441) Importer(2089858483,192608db42251d675da83286b1cce702) (ScriptedImporter) -> (artifact id: '0a1726783be82564740186ecd3af2f24') in 0.1009208 seconds
Number of updated asset objects reloaded before import = 0Number of asset objects unloaded after import = 46

========================================================================
Received Import Request.
  Time since last request: 0.000018 seconds.
  path: Assets/Samples/XR Interaction Toolkit/3.1.1/Hands Interaction Demo/HandsDemoSceneAssets/Prefabs/Arrow.prefab
  artifactKey: Guid(d56cf1aacbea4704cac4d7983df1a0ad) Importer(2089858483,192608db42251d675da83286b1cce702)
Start importing Assets/Samples/XR Interaction Toolkit/3.1.1/Hands Interaction Demo/HandsDemoSceneAssets/Prefabs/Arrow.prefab using Guid(d56cf1aacbea4704cac4d7983df1a0ad) Importer(2089858483,192608db42251d675da83286b1cce702) (ScriptedImporter) -> (artifact id: 'f4634a2377d670ba281ff6473399d41e') in 0.1070594 seconds
Number of updated asset objects reloaded before import = 0Number of asset objects unloaded after import = 34

========================================================================
Received Import Request.
  Time since last request: 0.000019 seconds.
  path: Assets/Samples/XR Interaction Toolkit/3.1.1/Hands Interaction Demo/HandsDemoSceneAssets/Scripts/ObjectResetPlane.cs
  artifactKey: Guid(54ce4268a4182384da360e6e2654d3a6) Importer(2089858483,192608db42251d675da83286b1cce702)
Start importing Assets/Samples/XR Interaction Toolkit/3.1.1/Hands Interaction Demo/HandsDemoSceneAssets/Scripts/ObjectResetPlane.cs using Guid(54ce4268a4182384da360e6e2654d3a6) Importer(2089858483,192608db42251d675da83286b1cce702) (ScriptedImporter) -> (artifact id: '923a403aa353d60bd789729bb5a6edbd') in 0.0147784 seconds
Number of updated asset objects reloaded before import = 0Number of asset objects unloaded after import = 0

========================================================================
Received Import Request.
  Time since last request: 0.000030 seconds.
  path: Assets/Samples/XR Interaction Toolkit/3.1.1/Hands Interaction Demo/HandsDemoSceneAssets/Models/Frame.fbx
  artifactKey: Guid(171affcd2d7ddf545ae966acd2de57c2) Importer(2089858483,192608db42251d675da83286b1cce702)
Start importing Assets/Samples/XR Interaction Toolkit/3.1.1/Hands Interaction Demo/HandsDemoSceneAssets/Models/Frame.fbx using Guid(171affcd2d7ddf545ae966acd2de57c2) Importer(2089858483,192608db42251d675da83286b1cce702) (ScriptedImporter) -> (artifact id: '0f2a8ac04989fae2f279d79480a8a7b0') in 0.0861682 seconds
Number of updated asset objects reloaded before import = 0Number of asset objects unloaded after import = 30

========================================================================
Received Import Request.
  Time since last request: 0.000023 seconds.
  path: Assets/Samples/XR Interaction Toolkit/3.1.1/Hands Interaction Demo/HandsDemoSceneAssets/Scripts/ToggleGraphicToggler.cs
  artifactKey: Guid(d3cd1891521c8e143a04e7fd344a64d5) Importer(2089858483,192608db42251d675da83286b1cce702)
Start importing Assets/Samples/XR Interaction Toolkit/3.1.1/Hands Interaction Demo/HandsDemoSceneAssets/Scripts/ToggleGraphicToggler.cs using Guid(d3cd1891521c8e143a04e7fd344a64d5) Importer(2089858483,192608db42251d675da83286b1cce702) (ScriptedImporter) -> (artifact id: '1f5aa7dbb62e815ca3041f7a2b1ce5e0') in 0.0143952 seconds
Number of updated asset objects reloaded before import = 0Number of asset objects unloaded after import = 0

========================================================================
Received Import Request.
  Time since last request: 0.000019 seconds.
  path: Assets/Samples/XR Interaction Toolkit/3.1.1/Starter Assets/DemoSceneAssets/Materials/Concrete Dark Blue.mat
  artifactKey: Guid(bbb56ac3cf3c61a46ab3887c0fdbda8f) Importer(2089858483,192608db42251d675da83286b1cce702)
Start importing Assets/Samples/XR Interaction Toolkit/3.1.1/Starter Assets/DemoSceneAssets/Materials/Concrete Dark Blue.mat using Guid(bbb56ac3cf3c61a46ab3887c0fdbda8f) Importer(2089858483,192608db42251d675da83286b1cce702) (ScriptedImporter) -> (artifact id: 'eab3c85b1eb66f04f687e8ed0abc752d') in 0.0664074 seconds
Number of updated asset objects reloaded before import = 0Number of asset objects unloaded after import = 3

========================================================================
Received Import Request.
  Time since last request: 0.000019 seconds.
  path: Assets/Samples/XR Interaction Toolkit/3.1.1/Hands Interaction Demo/Shaders/Subgraphs/AllFingerHighlights.shadersubgraph
  artifactKey: Guid(31b878b1ba6f0f548bacb4ee6ae992e9) Importer(2089858483,192608db42251d675da83286b1cce702)
Start importing Assets/Samples/XR Interaction Toolkit/3.1.1/Hands Interaction Demo/Shaders/Subgraphs/AllFingerHighlights.shadersubgraph using Guid(31b878b1ba6f0f548bacb4ee6ae992e9) Importer(2089858483,192608db42251d675da83286b1cce702) (ScriptedImporter) -> (artifact id: '1d47b2afa1c074673049916cadcce4fa') in 0.0195449 seconds
Number of updated asset objects reloaded before import = 0Number of asset objects unloaded after import = 1

========================================================================
Received Import Request.
  Time since last request: 0.000030 seconds.
  path: Assets/Samples/XR Interaction Toolkit/3.1.1/Hands Interaction Demo/HandsDemoSceneAssets/Prefabs/SimpleSocket.prefab
  artifactKey: Guid(aec71f91a8da27d418aa44bd0c543f9b) Importer(2089858483,192608db42251d675da83286b1cce702)
Start importing Assets/Samples/XR Interaction Toolkit/3.1.1/Hands Interaction Demo/HandsDemoSceneAssets/Prefabs/SimpleSocket.prefab using Guid(aec71f91a8da27d418aa44bd0c543f9b) Importer(2089858483,192608db42251d675da83286b1cce702) (ScriptedImporter) -> (artifact id: '2deb0577525ee8c51c781945b55ba1f8') in 0.0833199 seconds
Number of updated asset objects reloaded before import = 0Number of asset objects unloaded after import = 26

========================================================================
Received Import Request.
  Time since last request: 0.000024 seconds.
  path: Assets/VRTemplateAssets/Prefabs/Interactables/Totem2 Variant.prefab
  artifactKey: Guid(c72778ad3d61c1c4286eb3a2aeb02741) Importer(2089858483,192608db42251d675da83286b1cce702)
Start importing Assets/VRTemplateAssets/Prefabs/Interactables/Totem2 Variant.prefab using Guid(c72778ad3d61c1c4286eb3a2aeb02741) Importer(2089858483,192608db42251d675da83286b1cce702) (ScriptedImporter) -> (artifact id: 'f54e773dbced25cef087d08788747f0b') in 0.051463 seconds
Number of updated asset objects reloaded before import = 0Number of asset objects unloaded after import = 60

========================================================================
Received Import Request.
  Time since last request: 0.000024 seconds.
  path: Assets/VRTemplateAssets/Materials/Primitive/fabric_Normal_OpenGL.png
  artifactKey: Guid(400b852fe920b6f4c88997509431791a) Importer(2089858483,192608db42251d675da83286b1cce702)
Start importing Assets/VRTemplateAssets/Materials/Primitive/fabric_Normal_OpenGL.png using Guid(400b852fe920b6f4c88997509431791a) Importer(2089858483,192608db42251d675da83286b1cce702) (ScriptedImporter) -> (artifact id: '6de2a1a8b92f70fe862d922fe9811457') in 0.0344166 seconds
Number of updated asset objects reloaded before import = 0Number of asset objects unloaded after import = 1

========================================================================
Received Import Request.
  Time since last request: 0.000036 seconds.
  path: Assets/Samples/XR Interaction Toolkit/3.1.1/Starter Assets/DemoSceneAssets/Scripts/MultiAnchorTeleportReticle.cs
  artifactKey: Guid(e001d3dc91354f8f8c590b4e1d1d3da9) Importer(2089858483,192608db42251d675da83286b1cce702)
Start importing Assets/Samples/XR Interaction Toolkit/3.1.1/Starter Assets/DemoSceneAssets/Scripts/MultiAnchorTeleportReticle.cs using Guid(e001d3dc91354f8f8c590b4e1d1d3da9) Importer(2089858483,192608db42251d675da83286b1cce702) (ScriptedImporter) -> (artifact id: 'abd54e6be7ffc0b00d6aed97a75d9720') in 0.017726 seconds
Number of updated asset objects reloaded before import = 0Number of asset objects unloaded after import = 0

========================================================================
Received Import Request.
  Time since last request: 0.000024 seconds.
  path: Assets/Samples/XR Interaction Toolkit/3.1.1/Starter Assets/DemoSceneAssets/Prefabs/Interactables Sample.prefab
  artifactKey: Guid(6821e1b7f44d8c44b8a2ba02f37309d5) Importer(2089858483,192608db42251d675da83286b1cce702)
Start importing Assets/Samples/XR Interaction Toolkit/3.1.1/Starter Assets/DemoSceneAssets/Prefabs/Interactables Sample.prefab using Guid(6821e1b7f44d8c44b8a2ba02f37309d5) Importer(2089858483,192608db42251d675da83286b1cce702) (ScriptedImporter) -> (artifact id: 'ec6213c1b25ebd41e44e0b49eddcf8e8') in 0.0717716 seconds
Number of updated asset objects reloaded before import = 0Number of asset objects unloaded after import = 62

========================================================================
Received Import Request.
  Time since last request: 0.000020 seconds.
  path: Assets/Samples/XR Interaction Toolkit/3.1.1/Starter Assets/DemoSceneAssets/Models/Primitive_Cylinder.fbx
  artifactKey: Guid(73b694bb0f61cd14e9e1ed7b578ac09a) Importer(2089858483,192608db42251d675da83286b1cce702)
Start importing Assets/Samples/XR Interaction Toolkit/3.1.1/Starter Assets/DemoSceneAssets/Models/Primitive_Cylinder.fbx using Guid(73b694bb0f61cd14e9e1ed7b578ac09a) Importer(2089858483,192608db42251d675da83286b1cce702) (ScriptedImporter) -> (artifact id: 'bc9b93852efa7b37998806bdea30a6e3') in 0.0301608 seconds
Number of updated asset objects reloaded before import = 0Number of asset objects unloaded after import = 8

========================================================================
Received Import Request.
  Time since last request: 0.000023 seconds.
  path: Assets/Samples/XR Interaction Toolkit/3.1.1/Starter Assets/DemoSceneAssets/Models/Primitive_Torus_Cut.fbx
  artifactKey: Guid(46c1c422ff6897f49a404b012dc924d3) Importer(2089858483,192608db42251d675da83286b1cce702)
Start importing Assets/Samples/XR Interaction Toolkit/3.1.1/Starter Assets/DemoSceneAssets/Models/Primitive_Torus_Cut.fbx using Guid(46c1c422ff6897f49a404b012dc924d3) Importer(2089858483,192608db42251d675da83286b1cce702) (ScriptedImporter) -> (artifact id: '62799ef68b12fb0cef44ba93c2ea7dd2') in 0.0421395 seconds
Number of updated asset objects reloaded before import = 0Number of asset objects unloaded after import = 8

========================================================================
Received Import Request.
  Time since last request: 0.000037 seconds.
  path: Assets/Samples/XR Interaction Toolkit/3.1.1/Starter Assets/DemoSceneAssets/Materials/Lit White.mat
  artifactKey: Guid(fc226930e8fad4c499969204cecfbc05) Importer(2089858483,192608db42251d675da83286b1cce702)
Start importing Assets/Samples/XR Interaction Toolkit/3.1.1/Starter Assets/DemoSceneAssets/Materials/Lit White.mat using Guid(fc226930e8fad4c499969204cecfbc05) Importer(2089858483,192608db42251d675da83286b1cce702) (ScriptedImporter) -> (artifact id: '23873159e1479f2f055fe9075ede763f') in 0.0194335 seconds
Number of updated asset objects reloaded before import = 0Number of asset objects unloaded after import = 2

========================================================================
Received Import Request.
  Time since last request: 0.000022 seconds.
  path: Assets/Samples/XR Interaction Toolkit/3.1.1/Starter Assets/DemoSceneAssets/Prefabs/UI Sample.prefab
  artifactKey: Guid(fd28f23af44f73f4a95e33435872ad15) Importer(2089858483,192608db42251d675da83286b1cce702)
Start importing Assets/Samples/XR Interaction Toolkit/3.1.1/Starter Assets/DemoSceneAssets/Prefabs/UI Sample.prefab using Guid(fd28f23af44f73f4a95e33435872ad15) Importer(2089858483,192608db42251d675da83286b1cce702) (ScriptedImporter) -> (artifact id: '83885d0db7965849a4346fb31cbdda68') in 0.2572628 seconds
Number of updated asset objects reloaded before import = 0Number of asset objects unloaded after import = 315

========================================================================
Received Import Request.
  Time since last request: 0.000025 seconds.
  path: Assets/Samples/XR Interaction Toolkit/3.1.1/Starter Assets/DemoSceneAssets/Sprites/Checkmark.png
  artifactKey: Guid(db3e7b7c8db355e499429545071a0321) Importer(2089858483,192608db42251d675da83286b1cce702)
Start importing Assets/Samples/XR Interaction Toolkit/3.1.1/Starter Assets/DemoSceneAssets/Sprites/Checkmark.png using Guid(db3e7b7c8db355e499429545071a0321) Importer(2089858483,192608db42251d675da83286b1cce702) (ScriptedImporter) -> (artifact id: 'a8d36b7b1737190588b3672ff2631998') in 0.0309267 seconds
Number of updated asset objects reloaded before import = 0Number of asset objects unloaded after import = 3

========================================================================
Received Import Request.
  Time since last request: 0.000042 seconds.
  path: Assets/Samples/XR Interaction Toolkit/3.1.1/Starter Assets/DemoSceneAssets/Models/Primitive_Blaster.fbx
  artifactKey: Guid(e8cf87fef9298444ca38948b2c8a4073) Importer(2089858483,192608db42251d675da83286b1cce702)
Start importing Assets/Samples/XR Interaction Toolkit/3.1.1/Starter Assets/DemoSceneAssets/Models/Primitive_Blaster.fbx using Guid(e8cf87fef9298444ca38948b2c8a4073) Importer(2089858483,192608db42251d675da83286b1cce702) (ScriptedImporter) -> (artifact id: '0f2d7672555089e9450fa91f29406ba7') in 0.0278911 seconds
Number of updated asset objects reloaded before import = 0Number of asset objects unloaded after import = 8

========================================================================
Received Import Request.
  Time since last request: 0.000020 seconds.
  path: Assets/Samples/XR Interaction Toolkit/3.1.1/Starter Assets/DemoSceneAssets/Prefabs/Teleportation Environment.prefab
  artifactKey: Guid(3e07eccb5e6f459d886de95044adb1d9) Importer(2089858483,192608db42251d675da83286b1cce702)
Start importing Assets/Samples/XR Interaction Toolkit/3.1.1/Starter Assets/DemoSceneAssets/Prefabs/Teleportation Environment.prefab using Guid(3e07eccb5e6f459d886de95044adb1d9) Importer(2089858483,192608db42251d675da83286b1cce702) (ScriptedImporter) -> (artifact id: '7e81b9c00ebb401a054dc45e75d9a732') in 0.0626299 seconds
Number of updated asset objects reloaded before import = 0Number of asset objects unloaded after import = 103

========================================================================
Received Import Request.
  Time since last request: 0.000019 seconds.
  path: Assets/Samples/XR Interaction Toolkit/3.1.1/Starter Assets/Prefabs/Interactors/Ray Interactor.prefab
  artifactKey: Guid(ad818c36731146e994540a1896ad8f24) Importer(2089858483,192608db42251d675da83286b1cce702)
Start importing Assets/Samples/XR Interaction Toolkit/3.1.1/Starter Assets/Prefabs/Interactors/Ray Interactor.prefab using Guid(ad818c36731146e994540a1896ad8f24) Importer(2089858483,192608db42251d675da83286b1cce702) (ScriptedImporter) -> (artifact id: '4dce79426142ccf10e8149e1d9ee5b90') in 0.1531381 seconds
Number of updated asset objects reloaded before import = 0Number of asset objects unloaded after import = 10

========================================================================
Received Import Request.
  Time since last request: 0.000021 seconds.
  path: Assets/Samples/XR Interaction Toolkit/3.1.1/Starter Assets/Prefabs/Controllers/XR Controller Left.prefab
  artifactKey: Guid(1392f805216c47742996d4742c80721c) Importer(2089858483,192608db42251d675da83286b1cce702)
Start importing Assets/Samples/XR Interaction Toolkit/3.1.1/Starter Assets/Prefabs/Controllers/XR Controller Left.prefab using Guid(1392f805216c47742996d4742c80721c) Importer(2089858483,192608db42251d675da83286b1cce702) (ScriptedImporter) -> (artifact id: '82bc0064d9c05350149ef0def508ec9d') in 0.0433355 seconds
Number of updated asset objects reloaded before import = 0Number of asset objects unloaded after import = 59

========================================================================
Received Import Request.
  Time since last request: 0.000030 seconds.
  path: Assets/Samples/XR Interaction Toolkit/3.1.1/Starter Assets/Prefabs/Teleport/Blocking Teleport Reticle.prefab
  artifactKey: Guid(a3fde713df4d99042a0403c4be9eea32) Importer(2089858483,192608db42251d675da83286b1cce702)
Start importing Assets/Samples/XR Interaction Toolkit/3.1.1/Starter Assets/Prefabs/Teleport/Blocking Teleport Reticle.prefab using Guid(a3fde713df4d99042a0403c4be9eea32) Importer(2089858483,192608db42251d675da83286b1cce702) (ScriptedImporter) -> (artifact id: 'e5a22b7ecee8486fe95f25a326290a7a') in 0.0325399 seconds
Number of updated asset objects reloaded before import = 0Number of asset objects unloaded after import = 17

========================================================================
Received Import Request.
  Time since last request: 0.000017 seconds.
  path: Assets/Samples/XR Interaction Toolkit/3.1.1/Starter Assets/Prefabs/Controllers/XR Controller Right.prefab
  artifactKey: Guid(9f3369e30fbd31f4bb596b1a99babe83) Importer(2089858483,192608db42251d675da83286b1cce702)
Start importing Assets/Samples/XR Interaction Toolkit/3.1.1/Starter Assets/Prefabs/Controllers/XR Controller Right.prefab using Guid(9f3369e30fbd31f4bb596b1a99babe83) Importer(2089858483,192608db42251d675da83286b1cce702) (ScriptedImporter) -> (artifact id: '85234d762a3db5adbaf5b500e4130a85') in 0.0341757 seconds
Number of updated asset objects reloaded before import = 0Number of asset objects unloaded after import = 59

========================================================================
Received Import Request.
  Time since last request: 0.000020 seconds.
  path: Assets/Samples/XR Interaction Toolkit/3.1.1/Starter Assets/Prefabs/Interactors/Poke Interactor.prefab
  artifactKey: Guid(27024f5809f4a4347b9cd7f26a1bdf93) Importer(2089858483,192608db42251d675da83286b1cce702)
Start importing Assets/Samples/XR Interaction Toolkit/3.1.1/Starter Assets/Prefabs/Interactors/Poke Interactor.prefab using Guid(27024f5809f4a4347b9cd7f26a1bdf93) Importer(2089858483,192608db42251d675da83286b1cce702) (ScriptedImporter) -> (artifact id: 'd32ddc99825936bd9f50e6da6af268ea') in 0.0342801 seconds
Number of updated asset objects reloaded before import = 0Number of asset objects unloaded after import = 12

========================================================================
Received Import Request.
  Time since last request: 0.000020 seconds.
  path: Assets/Samples/XR Interaction Toolkit/3.1.1/Hands Interaction Demo/HandsDemoSceneAssets/Models/Primitives/Disc.fbx
  artifactKey: Guid(c3bde1a6f623d4b569b67c73aedfebbf) Importer(2089858483,192608db42251d675da83286b1cce702)
Start importing Assets/Samples/XR Interaction Toolkit/3.1.1/Hands Interaction Demo/HandsDemoSceneAssets/Models/Primitives/Disc.fbx using Guid(c3bde1a6f623d4b569b67c73aedfebbf) Importer(2089858483,192608db42251d675da83286b1cce702) (ScriptedImporter) -> (artifact id: 'a6aba6fb69176d396d8d77b3f10d3604') in 0.0356235 seconds
Number of updated asset objects reloaded before import = 0Number of asset objects unloaded after import = 8

========================================================================
Received Import Request.
  Time since last request: 0.000030 seconds.
  path: Assets/Samples/XR Interaction Toolkit/3.1.1/Starter Assets/DemoSceneAssets/Prefabs/Climb/Climb Sample.prefab
  artifactKey: Guid(2ea572d587ee60f44bd5baa3bc2d6503) Importer(2089858483,192608db42251d675da83286b1cce702)
Start importing Assets/Samples/XR Interaction Toolkit/3.1.1/Starter Assets/DemoSceneAssets/Prefabs/Climb/Climb Sample.prefab using Guid(2ea572d587ee60f44bd5baa3bc2d6503) Importer(2089858483,192608db42251d675da83286b1cce702) (ScriptedImporter) -> (artifact id: 'd2f7755ac2015a2f2d4fc7ade2d35df8') in 0.1930446 seconds
Number of updated asset objects reloaded before import = 0Number of asset objects unloaded after import = 792

========================================================================
Received Import Request.
  Time since last request: 0.000028 seconds.
  path: Assets/Samples/XR Interaction Toolkit/3.1.1/Hands Interaction Demo/HandsDemoSceneAssets/Prefabs/UI/ScrollView.prefab
  artifactKey: Guid(cc0d6bd3aca3b5d4a986e27ce112e071) Importer(2089858483,192608db42251d675da83286b1cce702)
Start importing Assets/Samples/XR Interaction Toolkit/3.1.1/Hands Interaction Demo/HandsDemoSceneAssets/Prefabs/UI/ScrollView.prefab using Guid(cc0d6bd3aca3b5d4a986e27ce112e071) Importer(2089858483,192608db42251d675da83286b1cce702) (ScriptedImporter) -> (artifact id: 'e0ea199612781a7c62beca93260de7ac') in 0.077272 seconds
Number of updated asset objects reloaded before import = 0Number of asset objects unloaded after import = 191

========================================================================
Received Import Request.
  Time since last request: 0.000032 seconds.
  path: Assets/Samples/XR Interaction Toolkit/3.1.1/Starter Assets/Prefabs/Teleport/Climb Teleport Arrow.prefab
  artifactKey: Guid(ae1968658b9687b47976fe86c062168f) Importer(2089858483,192608db42251d675da83286b1cce702)
Start importing Assets/Samples/XR Interaction Toolkit/3.1.1/Starter Assets/Prefabs/Teleport/Climb Teleport Arrow.prefab using Guid(ae1968658b9687b47976fe86c062168f) Importer(2089858483,192608db42251d675da83286b1cce702) (ScriptedImporter) -> (artifact id: '7bfbef36d18a98ebf98bb76639bf61af') in 0.0296154 seconds
Number of updated asset objects reloaded before import = 0Number of asset objects unloaded after import = 28

========================================================================
Received Import Request.
  Time since last request: 0.000016 seconds.
  path: Assets/Samples/XR Interaction Toolkit/3.1.1/Starter Assets/DemoSceneAssets/Prefabs/Interactables/Pot.prefab
  artifactKey: Guid(d5615d616019430d9c2e8727e71c97fb) Importer(2089858483,192608db42251d675da83286b1cce702)
Start importing Assets/Samples/XR Interaction Toolkit/3.1.1/Starter Assets/DemoSceneAssets/Prefabs/Interactables/Pot.prefab using Guid(d5615d616019430d9c2e8727e71c97fb) Importer(2089858483,192608db42251d675da83286b1cce702) (ScriptedImporter) -> (artifact id: '6e4f114ad607f5195a62caf35c2f016a') in 0.049743 seconds
Number of updated asset objects reloaded before import = 0Number of asset objects unloaded after import = 22

========================================================================
Received Import Request.
  Time since last request: 0.000024 seconds.
  path: Assets/Samples/XR Interaction Toolkit/3.1.1/Starter Assets/DemoSceneAssets/Prefabs/Interactables/Blaser.prefab
  artifactKey: Guid(3549fdaf258e11846b85a316c16c699c) Importer(2089858483,192608db42251d675da83286b1cce702)
Start importing Assets/Samples/XR Interaction Toolkit/3.1.1/Starter Assets/DemoSceneAssets/Prefabs/Interactables/Blaser.prefab using Guid(3549fdaf258e11846b85a316c16c699c) Importer(2089858483,192608db42251d675da83286b1cce702) (ScriptedImporter) -> (artifact id: '6c008f4f199ebbf3b53cc471629475a0') in 0.051072 seconds
Number of updated asset objects reloaded before import = 0Number of asset objects unloaded after import = 29

========================================================================
Received Import Request.
  Time since last request: 0.000020 seconds.
  path: Assets/Samples/XR Interaction Toolkit/3.1.1/Starter Assets/DemoSceneAssets/Prefabs/Interactables/Cube.prefab
  artifactKey: Guid(2e16046ebcbcb6742a86569d82e56cce) Importer(2089858483,192608db42251d675da83286b1cce702)
Start importing Assets/Samples/XR Interaction Toolkit/3.1.1/Starter Assets/DemoSceneAssets/Prefabs/Interactables/Cube.prefab using Guid(2e16046ebcbcb6742a86569d82e56cce) Importer(2089858483,192608db42251d675da83286b1cce702) (ScriptedImporter) -> (artifact id: 'e351053969c630f93686017cd12aad79') in 0.0597864 seconds
Number of updated asset objects reloaded before import = 0Number of asset objects unloaded after import = 18

========================================================================
Received Import Request.
  Time since last request: 0.000027 seconds.
  path: Assets/Samples/XR Interaction Toolkit/3.1.1/Starter Assets/DemoSceneAssets/Prefabs/Climb/Multi Floor Ladder.prefab
  artifactKey: Guid(652585f331bff7e44afb8fe71ec2119f) Importer(2089858483,192608db42251d675da83286b1cce702)
Start importing Assets/Samples/XR Interaction Toolkit/3.1.1/Starter Assets/DemoSceneAssets/Prefabs/Climb/Multi Floor Ladder.prefab using Guid(652585f331bff7e44afb8fe71ec2119f) Importer(2089858483,192608db42251d675da83286b1cce702) (ScriptedImporter) -> (artifact id: 'af2db14079bdaf9765bd83943a882f9a') in 0.0580632 seconds
Number of updated asset objects reloaded before import = 0Number of asset objects unloaded after import = 292

========================================================================
Received Import Request.
  Time since last request: 0.000025 seconds.
  path: Assets/Samples/XR Interaction Toolkit/3.1.1/Hands Interaction Demo/AffordanceThemes/PinchPointBlendShape.asset
  artifactKey: Guid(fbf5c74e21f572740881de5634f1ce9c) Importer(2089858483,192608db42251d675da83286b1cce702)
Start importing Assets/Samples/XR Interaction Toolkit/3.1.1/Hands Interaction Demo/AffordanceThemes/PinchPointBlendShape.asset using Guid(fbf5c74e21f572740881de5634f1ce9c) Importer(2089858483,192608db42251d675da83286b1cce702) (ScriptedImporter) -> (artifact id: '49dd74d998a7e485b7a2cdd33fc4327a') in 0.0176994 seconds
Number of updated asset objects reloaded before import = 0Number of asset objects unloaded after import = 1

========================================================================
Received Import Request.
  Time since last request: 0.000016 seconds.
  path: Assets/Samples/XR Interaction Toolkit/3.1.1/Starter Assets/DemoSceneAssets/Prefabs/Teleport/Snap Teleport Anchor.prefab
  artifactKey: Guid(037ba65d346be2a48ad006b9a9a3873e) Importer(2089858483,192608db42251d675da83286b1cce702)
Start importing Assets/Samples/XR Interaction Toolkit/3.1.1/Starter Assets/DemoSceneAssets/Prefabs/Teleport/Snap Teleport Anchor.prefab using Guid(037ba65d346be2a48ad006b9a9a3873e) Importer(2089858483,192608db42251d675da83286b1cce702) (ScriptedImporter) -> (artifact id: '1b05002947c8ab25b493bf76103425e9') in 0.0784328 seconds
Number of updated asset objects reloaded before import = 0Number of asset objects unloaded after import = 37

========================================================================
Received Import Request.
  Time since last request: 0.000021 seconds.
  path: Assets/Samples/XR Interaction Toolkit/3.1.1/Starter Assets/DemoSceneAssets/Prefabs/Teleport/Teleport Anchor.prefab
  artifactKey: Guid(fad94b617f0540568dbf4c9c4011248c) Importer(2089858483,192608db42251d675da83286b1cce702)
Start importing Assets/Samples/XR Interaction Toolkit/3.1.1/Starter Assets/DemoSceneAssets/Prefabs/Teleport/Teleport Anchor.prefab using Guid(fad94b617f0540568dbf4c9c4011248c) Importer(2089858483,192608db42251d675da83286b1cce702) (ScriptedImporter) -> (artifact id: 'c639413c2364c39932204d9e7238fdc4') in 0.028638 seconds
Number of updated asset objects reloaded before import = 0Number of asset objects unloaded after import = 13

========================================================================
Received Import Request.
  Time since last request: 0.000027 seconds.
  path: Assets/Samples/XR Interaction Toolkit/3.1.1/Starter Assets/DemoSceneAssets/Prefabs/Teleport/Teleport Area.prefab
  artifactKey: Guid(beb4e2871579447497fe41dfb108e2cd) Importer(2089858483,192608db42251d675da83286b1cce702)
Start importing Assets/Samples/XR Interaction Toolkit/3.1.1/Starter Assets/DemoSceneAssets/Prefabs/Teleport/Teleport Area.prefab using Guid(beb4e2871579447497fe41dfb108e2cd) Importer(2089858483,192608db42251d675da83286b1cce702) (ScriptedImporter) -> (artifact id: 'ecb1df260b3d4d55c839669b4cb451b7') in 0.0566581 seconds
Number of updated asset objects reloaded before import = 0Number of asset objects unloaded after import = 10

========================================================================
Received Import Request.
  Time since last request: 0.000017 seconds.
  path: Assets/Samples/XR Interaction Toolkit/3.1.1/Starter Assets/DemoSceneAssets/Prefabs/UI/TextButton.prefab
  artifactKey: Guid(e5db301629853dd4a99835fa70099d79) Importer(2089858483,192608db42251d675da83286b1cce702)
Start importing Assets/Samples/XR Interaction Toolkit/3.1.1/Starter Assets/DemoSceneAssets/Prefabs/UI/TextButton.prefab using Guid(e5db301629853dd4a99835fa70099d79) Importer(2089858483,192608db42251d675da83286b1cce702) (ScriptedImporter) -> (artifact id: '02c53696ecb170999fdcbd5e3a223566') in 0.0606426 seconds
Number of updated asset objects reloaded before import = 0Number of asset objects unloaded after import = 24

========================================================================
Received Import Request.
  Time since last request: 0.000020 seconds.
  path: Assets/VRTemplateAssets/Materials/Environment/wall2_Metallic.png
  artifactKey: Guid(29476f995aeec6243b4aa5032ecf7dd5) Importer(2089858483,192608db42251d675da83286b1cce702)
Start importing Assets/VRTemplateAssets/Materials/Environment/wall2_Metallic.png using Guid(29476f995aeec6243b4aa5032ecf7dd5) Importer(2089858483,192608db42251d675da83286b1cce702) (ScriptedImporter) -> (artifact id: '06795a43d12d42e42c71510b51895989') in 0.022078 seconds
Number of updated asset objects reloaded before import = 0Number of asset objects unloaded after import = 1

========================================================================
Received Import Request.
  Time since last request: 0.000024 seconds.
  path: Assets/Samples/XR Interaction Toolkit/3.1.1/Starter Assets/Models/Pinch_Pointer_LOD0.fbx
  artifactKey: Guid(e053b8fbc416ba349b4a58a26410bba2) Importer(2089858483,192608db42251d675da83286b1cce702)
Start importing Assets/Samples/XR Interaction Toolkit/3.1.1/Starter Assets/Models/Pinch_Pointer_LOD0.fbx using Guid(e053b8fbc416ba349b4a58a26410bba2) Importer(2089858483,192608db42251d675da83286b1cce702) (ScriptedImporter) -> (artifact id: '622f6cd32d6683593798e557aab44c72') in 0.0290846 seconds
Number of updated asset objects reloaded before import = 0Number of asset objects unloaded after import = 6

========================================================================
Received Import Request.
  Time since last request: 0.000030 seconds.
  path: Assets/Scenes/BasicScene/Grid_Light_512x512.png
  artifactKey: Guid(8685512c7856ffd40a4ad1859a7cb52c) Importer(2089858483,192608db42251d675da83286b1cce702)
Start importing Assets/Scenes/BasicScene/Grid_Light_512x512.png using Guid(8685512c7856ffd40a4ad1859a7cb52c) Importer(2089858483,192608db42251d675da83286b1cce702) (ScriptedImporter) -> (artifact id: 'd87a46b78057b9bfafbcbe33ebec5411') in 0.0221601 seconds
Number of updated asset objects reloaded before import = 0Number of asset objects unloaded after import = 1

========================================================================
Received Import Request.
  Time since last request: 0.000020 seconds.
  path: Assets/TextMesh Pro/Sprites/EmojiOne.png
  artifactKey: Guid(dffef66376be4fa480fb02b19edbe903) Importer(2089858483,192608db42251d675da83286b1cce702)
Start importing Assets/TextMesh Pro/Sprites/EmojiOne.png using Guid(dffef66376be4fa480fb02b19edbe903) Importer(2089858483,192608db42251d675da83286b1cce702) (ScriptedImporter) -> (artifact id: 'a0b32fa066d4394d6500397426f2287b') in 0.0227289 seconds
Number of updated asset objects reloaded before import = 0Number of asset objects unloaded after import = 1

========================================================================
Received Import Request.
  Time since last request: 0.000018 seconds.
  path: Assets/TextMesh Pro/Resources/Sprite Assets/InlineIcons.png
  artifactKey: Guid(215687feeab0b7445b4a1cd86c82c2e1) Importer(2089858483,192608db42251d675da83286b1cce702)
Start importing Assets/TextMesh Pro/Resources/Sprite Assets/InlineIcons.png using Guid(215687feeab0b7445b4a1cd86c82c2e1) Importer(2089858483,192608db42251d675da83286b1cce702) (ScriptedImporter) -> (artifact id: '7fdeb7cf6fa2a1525a8c66e243396e0f') in 0.424414 seconds
Number of updated asset objects reloaded before import = 0Number of asset objects unloaded after import = 207

========================================================================
Received Import Request.
  Time since last request: 0.000021 seconds.
  path: Assets/Samples/XR Interaction Toolkit/3.1.1/Starter Assets/Presets/XRI Default Continuous Turn.preset
  artifactKey: Guid(735a78fc7c2a98a4e85e0e42bf895f48) Importer(2089858483,192608db42251d675da83286b1cce702)
Start importing Assets/Samples/XR Interaction Toolkit/3.1.1/Starter Assets/Presets/XRI Default Continuous Turn.preset using Guid(735a78fc7c2a98a4e85e0e42bf895f48) Importer(2089858483,192608db42251d675da83286b1cce702) (ScriptedImporter) -> (artifact id: '4850fcbd1ed1d96420aecf6d2732444c') in 0.0300076 seconds
Number of updated asset objects reloaded before import = 0Number of asset objects unloaded after import = 4

========================================================================
Received Import Request.
  Time since last request: 0.000028 seconds.
  path: Assets/VRTemplateAssets/Materials/Primitive/fabric_Metallic.png
  artifactKey: Guid(7e51390506d6084449db036c4dde2bda) Importer(2089858483,192608db42251d675da83286b1cce702)
Start importing Assets/VRTemplateAssets/Materials/Primitive/fabric_Metallic.png using Guid(7e51390506d6084449db036c4dde2bda) Importer(2089858483,192608db42251d675da83286b1cce702) (ScriptedImporter) -> (artifact id: '6a8704c386334e218538d374302b7fab') in 0.0241681 seconds
Number of updated asset objects reloaded before import = 0Number of asset objects unloaded after import = 1

========================================================================
Received Import Request.
  Time since last request: 0.000015 seconds.
  path: Assets/Scenes/SampleScene/Lightmap-0_comp_shadowmask.png
  artifactKey: Guid(5b272b86282919a4488341408a338239) Importer(2089858483,192608db42251d675da83286b1cce702)
Start importing Assets/Scenes/SampleScene/Lightmap-0_comp_shadowmask.png using Guid(5b272b86282919a4488341408a338239) Importer(2089858483,192608db42251d675da83286b1cce702) (ScriptedImporter) -> (artifact id: '3ea6f1f0782bd8c00f2bfae7ba5e4ca1') in 0.024276 seconds
Number of updated asset objects reloaded before import = 0Number of asset objects unloaded after import = 1

========================================================================
Received Import Request.
  Time since last request: 0.000019 seconds.
  path: Assets/VRTemplateAssets/Materials/UI/BezierLink.mat
  artifactKey: Guid(b0e96864bafcfb54894bb238ad56cf3b) Importer(2089858483,192608db42251d675da83286b1cce702)
Start importing Assets/VRTemplateAssets/Materials/UI/BezierLink.mat using Guid(b0e96864bafcfb54894bb238ad56cf3b) Importer(2089858483,192608db42251d675da83286b1cce702) (ScriptedImporter) -> (artifact id: '1bb98174b7c7901d1af17742a583f65c') in 0.0160155 seconds
Number of updated asset objects reloaded before import = 0Number of asset objects unloaded after import = 1

========================================================================
Received Import Request.
  Time since last request: 0.000020 seconds.
  path: Assets/VRTemplateAssets/Materials/UI/Handle.mat
  artifactKey: Guid(5d9a96601b525ff40b25403df61ff736) Importer(2089858483,192608db42251d675da83286b1cce702)
Start importing Assets/VRTemplateAssets/Materials/UI/Handle.mat using Guid(5d9a96601b525ff40b25403df61ff736) Importer(2089858483,192608db42251d675da83286b1cce702) (ScriptedImporter) -> (artifact id: '53e861c2d3cbe6d73c32a480b3b728b5') in 0.0156276 seconds
Number of updated asset objects reloaded before import = 0Number of asset objects unloaded after import = 1

========================================================================
Received Import Request.
  Time since last request: 0.000022 seconds.
  path: Assets/VRTemplateAssets/Sprites/Icons/Scroll Down.png
  artifactKey: Guid(40f7736bf48a1d94cac651cb532e4767) Importer(2089858483,192608db42251d675da83286b1cce702)
Start importing Assets/VRTemplateAssets/Sprites/Icons/Scroll Down.png using Guid(40f7736bf48a1d94cac651cb532e4767) Importer(2089858483,192608db42251d675da83286b1cce702) (ScriptedImporter) -> (artifact id: '5d801291e1b126be91ace701f1fe22c5') in 0.0245256 seconds
Number of updated asset objects reloaded before import = 0Number of asset objects unloaded after import = 3

========================================================================
Received Import Request.
  Time since last request: 0.000031 seconds.
  path: Assets/Samples/XR Hands/1.5.0/HandVisualizer/HandVisualizer.unity
  artifactKey: Guid(ab7acf0d9677fbe4db51bc36647d4fcb) Importer(2089858483,192608db42251d675da83286b1cce702)
Start importing Assets/Samples/XR Hands/1.5.0/HandVisualizer/HandVisualizer.unity using Guid(ab7acf0d9677fbe4db51bc36647d4fcb) Importer(2089858483,192608db42251d675da83286b1cce702) (ScriptedImporter) -> (artifact id: 'c51387c4cd780b86a2ff54770df21f1f') in 0.0484268 seconds
Number of updated asset objects reloaded before import = 0Number of asset objects unloaded after import = 1

========================================================================
Received Import Request.
  Time since last request: 0.000020 seconds.
  path: Assets/Samples/XR Interaction Toolkit/3.1.1/Starter Assets/AffordanceThemes/HighlightInteractionColor.asset
  artifactKey: Guid(8b0b5aede76faac438e02d2a468f4805) Importer(2089858483,192608db42251d675da83286b1cce702)
Start importing Assets/Samples/XR Interaction Toolkit/3.1.1/Starter Assets/AffordanceThemes/HighlightInteractionColor.asset using Guid(8b0b5aede76faac438e02d2a468f4805) Importer(2089858483,192608db42251d675da83286b1cce702) (ScriptedImporter) -> (artifact id: '02241d08b7c232462403f79d434c5ea5') in 0.0180701 seconds
Number of updated asset objects reloaded before import = 0Number of asset objects unloaded after import = 1

========================================================================
Received Import Request.
  Time since last request: 0.000025 seconds.
  path: Assets/Samples/XR Interaction Toolkit/3.1.1/Hands Interaction Demo/HandsDemoSceneAssets/Materials/Table Surface.mat
  artifactKey: Guid(6c72d2d2ead00e54db4b71b27ffb03d4) Importer(2089858483,192608db42251d675da83286b1cce702)
Start importing Assets/Samples/XR Interaction Toolkit/3.1.1/Hands Interaction Demo/HandsDemoSceneAssets/Materials/Table Surface.mat using Guid(6c72d2d2ead00e54db4b71b27ffb03d4) Importer(2089858483,192608db42251d675da83286b1cce702) (ScriptedImporter) -> (artifact id: '111f9af415580b8c5ca216a683e22a5a') in 0.0167355 seconds
Number of updated asset objects reloaded before import = 0Number of asset objects unloaded after import = 1

========================================================================
Received Import Request.
  Time since last request: 0.000022 seconds.
  path: Assets/VRTemplateAssets/Prefabs/Setup/Affordance Callouts Right.prefab
  artifactKey: Guid(4d28f6590e91f644e9731292f51c4f2c) Importer(2089858483,192608db42251d675da83286b1cce702)
Start importing Assets/VRTemplateAssets/Prefabs/Setup/Affordance Callouts Right.prefab using Guid(4d28f6590e91f644e9731292f51c4f2c) Importer(2089858483,192608db42251d675da83286b1cce702) (ScriptedImporter) -> (artifact id: 'a7df3066ebe3aa8c3a7345932940df3f') in 0.0526947 seconds
Number of updated asset objects reloaded before import = 0Number of asset objects unloaded after import = 224

========================================================================
Received Import Request.
  Time since last request: 0.000031 seconds.
  path: Assets/Samples/XR Interaction Toolkit/3.1.1/Hands Interaction Demo/HandsDemoSceneAssets/Prefabs/UI/ButtonHandMenu.prefab
  artifactKey: Guid(e2698219e3231e94c8765d49b9dd5cff) Importer(2089858483,192608db42251d675da83286b1cce702)
Start importing Assets/Samples/XR Interaction Toolkit/3.1.1/Hands Interaction Demo/HandsDemoSceneAssets/Prefabs/UI/ButtonHandMenu.prefab using Guid(e2698219e3231e94c8765d49b9dd5cff) Importer(2089858483,192608db42251d675da83286b1cce702) (ScriptedImporter) -> (artifact id: 'da8cfe998d48237dadcd751a652296ed') in 0.0763556 seconds
Number of updated asset objects reloaded before import = 0Number of asset objects unloaded after import = 272

========================================================================
Received Import Request.
  Time since last request: 0.000022 seconds.
  path: Assets/VRTemplateAssets/Tutorial/VRTutorialContainer.asset
  artifactKey: Guid(66a752886585f42d5b39f6f643d399f9) Importer(2089858483,192608db42251d675da83286b1cce702)
Start importing Assets/VRTemplateAssets/Tutorial/VRTutorialContainer.asset using Guid(66a752886585f42d5b39f6f643d399f9) Importer(2089858483,192608db42251d675da83286b1cce702) (ScriptedImporter) -> (artifact id: 'bbd6b0c312c67ef2ad99f3ec9ae1af36') in 0.0632557 seconds
Number of updated asset objects reloaded before import = 0Number of asset objects unloaded after import = 4

========================================================================
Received Import Request.
  Time since last request: 0.000026 seconds.
  path: Assets/VRTemplateAssets/Materials/Locomotion/BlinkOcclusionTexture.png
  artifactKey: Guid(325bac5adcc39b044b58a1cc8c02ef0f) Importer(2089858483,192608db42251d675da83286b1cce702)
Start importing Assets/VRTemplateAssets/Materials/Locomotion/BlinkOcclusionTexture.png using Guid(325bac5adcc39b044b58a1cc8c02ef0f) Importer(2089858483,192608db42251d675da83286b1cce702) (ScriptedImporter) -> (artifact id: 'a1ace399a8624a391a1d859bcb863aa0') in 0.0251179 seconds
Number of updated asset objects reloaded before import = 0Number of asset objects unloaded after import = 1

========================================================================
Received Import Request.
  Time since last request: 0.000027 seconds.
  path: Assets/Samples/XR Interaction Toolkit/3.1.1/Starter Assets/DemoSceneAssets/Prefabs/UI/Dropdown.prefab
  artifactKey: Guid(870459f1cb8d7b7428337cc5935feb67) Importer(2089858483,192608db42251d675da83286b1cce702)
Start importing Assets/Samples/XR Interaction Toolkit/3.1.1/Starter Assets/DemoSceneAssets/Prefabs/UI/Dropdown.prefab using Guid(870459f1cb8d7b7428337cc5935feb67) Importer(2089858483,192608db42251d675da83286b1cce702) (ScriptedImporter) -> (artifact id: '6a384a5dfc92128656469c100e1c92ab') in 0.0727704 seconds
Number of updated asset objects reloaded before import = 0Number of asset objects unloaded after import = 61

========================================================================
Received Import Request.
  Time since last request: 0.000017 seconds.
  path: Assets/Scenes/SampleScene/Lightmap-0_comp_light.exr
  artifactKey: Guid(a8efa23c6f03b7d449b0cf4aa8e6a06d) Importer(2089858483,192608db42251d675da83286b1cce702)
Start importing Assets/Scenes/SampleScene/Lightmap-0_comp_light.exr using Guid(a8efa23c6f03b7d449b0cf4aa8e6a06d) Importer(2089858483,192608db42251d675da83286b1cce702) (ScriptedImporter) -> (artifact id: '51e258ead6845c3ec3ac5406bb2bed64') in 0.0209505 seconds
Number of updated asset objects reloaded before import = 0Number of asset objects unloaded after import = 1

========================================================================
Received Import Request.
  Time since last request: 0.000020 seconds.
  path: Assets/VRTemplateAssets/Tutorial/Images/project-header-vr.png
  artifactKey: Guid(6eaf09dd6cc8a49708bf60691e32bebf) Importer(2089858483,192608db42251d675da83286b1cce702)
Start importing Assets/VRTemplateAssets/Tutorial/Images/project-header-vr.png using Guid(6eaf09dd6cc8a49708bf60691e32bebf) Importer(2089858483,192608db42251d675da83286b1cce702) (ScriptedImporter) -> (artifact id: '1a00354a83f85af1bba6d49944d6a1f0') in 0.0234691 seconds
Number of updated asset objects reloaded before import = 0Number of asset objects unloaded after import = 1

========================================================================
Received Import Request.
  Time since last request: 0.000026 seconds.
  path: Assets/VRTemplateAssets/Materials/Primitive/torus_Height.png
  artifactKey: Guid(c8e3e9c3524648a47b779e016a93f0f0) Importer(2089858483,192608db42251d675da83286b1cce702)
Start importing Assets/VRTemplateAssets/Materials/Primitive/torus_Height.png using Guid(c8e3e9c3524648a47b779e016a93f0f0) Importer(2089858483,192608db42251d675da83286b1cce702) (ScriptedImporter) -> (artifact id: '4392c4d50d70eb58d5daeddfe114976a') in 0.0521798 seconds
Number of updated asset objects reloaded before import = 0Number of asset objects unloaded after import = 1

========================================================================
Received Import Request.
  Time since last request: 0.000030 seconds.
  path: Assets/TextMesh Pro/Sprites/EmojiOne Attribution.txt
  artifactKey: Guid(381dcb09d5029d14897e55f98031fca5) Importer(2089858483,192608db42251d675da83286b1cce702)
Start importing Assets/TextMesh Pro/Sprites/EmojiOne Attribution.txt using Guid(381dcb09d5029d14897e55f98031fca5) Importer(2089858483,192608db42251d675da83286b1cce702) (ScriptedImporter) -> (artifact id: 'ec5d489a123b8adc65cc87f5886de953') in 0.0368356 seconds
Number of updated asset objects reloaded before import = 0Number of asset objects unloaded after import = 1

========================================================================
Received Import Request.
  Time since last request: 0.000020 seconds.
  path: Assets/VRTemplateAssets/Materials/Primitive/torus_Metallic.png
  artifactKey: Guid(287310663f2f35d40ab48eb40247cbfd) Importer(2089858483,192608db42251d675da83286b1cce702)
Start importing Assets/VRTemplateAssets/Materials/Primitive/torus_Metallic.png using Guid(287310663f2f35d40ab48eb40247cbfd) Importer(2089858483,192608db42251d675da83286b1cce702) (ScriptedImporter) -> (artifact id: '9e3cfa6f47549558e20b847f3b165d0c') in 0.0594309 seconds
Number of updated asset objects reloaded before import = 0Number of asset objects unloaded after import = 1

========================================================================
Received Import Request.
  Time since last request: 0.000017 seconds.
  path: Assets/VRTemplateAssets/Materials/Primitive/Interactables.physicMaterial
  artifactKey: Guid(10bde48ef542d6a4fbee12145283824a) Importer(2089858483,192608db42251d675da83286b1cce702)
Start importing Assets/VRTemplateAssets/Materials/Primitive/Interactables.physicMaterial using Guid(10bde48ef542d6a4fbee12145283824a) Importer(2089858483,192608db42251d675da83286b1cce702) (ScriptedImporter) -> (artifact id: '7f2a419f14b829d8b28590128c8a67e7') in 0.0161193 seconds
Number of updated asset objects reloaded before import = 0Number of asset objects unloaded after import = 1

========================================================================
Received Import Request.
  Time since last request: 0.000021 seconds.
  path: Assets/VRTemplateAssets/Scripts/BooleanToggleVisualsController.cs
  artifactKey: Guid(f390e213230ce1d42a51aed871ab74ce) Importer(2089858483,192608db42251d675da83286b1cce702)
Start importing Assets/VRTemplateAssets/Scripts/BooleanToggleVisualsController.cs using Guid(f390e213230ce1d42a51aed871ab74ce) Importer(2089858483,192608db42251d675da83286b1cce702) (ScriptedImporter) -> (artifact id: '51e309fd6f237fc0b79f2d0d8a5d4c48') in 0.0155267 seconds
Number of updated asset objects reloaded before import = 0Number of asset objects unloaded after import = 0

========================================================================
Received Import Request.
  Time since last request: 0.000031 seconds.
  path: Assets/TextMesh Pro/Shaders/TMPro_Surface.cginc
  artifactKey: Guid(d930090c0cd643c7b55f19a38538c162) Importer(2089858483,192608db42251d675da83286b1cce702)
Start importing Assets/TextMesh Pro/Shaders/TMPro_Surface.cginc using Guid(d930090c0cd643c7b55f19a38538c162) Importer(2089858483,192608db42251d675da83286b1cce702) (ScriptedImporter) -> (artifact id: '81ea66295aa5dccb8487d9ef86609b67') in 0.026958 seconds
Number of updated asset objects reloaded before import = 0Number of asset objects unloaded after import = 1

========================================================================
Received Import Request.
  Time since last request: 80705.294822 seconds.
  path: Assets/parking_fullset/P_signboard_MetallicSmoothness.png
  artifactKey: Guid(241e00cf3163b32498da1c9e2e7866a8) Importer(2089858483,192608db42251d675da83286b1cce702)
Start importing Assets/parking_fullset/P_signboard_MetallicSmoothness.png using Guid(241e00cf3163b32498da1c9e2e7866a8) Importer(2089858483,192608db42251d675da83286b1cce702) (ScriptedImporter) -> (artifact id: 'a4e1c8a9a400906337ffd9e61567e601') in 0.2080921 seconds
Number of updated asset objects reloaded before import = 0Number of asset objects unloaded after import = 1

========================================================================
Received Import Request.
  Time since last request: 0.001439 seconds.
  path: Assets/parking_fullset/kaidan_mesh_MetallicSmoothness.png
  artifactKey: Guid(5bc782095fde6f44c9f27b488e8cf2e4) Importer(2089858483,192608db42251d675da83286b1cce702)
Start importing Assets/parking_fullset/kaidan_mesh_MetallicSmoothness.png using Guid(5bc782095fde6f44c9f27b488e8cf2e4) Importer(2089858483,192608db42251d675da83286b1cce702) (ScriptedImporter) -> (artifact id: '7f2e8205fb7179d22e462180a39fb20c') in 0.0543146 seconds
Number of updated asset objects reloaded before import = 0Number of asset objects unloaded after import = 1

========================================================================
Received Import Request.
  Time since last request: 0.000032 seconds.
  path: Assets/parking_fullset/p_space_AlbedoTransparency.png
  artifactKey: Guid(c5294d709be356a43802165a69c1880d) Importer(2089858483,192608db42251d675da83286b1cce702)
Start importing Assets/parking_fullset/p_space_AlbedoTransparency.png using Guid(c5294d709be356a43802165a69c1880d) Importer(2089858483,192608db42251d675da83286b1cce702) (ScriptedImporter) -> (artifact id: '380440a7ab0cc3bb5665aee734f540d9') in 0.0261914 seconds
Number of updated asset objects reloaded before import = 0Number of asset objects unloaded after import = 1

========================================================================
Received Import Request.
  Time since last request: 0.000024 seconds.
  path: Assets/parking_fullset/kandan_step_Normal.png
  artifactKey: Guid(4508cb233b193af438e8463d81dda577) Importer(2089858483,192608db42251d675da83286b1cce702)
Start importing Assets/parking_fullset/kandan_step_Normal.png using Guid(4508cb233b193af438e8463d81dda577) Importer(2089858483,192608db42251d675da83286b1cce702) (ScriptedImporter) -> (artifact id: '4084b9b735b76a5a92bba660f335df69') in 0.0251631 seconds
Number of updated asset objects reloaded before import = 0Number of asset objects unloaded after import = 1

========================================================================
Received Import Request.
  Time since last request: 0.000016 seconds.
  path: Assets/parking_fullset/floor_AlbedoTransparency.png
  artifactKey: Guid(61096c3c5e42fc342988475a33ffe879) Importer(2089858483,192608db42251d675da83286b1cce702)
Start importing Assets/parking_fullset/floor_AlbedoTransparency.png using Guid(61096c3c5e42fc342988475a33ffe879) Importer(2089858483,192608db42251d675da83286b1cce702) (ScriptedImporter) -> (artifact id: 'a36ad154e540e07fd1c16e140c63c062') in 0.0262341 seconds
Number of updated asset objects reloaded before import = 0Number of asset objects unloaded after import = 1

========================================================================
Received Import Request.
  Time since last request: 0.000025 seconds.
  path: Assets/parking_fullset/guard_pipe_AlbedoTransparency.png
  artifactKey: Guid(4542cd47398b3064ca32217630e60b0a) Importer(2089858483,192608db42251d675da83286b1cce702)
Start importing Assets/parking_fullset/guard_pipe_AlbedoTransparency.png using Guid(4542cd47398b3064ca32217630e60b0a) Importer(2089858483,192608db42251d675da83286b1cce702) (ScriptedImporter) -> (artifact id: '1b780bce821eb1a3bf1db49bae614f78') in 0.0263976 seconds
Number of updated asset objects reloaded before import = 0Number of asset objects unloaded after import = 1

========================================================================
Received Import Request.
  Time since last request: 0.000035 seconds.
  path: Assets/parking_fullset/light_base_Normal.png
  artifactKey: Guid(bfaf9ad260c882e489028e1ca3c9d998) Importer(2089858483,192608db42251d675da83286b1cce702)
Start importing Assets/parking_fullset/light_base_Normal.png using Guid(bfaf9ad260c882e489028e1ca3c9d998) Importer(2089858483,192608db42251d675da83286b1cce702) (ScriptedImporter) -> (artifact id: '5808a6b39f9e5e928d33c8cd3730093b') in 0.0258527 seconds
Number of updated asset objects reloaded before import = 0Number of asset objects unloaded after import = 1

========================================================================
Received Import Request.
  Time since last request: 0.000019 seconds.
  path: Assets/parking_fullset/light_base_AlbedoTransparency.png
  artifactKey: Guid(e5c77f9990b8982429d60ecdc92ccb19) Importer(2089858483,192608db42251d675da83286b1cce702)
Start importing Assets/parking_fullset/light_base_AlbedoTransparency.png using Guid(e5c77f9990b8982429d60ecdc92ccb19) Importer(2089858483,192608db42251d675da83286b1cce702) (ScriptedImporter) -> (artifact id: '095bed96754698e5734e079d80f9675c') in 0.0236179 seconds
Number of updated asset objects reloaded before import = 0Number of asset objects unloaded after import = 1

========================================================================
Received Import Request.
  Time since last request: 0.000018 seconds.
  path: Assets/parking_fullset/limit_sign.mat
  artifactKey: Guid(ff08b977b49e15b44a41425871e5ff21) Importer(2089858483,192608db42251d675da83286b1cce702)
Start importing Assets/parking_fullset/limit_sign.mat using Guid(ff08b977b49e15b44a41425871e5ff21) Importer(2089858483,192608db42251d675da83286b1cce702) (ScriptedImporter) -> (artifact id: '080544c8a8a02aadc1fe7eb0f42e6097') in 0.1747832 seconds
Number of updated asset objects reloaded before import = 0Number of asset objects unloaded after import = 4

========================================================================
Received Import Request.
  Time since last request: 0.000020 seconds.
  path: Assets/parking_fullset/P_signboard_close.mat
  artifactKey: Guid(21a5e76c6f79c1c4da5008ebc2d5662e) Importer(2089858483,192608db42251d675da83286b1cce702)
Start importing Assets/parking_fullset/P_signboard_close.mat using Guid(21a5e76c6f79c1c4da5008ebc2d5662e) Importer(2089858483,192608db42251d675da83286b1cce702) (ScriptedImporter) -> (artifact id: '1f4a9b9c2a020acbed3defd1ea281458') in 0.0471199 seconds
Number of updated asset objects reloaded before import = 0Number of asset objects unloaded after import = 5

========================================================================
Received Import Request.
  Time since last request: 0.000032 seconds.
  path: Assets/parking_fullset/floor_Normal.png
  artifactKey: Guid(08f07aef565f8cc4aaf7cc99ad1bee78) Importer(2089858483,192608db42251d675da83286b1cce702)
Start importing Assets/parking_fullset/floor_Normal.png using Guid(08f07aef565f8cc4aaf7cc99ad1bee78) Importer(2089858483,192608db42251d675da83286b1cce702) (ScriptedImporter) -> (artifact id: '07d135f586658d1877f9b4186b454c76') in 0.0234053 seconds
Number of updated asset objects reloaded before import = 0Number of asset objects unloaded after import = 1

========================================================================
Received Import Request.
  Time since last request: 0.000017 seconds.
  path: Assets/parking_fullset/filde_base_Normal.png
  artifactKey: Guid(f3cd4bbd62b02a346ae80a34cb759c52) Importer(2089858483,192608db42251d675da83286b1cce702)
Start importing Assets/parking_fullset/filde_base_Normal.png using Guid(f3cd4bbd62b02a346ae80a34cb759c52) Importer(2089858483,192608db42251d675da83286b1cce702) (ScriptedImporter) -> (artifact id: '1551bc17ee31c4967b0cd4839cc9ca33') in 0.0230386 seconds
Number of updated asset objects reloaded before import = 0Number of asset objects unloaded after import = 1

========================================================================
Received Import Request.
  Time since last request: 0.000019 seconds.
  path: Assets/parking_fullset/filde_base_AlbedoTransparency.png
  artifactKey: Guid(cd36088709a083a43ad01f0ae6ef0e69) Importer(2089858483,192608db42251d675da83286b1cce702)
Start importing Assets/parking_fullset/filde_base_AlbedoTransparency.png using Guid(cd36088709a083a43ad01f0ae6ef0e69) Importer(2089858483,192608db42251d675da83286b1cce702) (ScriptedImporter) -> (artifact id: 'ebbda19c51fd6e05b283210a6bb0c43e') in 0.0216196 seconds
Number of updated asset objects reloaded before import = 0Number of asset objects unloaded after import = 1

========================================================================
Received Import Request.
  Time since last request: 0.000026 seconds.
  path: Assets/parking_fullset/road_sign_AlbedoTransparency.png
  artifactKey: Guid(8e59dd808f9db3a43b9553c39b6e824c) Importer(2089858483,192608db42251d675da83286b1cce702)
Start importing Assets/parking_fullset/road_sign_AlbedoTransparency.png using Guid(8e59dd808f9db3a43b9553c39b6e824c) Importer(2089858483,192608db42251d675da83286b1cce702) (ScriptedImporter) -> (artifact id: '8c28bfbd752158711c5707f60ed09079') in 0.0261256 seconds
Number of updated asset objects reloaded before import = 0Number of asset objects unloaded after import = 1

========================================================================
Received Import Request.
  Time since last request: 0.000025 seconds.
  path: Assets/parking_fullset/light_base_MetallicSmoothness.png
  artifactKey: Guid(0b60a52faee57be4996c9c592365d066) Importer(2089858483,192608db42251d675da83286b1cce702)
Start importing Assets/parking_fullset/light_base_MetallicSmoothness.png using Guid(0b60a52faee57be4996c9c592365d066) Importer(2089858483,192608db42251d675da83286b1cce702) (ScriptedImporter) -> (artifact id: 'a92abf77a2509adaef0ca3d19f0f6c84') in 0.0229052 seconds
Number of updated asset objects reloaded before import = 0Number of asset objects unloaded after import = 1

========================================================================
Received Import Request.
  Time since last request: 0.000028 seconds.
  path: Assets/parking_fullset/slope.mat
  artifactKey: Guid(aa3b6c2435ede1a4d9b46915c36b81a4) Importer(2089858483,192608db42251d675da83286b1cce702)
Start importing Assets/parking_fullset/slope.mat using Guid(aa3b6c2435ede1a4d9b46915c36b81a4) Importer(2089858483,192608db42251d675da83286b1cce702) (ScriptedImporter) -> (artifact id: '0926cd7434c7e64262fcbf7dc33e26cf') in 0.0280909 seconds
Number of updated asset objects reloaded before import = 0Number of asset objects unloaded after import = 4

========================================================================
Received Import Request.
  Time since last request: 0.000021 seconds.
  path: Assets/parking_fullset/kaidan_wall.mat
  artifactKey: Guid(8679afcf113d3bc4ba7692edc12a4b8b) Importer(2089858483,192608db42251d675da83286b1cce702)
Start importing Assets/parking_fullset/kaidan_wall.mat using Guid(8679afcf113d3bc4ba7692edc12a4b8b) Importer(2089858483,192608db42251d675da83286b1cce702) (ScriptedImporter) -> (artifact id: '101ea347c2e73f31b5d2efc8a13a8d34') in 0.0255744 seconds
Number of updated asset objects reloaded before import = 0Number of asset objects unloaded after import = 4

========================================================================
Received Import Request.
  Time since last request: 0.000022 seconds.
  path: Assets/parking_fullset/filde_base_MetallicSmoothness.png
  artifactKey: Guid(146b6cbb031177f4fb5f9cb128ba0077) Importer(2089858483,192608db42251d675da83286b1cce702)
Start importing Assets/parking_fullset/filde_base_MetallicSmoothness.png using Guid(146b6cbb031177f4fb5f9cb128ba0077) Importer(2089858483,192608db42251d675da83286b1cce702) (ScriptedImporter) -> (artifact id: '5d56064d632c7849ee1bda96d2695a48') in 0.0280939 seconds
Number of updated asset objects reloaded before import = 0Number of asset objects unloaded after import = 1

========================================================================
Received Import Request.
  Time since last request: 0.000022 seconds.
  path: Assets/parking_fullset/ceiling_floor.mat
  artifactKey: Guid(ddf28ac9c6cf6f341bb49322abe175be) Importer(2089858483,192608db42251d675da83286b1cce702)
Start importing Assets/parking_fullset/ceiling_floor.mat using Guid(ddf28ac9c6cf6f341bb49322abe175be) Importer(2089858483,192608db42251d675da83286b1cce702) (ScriptedImporter) -> (artifact id: '385f65cbc5715e13677dd88ae5d08fe0') in 0.0245279 seconds
Number of updated asset objects reloaded before import = 0Number of asset objects unloaded after import = 4

========================================================================
Received Import Request.
  Time since last request: 0.000032 seconds.
  path: Assets/parking_fullset/floor_MetallicSmoothness.png
  artifactKey: Guid(2e0e4040644a0a94988c2f68d0094361) Importer(2089858483,192608db42251d675da83286b1cce702)
Start importing Assets/parking_fullset/floor_MetallicSmoothness.png using Guid(2e0e4040644a0a94988c2f68d0094361) Importer(2089858483,192608db42251d675da83286b1cce702) (ScriptedImporter) -> (artifact id: '1a4b97e7cd377344b943a84531af3343') in 0.0763217 seconds
Number of updated asset objects reloaded before import = 0Number of asset objects unloaded after import = 1

========================================================================
Received Import Request.
  Time since last request: 0.000022 seconds.
  path: Assets/parking_fullset/Pillar_cushion_Normal.png
  artifactKey: Guid(da3f3275fc8c355489c3d3e33fc712d4) Importer(2089858483,192608db42251d675da83286b1cce702)
Start importing Assets/parking_fullset/Pillar_cushion_Normal.png using Guid(da3f3275fc8c355489c3d3e33fc712d4) Importer(2089858483,192608db42251d675da83286b1cce702) (ScriptedImporter) -> (artifact id: 'bac88c47819661db8ae227b7b85cc475') in 0.0233123 seconds
Number of updated asset objects reloaded before import = 0Number of asset objects unloaded after import = 1

========================================================================
Received Import Request.
  Time since last request: 0.000026 seconds.
  path: Assets/parking_fullset/wall_conc.mat
  artifactKey: Guid(153e8a9ece8f599498ed78a9f62a102a) Importer(2089858483,192608db42251d675da83286b1cce702)
Start importing Assets/parking_fullset/wall_conc.mat using Guid(153e8a9ece8f599498ed78a9f62a102a) Importer(2089858483,192608db42251d675da83286b1cce702) (ScriptedImporter) -> (artifact id: '3517985971ed16d7bcaafe3c40cd47ae') in 0.0239929 seconds
Number of updated asset objects reloaded before import = 0Number of asset objects unloaded after import = 4

========================================================================
Received Import Request.
  Time since last request: 0.000021 seconds.
  path: Assets/parking_fullset/P_signboard_open_Emission.png
  artifactKey: Guid(bf29b49350cea2f41b438d4ce46ac38b) Importer(2089858483,192608db42251d675da83286b1cce702)
Start importing Assets/parking_fullset/P_signboard_open_Emission.png using Guid(bf29b49350cea2f41b438d4ce46ac38b) Importer(2089858483,192608db42251d675da83286b1cce702) (ScriptedImporter) -> (artifact id: '1729bded0d00d38be5b1431d1901db9d') in 0.0210386 seconds
Number of updated asset objects reloaded before import = 0Number of asset objects unloaded after import = 1

========================================================================
Received Import Request.
  Time since last request: 0.000029 seconds.
  path: Assets/parking_fullset/kaidan_mesh_AlbedoTransparency.png
  artifactKey: Guid(fd351a58dbfe2224cb5f494845ea7422) Importer(2089858483,192608db42251d675da83286b1cce702)
Start importing Assets/parking_fullset/kaidan_mesh_AlbedoTransparency.png using Guid(fd351a58dbfe2224cb5f494845ea7422) Importer(2089858483,192608db42251d675da83286b1cce702) (ScriptedImporter) -> (artifact id: '7d43265fad660d55dc86c7cd61ab25e6') in 0.0246389 seconds
Number of updated asset objects reloaded before import = 0Number of asset objects unloaded after import = 1

========================================================================
Received Import Request.
  Time since last request: 0.000020 seconds.
  path: Assets/parking_fullset/parking_full_set.fbx
  artifactKey: Guid(59e5d8a594929b64b8b3f802e97ddd65) Importer(2089858483,192608db42251d675da83286b1cce702)
Start importing Assets/parking_fullset/parking_full_set.fbx using Guid(59e5d8a594929b64b8b3f802e97ddd65) Importer(2089858483,192608db42251d675da83286b1cce702) (ScriptedImporter) -> (artifact id: 'be2f315388ae3c5ae84cf528b0d53213') in 0.148251 seconds
Number of updated asset objects reloaded before import = 0Number of asset objects unloaded after import = 29

========================================================================
Received Import Request.
  Time since last request: 0.000023 seconds.
  path: Assets/parking_fullset/P_machine.mat
  artifactKey: Guid(c866533e21282a442bde785fc15d81c5) Importer(2089858483,192608db42251d675da83286b1cce702)
Start importing Assets/parking_fullset/P_machine.mat using Guid(c866533e21282a442bde785fc15d81c5) Importer(2089858483,192608db42251d675da83286b1cce702) (ScriptedImporter) -> (artifact id: '095a816c48cf421e62888e1a92498fb4') in 0.0238338 seconds
Number of updated asset objects reloaded before import = 0Number of asset objects unloaded after import = 4

========================================================================
Received Import Request.
  Time since last request: 0.000032 seconds.
  path: Assets/parking_fullset/P_signboard_open.mat
  artifactKey: Guid(aec6d9429bb86a6449ba072ac52b3c4a) Importer(2089858483,192608db42251d675da83286b1cce702)
Start importing Assets/parking_fullset/P_signboard_open.mat using Guid(aec6d9429bb86a6449ba072ac52b3c4a) Importer(2089858483,192608db42251d675da83286b1cce702) (ScriptedImporter) -> (artifact id: '797221cedf2dcde38ec173f9ed78351f') in 0.0240478 seconds
Number of updated asset objects reloaded before import = 0Number of asset objects unloaded after import = 5

========================================================================
Received Import Request.
  Time since last request: 0.000019 seconds.
  path: Assets/parking_fullset/guard_pipe_MetallicSmoothness.png
  artifactKey: Guid(9d3ae8e729560514ab9b971dcdfcf466) Importer(2089858483,192608db42251d675da83286b1cce702)
Start importing Assets/parking_fullset/guard_pipe_MetallicSmoothness.png using Guid(9d3ae8e729560514ab9b971dcdfcf466) Importer(2089858483,192608db42251d675da83286b1cce702) (ScriptedImporter) -> (artifact id: '8874a6958e8fca6589c29cc21ab32f42') in 0.0249453 seconds
Number of updated asset objects reloaded before import = 0Number of asset objects unloaded after import = 1

========================================================================
Received Import Request.
  Time since last request: 0.000020 seconds.
  path: Assets/parking_fullset/P_machine_MetallicSmoothness.png
  artifactKey: Guid(f7fa131a9eea2b843be7ce6617c400a7) Importer(2089858483,192608db42251d675da83286b1cce702)
Start importing Assets/parking_fullset/P_machine_MetallicSmoothness.png using Guid(f7fa131a9eea2b843be7ce6617c400a7) Importer(2089858483,192608db42251d675da83286b1cce702) (ScriptedImporter) -> (artifact id: 'aa090d781bf3d17bf170d643b17b9d54') in 0.0236238 seconds
Number of updated asset objects reloaded before import = 0Number of asset objects unloaded after import = 1

========================================================================
Received Import Request.
  Time since last request: 0.000023 seconds.
  path: Assets/parking_fullset/kaidan_mesh.mat
  artifactKey: Guid(7252f7837bfbfaf49b5420b2abc70559) Importer(2089858483,192608db42251d675da83286b1cce702)
Start importing Assets/parking_fullset/kaidan_mesh.mat using Guid(7252f7837bfbfaf49b5420b2abc70559) Importer(2089858483,192608db42251d675da83286b1cce702) (ScriptedImporter) -> (artifact id: '0fb029679cf3a811be56e1bd8ff17933') in 0.0676375 seconds
Number of updated asset objects reloaded before import = 0Number of asset objects unloaded after import = 4

========================================================================
Received Import Request.
  Time since last request: 0.000033 seconds.
  path: Assets/parking_fullset/wall_conc_Normal.png
  artifactKey: Guid(f54b70a85745d0747ab173b3192d72c4) Importer(2089858483,192608db42251d675da83286b1cce702)
Start importing Assets/parking_fullset/wall_conc_Normal.png using Guid(f54b70a85745d0747ab173b3192d72c4) Importer(2089858483,192608db42251d675da83286b1cce702) (ScriptedImporter) -> (artifact id: '332ddf5bf47fafb3b09ef011549ed778') in 0.0222719 seconds
Number of updated asset objects reloaded before import = 0Number of asset objects unloaded after import = 1

========================================================================
Received Import Request.
  Time since last request: 0.000019 seconds.
  path: Assets/parking_fullset/kandan_step_MetallicSmoothness.png
  artifactKey: Guid(179e0fd503923c4499adefb680f1cb79) Importer(2089858483,192608db42251d675da83286b1cce702)
Start importing Assets/parking_fullset/kandan_step_MetallicSmoothness.png using Guid(179e0fd503923c4499adefb680f1cb79) Importer(2089858483,192608db42251d675da83286b1cce702) (ScriptedImporter) -> (artifact id: '11ec637094cf3f0685919fda33fa3dda') in 0.0243388 seconds
Number of updated asset objects reloaded before import = 0Number of asset objects unloaded after import = 1

========================================================================
Received Import Request.
  Time since last request: 0.000019 seconds.
  path: Assets/parking_fullset/p_space_MetallicSmoothness.png
  artifactKey: Guid(355ba4287a8b00443ab7b02ac4748be2) Importer(2089858483,192608db42251d675da83286b1cce702)
Start importing Assets/parking_fullset/p_space_MetallicSmoothness.png using Guid(355ba4287a8b00443ab7b02ac4748be2) Importer(2089858483,192608db42251d675da83286b1cce702) (ScriptedImporter) -> (artifact id: '2c6e0523802fea8819aaa6a02d1025e9') in 0.0268023 seconds
Number of updated asset objects reloaded before import = 0Number of asset objects unloaded after import = 1

========================================================================
Received Import Request.
  Time since last request: 0.000021 seconds.
  path: Assets/parking_fullset/kaidan_wall_AlbedoTransparency.png
  artifactKey: Guid(cf0c4b7ae38daf04c9af435f7e0613fe) Importer(2089858483,192608db42251d675da83286b1cce702)
Start importing Assets/parking_fullset/kaidan_wall_AlbedoTransparency.png using Guid(cf0c4b7ae38daf04c9af435f7e0613fe) Importer(2089858483,192608db42251d675da83286b1cce702) (ScriptedImporter) -> (artifact id: 'f5f495af2eca32fc48b14f3cca3fd2ca') in 0.0247498 seconds
Number of updated asset objects reloaded before import = 0Number of asset objects unloaded after import = 1

========================================================================
Received Import Request.
  Time since last request: 0.000025 seconds.
  path: Assets/parking_fullset/kaidan_mesh_Normal.png
  artifactKey: Guid(ad60d7914ba66dc429da50da1023646f) Importer(2089858483,192608db42251d675da83286b1cce702)
Start importing Assets/parking_fullset/kaidan_mesh_Normal.png using Guid(ad60d7914ba66dc429da50da1023646f) Importer(2089858483,192608db42251d675da83286b1cce702) (ScriptedImporter) -> (artifact id: 'b88054ab7564e2f54abc031f455891de') in 0.0241536 seconds
Number of updated asset objects reloaded before import = 0Number of asset objects unloaded after import = 1

========================================================================
Received Import Request.
  Time since last request: 0.000041 seconds.
  path: Assets/parking_fullset/road_sign_MetallicSmoothness.png
  artifactKey: Guid(613a6de16a9554746a3eed520e6f9e8f) Importer(2089858483,192608db42251d675da83286b1cce702)
Start importing Assets/parking_fullset/road_sign_MetallicSmoothness.png using Guid(613a6de16a9554746a3eed520e6f9e8f) Importer(2089858483,192608db42251d675da83286b1cce702) (ScriptedImporter) -> (artifact id: '0fa201f8725cf33883d7a72aaa788ae9') in 0.0221329 seconds
Number of updated asset objects reloaded before import = 0Number of asset objects unloaded after import = 1

========================================================================
Received Import Request.
  Time since last request: 129.725437 seconds.
  path: Assets/parking_fullset
  artifactKey: Guid(09d17d8ae381c7f47b08d7e66928bf2f) Importer(815301076,1909f56bfc062723c751e8b465ee728b)
Start importing Assets/parking_fullset using Guid(09d17d8ae381c7f47b08d7e66928bf2f) Importer(815301076,1909f56bfc062723c751e8b465ee728b) (PreviewImporter) -> (artifact id: '8d2036cd766be6cb3be01c2e84a56c9c') in 0.0026955 seconds
Number of updated asset objects reloaded before import = 0Number of asset objects unloaded after import = 0

========================================================================
Received Import Request.
  Time since last request: 0.000025 seconds.
  path: Assets/parking_fullset/ceiling_floor.mat
  artifactKey: Guid(ddf28ac9c6cf6f341bb49322abe175be) Importer(815301076,1909f56bfc062723c751e8b465ee728b)
Start importing Assets/parking_fullset/ceiling_floor.mat using Guid(ddf28ac9c6cf6f341bb49322abe175be) Importer(815301076,1909f56bfc062723c751e8b465ee728b) (PreviewImporter) -> (artifact id: '227fd96eabe2aa312a05cc61e5f05011') in 1.1204452 seconds
Number of updated asset objects reloaded before import = 0Number of asset objects unloaded after import = 5

========================================================================
Received Import Request.
  Time since last request: 0.000036 seconds.
  path: Assets/parking_fullset/guard_pipe.mat
  artifactKey: Guid(7e3603ffaf8a94b41a95c231bb210576) Importer(815301076,1909f56bfc062723c751e8b465ee728b)
Start importing Assets/parking_fullset/guard_pipe.mat using Guid(7e3603ffaf8a94b41a95c231bb210576) Importer(815301076,1909f56bfc062723c751e8b465ee728b) (PreviewImporter) -> (artifact id: 'ef552ce65159da39773340a2286c86e8') in 0.0199847 seconds
Number of updated asset objects reloaded before import = 0Number of asset objects unloaded after import = 4

========================================================================
Received Import Request.
  Time since last request: 0.000034 seconds.
  path: Assets/parking_fullset/limit_sign_AlbedoTransparency.png
  artifactKey: Guid(6bed58677ad7aaf4d82e379fae0c9bc8) Importer(815301076,1909f56bfc062723c751e8b465ee728b)
Start importing Assets/parking_fullset/limit_sign_AlbedoTransparency.png using Guid(6bed58677ad7aaf4d82e379fae0c9bc8) Importer(815301076,1909f56bfc062723c751e8b465ee728b) (PreviewImporter) -> (artifact id: 'fc1d8b7efdbde25535228becc70b65ed') in 0.0289052 seconds
Number of updated asset objects reloaded before import = 0Number of asset objects unloaded after import = 2

========================================================================
Received Import Request.
  Time since last request: 0.000028 seconds.
  path: Assets/parking_fullset/ceiling_floor_Normal.png
  artifactKey: Guid(10b6cec5fa8de014a91c5ae8cc389ca0) Importer(815301076,1909f56bfc062723c751e8b465ee728b)
Start importing Assets/parking_fullset/ceiling_floor_Normal.png using Guid(10b6cec5fa8de014a91c5ae8cc389ca0) Importer(815301076,1909f56bfc062723c751e8b465ee728b) (PreviewImporter) -> (artifact id: '0c4307f253375890d7ed3bd88e5e81d8') in 0.0295564 seconds
Number of updated asset objects reloaded before import = 0Number of asset objects unloaded after import = 2

========================================================================
Received Import Request.
  Time since last request: 0.000029 seconds.
  path: Assets/parking_fullset/kaidan_wall.mat
  artifactKey: Guid(8679afcf113d3bc4ba7692edc12a4b8b) Importer(815301076,1909f56bfc062723c751e8b465ee728b)
Start importing Assets/parking_fullset/kaidan_wall.mat using Guid(8679afcf113d3bc4ba7692edc12a4b8b) Importer(815301076,1909f56bfc062723c751e8b465ee728b) (PreviewImporter) -> (artifact id: 'bc4547c35ee3275569070bef305722e8') in 0.0151068 seconds
Number of updated asset objects reloaded before import = 0Number of asset objects unloaded after import = 4

========================================================================
Received Import Request.
  Time since last request: 0.000034 seconds.
  path: Assets/parking_fullset/kandan_step_AlbedoTransparency.png
  artifactKey: Guid(3796f3e4166410f408dd92480a495cce) Importer(815301076,1909f56bfc062723c751e8b465ee728b)
Start importing Assets/parking_fullset/kandan_step_AlbedoTransparency.png using Guid(3796f3e4166410f408dd92480a495cce) Importer(815301076,1909f56bfc062723c751e8b465ee728b) (PreviewImporter) -> (artifact id: 'e74e9f217caae0abb882450d94bad44b') in 0.0199137 seconds
Number of updated asset objects reloaded before import = 0Number of asset objects unloaded after import = 2

========================================================================
Received Import Request.
  Time since last request: 0.000040 seconds.
  path: Assets/parking_fullset/light_base.mat
  artifactKey: Guid(c7ce208328184034c9892b5aa8933211) Importer(815301076,1909f56bfc062723c751e8b465ee728b)
Start importing Assets/parking_fullset/light_base.mat using Guid(c7ce208328184034c9892b5aa8933211) Importer(815301076,1909f56bfc062723c751e8b465ee728b) (PreviewImporter) -> (artifact id: 'd1688164d7db0c6725c26a6424dcba7e') in 0.0172712 seconds
Number of updated asset objects reloaded before import = 0Number of asset objects unloaded after import = 4

========================================================================
Received Import Request.
  Time since last request: 0.000032 seconds.
  path: Assets/parking_fullset/guard_pipe_Normal.png
  artifactKey: Guid(49bb2871fa252a34091e2f97a23477f8) Importer(815301076,1909f56bfc062723c751e8b465ee728b)
Start importing Assets/parking_fullset/guard_pipe_Normal.png using Guid(49bb2871fa252a34091e2f97a23477f8) Importer(815301076,1909f56bfc062723c751e8b465ee728b) (PreviewImporter) -> (artifact id: '5317fa224cfd6b7c535d3b654a72afab') in 0.0221543 seconds
Number of updated asset objects reloaded before import = 0Number of asset objects unloaded after import = 2

========================================================================
Received Import Request.
  Time since last request: 0.000022 seconds.
  path: Assets/parking_fullset/kaidan_wall_Normal.png
  artifactKey: Guid(91de23fa78712c448bc4639c99dbe547) Importer(815301076,1909f56bfc062723c751e8b465ee728b)
Start importing Assets/parking_fullset/kaidan_wall_Normal.png using Guid(91de23fa78712c448bc4639c99dbe547) Importer(815301076,1909f56bfc062723c751e8b465ee728b) (PreviewImporter) -> (artifact id: '99c742387da41e34f722cd3ec3c701b4') in 0.0226444 seconds
Number of updated asset objects reloaded before import = 0Number of asset objects unloaded after import = 2

========================================================================
Received Import Request.
  Time since last request: 0.000030 seconds.
  path: Assets/parking_fullset/filde_base_Normal.png
  artifactKey: Guid(f3cd4bbd62b02a346ae80a34cb759c52) Importer(815301076,1909f56bfc062723c751e8b465ee728b)
Start importing Assets/parking_fullset/filde_base_Normal.png using Guid(f3cd4bbd62b02a346ae80a34cb759c52) Importer(815301076,1909f56bfc062723c751e8b465ee728b) (PreviewImporter) -> (artifact id: '1a5f0e6252c8e1e9cf66e7db0fe6d2f0') in 0.0220609 seconds
Number of updated asset objects reloaded before import = 0Number of asset objects unloaded after import = 2

========================================================================
Received Import Request.
  Time since last request: 0.000029 seconds.
  path: Assets/parking_fullset/light_emi.mat
  artifactKey: Guid(0d1b48f7da0366140ab4233aa25cf869) Importer(815301076,1909f56bfc062723c751e8b465ee728b)
Start importing Assets/parking_fullset/light_emi.mat using Guid(0d1b48f7da0366140ab4233aa25cf869) Importer(815301076,1909f56bfc062723c751e8b465ee728b) (PreviewImporter) -> (artifact id: '56486768bd379c3e4d6d667390e51fcf') in 0.0102533 seconds
Number of updated asset objects reloaded before import = 0Number of asset objects unloaded after import = 2

========================================================================
Received Import Request.
  Time since last request: 0.000032 seconds.
  path: Assets/parking_fullset/P_signboard_close_Emission.png
  artifactKey: Guid(cc8d4bb7e5bf64a438339655fc555f5d) Importer(815301076,1909f56bfc062723c751e8b465ee728b)
Start importing Assets/parking_fullset/P_signboard_close_Emission.png using Guid(cc8d4bb7e5bf64a438339655fc555f5d) Importer(815301076,1909f56bfc062723c751e8b465ee728b) (PreviewImporter) -> (artifact id: 'a7b9efaf094edc42f46264928f974b37') in 0.0183535 seconds
Number of updated asset objects reloaded before import = 0Number of asset objects unloaded after import = 2

========================================================================
Received Import Request.
  Time since last request: 0.000026 seconds.
  path: Assets/parking_fullset/guard_pipe_AlbedoTransparency.png
  artifactKey: Guid(4542cd47398b3064ca32217630e60b0a) Importer(815301076,1909f56bfc062723c751e8b465ee728b)
Start importing Assets/parking_fullset/guard_pipe_AlbedoTransparency.png using Guid(4542cd47398b3064ca32217630e60b0a) Importer(815301076,1909f56bfc062723c751e8b465ee728b) (PreviewImporter) -> (artifact id: 'eae9d3e1e8e607315c6b912d0de5c991') in 0.0190309 seconds
Number of updated asset objects reloaded before import = 0Number of asset objects unloaded after import = 2

========================================================================
Received Import Request.
  Time since last request: 0.000026 seconds.
  path: Assets/parking_fullset/floor_AlbedoTransparency.png
  artifactKey: Guid(61096c3c5e42fc342988475a33ffe879) Importer(815301076,1909f56bfc062723c751e8b465ee728b)
Start importing Assets/parking_fullset/floor_AlbedoTransparency.png using Guid(61096c3c5e42fc342988475a33ffe879) Importer(815301076,1909f56bfc062723c751e8b465ee728b) (PreviewImporter) -> (artifact id: '3e24a9f23b1622db47c4ef335fe0be03') in 0.0185844 seconds
Number of updated asset objects reloaded before import = 0Number of asset objects unloaded after import = 2

========================================================================
Received Import Request.
  Time since last request: 0.000029 seconds.
  path: Assets/parking_fullset/P_signboard_close_AlbedoTransparency.png
  artifactKey: Guid(09152fd4381d0934e8714faccfb92ad4) Importer(815301076,1909f56bfc062723c751e8b465ee728b)
Start importing Assets/parking_fullset/P_signboard_close_AlbedoTransparency.png using Guid(09152fd4381d0934e8714faccfb92ad4) Importer(815301076,1909f56bfc062723c751e8b465ee728b) (PreviewImporter) -> (artifact id: '52d63343311966be6e8be933eabe07d6') in 0.0181739 seconds
Number of updated asset objects reloaded before import = 0Number of asset objects unloaded after import = 2

========================================================================
Received Import Request.
  Time since last request: 0.000035 seconds.
  path: Assets/parking_fullset/filde_base_AlbedoTransparency.png
  artifactKey: Guid(cd36088709a083a43ad01f0ae6ef0e69) Importer(815301076,1909f56bfc062723c751e8b465ee728b)
Start importing Assets/parking_fullset/filde_base_AlbedoTransparency.png using Guid(cd36088709a083a43ad01f0ae6ef0e69) Importer(815301076,1909f56bfc062723c751e8b465ee728b) (PreviewImporter) -> (artifact id: 'c7e4f88a60a163b4f1cbf6e3e191fb43') in 0.0184095 seconds
Number of updated asset objects reloaded before import = 0Number of asset objects unloaded after import = 2

========================================================================
Received Import Request.
  Time since last request: 0.000036 seconds.
  path: Assets/parking_fullset/P_machine_MetallicSmoothness.png
  artifactKey: Guid(f7fa131a9eea2b843be7ce6617c400a7) Importer(815301076,1909f56bfc062723c751e8b465ee728b)
Start importing Assets/parking_fullset/P_machine_MetallicSmoothness.png using Guid(f7fa131a9eea2b843be7ce6617c400a7) Importer(815301076,1909f56bfc062723c751e8b465ee728b) (PreviewImporter) -> (artifact id: '34dee4cf1239f8b85aca789e92824bf7') in 0.0208683 seconds
Number of updated asset objects reloaded before import = 0Number of asset objects unloaded after import = 2

========================================================================
Received Import Request.
  Time since last request: 0.000025 seconds.
  path: Assets/parking_fullset/light_base_AlbedoTransparency.png
  artifactKey: Guid(e5c77f9990b8982429d60ecdc92ccb19) Importer(815301076,1909f56bfc062723c751e8b465ee728b)
Start importing Assets/parking_fullset/light_base_AlbedoTransparency.png using Guid(e5c77f9990b8982429d60ecdc92ccb19) Importer(815301076,1909f56bfc062723c751e8b465ee728b) (PreviewImporter) -> (artifact id: '640d5c78c72098952ab63607ac6ee4ef') in 0.0197992 seconds
Number of updated asset objects reloaded before import = 0Number of asset objects unloaded after import = 2

========================================================================
Received Import Request.
  Time since last request: 0.000034 seconds.
  path: Assets/parking_fullset/limit_sign.mat
  artifactKey: Guid(ff08b977b49e15b44a41425871e5ff21) Importer(815301076,1909f56bfc062723c751e8b465ee728b)
Start importing Assets/parking_fullset/limit_sign.mat using Guid(ff08b977b49e15b44a41425871e5ff21) Importer(815301076,1909f56bfc062723c751e8b465ee728b) (PreviewImporter) -> (artifact id: '8f55de5773096b58f5c6d932813d5385') in 0.0144815 seconds
Number of updated asset objects reloaded before import = 0Number of asset objects unloaded after import = 4

========================================================================
Received Import Request.
  Time since last request: 0.000028 seconds.
  path: Assets/parking_fullset/kandan_step.mat
  artifactKey: Guid(6c444c60549767f47b39c3e51cb0cb08) Importer(815301076,1909f56bfc062723c751e8b465ee728b)
Start importing Assets/parking_fullset/kandan_step.mat using Guid(6c444c60549767f47b39c3e51cb0cb08) Importer(815301076,1909f56bfc062723c751e8b465ee728b) (PreviewImporter) -> (artifact id: '47bd72d42b86f20575ce2cbd132035fe') in 0.0161486 seconds
Number of updated asset objects reloaded before import = 0Number of asset objects unloaded after import = 4

========================================================================
Received Import Request.
  Time since last request: 0.000030 seconds.
  path: Assets/parking_fullset/filde_base_MetallicSmoothness.png
  artifactKey: Guid(146b6cbb031177f4fb5f9cb128ba0077) Importer(815301076,1909f56bfc062723c751e8b465ee728b)
Start importing Assets/parking_fullset/filde_base_MetallicSmoothness.png using Guid(146b6cbb031177f4fb5f9cb128ba0077) Importer(815301076,1909f56bfc062723c751e8b465ee728b) (PreviewImporter) -> (artifact id: '9f742c67e5c1fd3b1facd8c46b401d97') in 0.0190601 seconds
Number of updated asset objects reloaded before import = 0Number of asset objects unloaded after import = 2

========================================================================
Received Import Request.
  Time since last request: 0.000037 seconds.
  path: Assets/parking_fullset/floor_Normal.png
  artifactKey: Guid(08f07aef565f8cc4aaf7cc99ad1bee78) Importer(815301076,1909f56bfc062723c751e8b465ee728b)
Start importing Assets/parking_fullset/floor_Normal.png using Guid(08f07aef565f8cc4aaf7cc99ad1bee78) Importer(815301076,1909f56bfc062723c751e8b465ee728b) (PreviewImporter) -> (artifact id: 'cd85b0901a617453beec49cc870b3cc4') in 0.0194924 seconds
Number of updated asset objects reloaded before import = 0Number of asset objects unloaded after import = 2

========================================================================
Received Import Request.
  Time since last request: 0.618593 seconds.
  path: Assets/parking_fullset/P_signboard_MetallicSmoothness.png
  artifactKey: Guid(241e00cf3163b32498da1c9e2e7866a8) Importer(815301076,1909f56bfc062723c751e8b465ee728b)
Start importing Assets/parking_fullset/P_signboard_MetallicSmoothness.png using Guid(241e00cf3163b32498da1c9e2e7866a8) Importer(815301076,1909f56bfc062723c751e8b465ee728b) (PreviewImporter) -> (artifact id: '1ce9112a207bd831ce675a97702fafcd') in 0.0104916 seconds
Number of updated asset objects reloaded before import = 0Number of asset objects unloaded after import = 2

========================================================================
Received Import Request.
  Time since last request: 0.000030 seconds.
  path: Assets/parking_fullset/p_space_Normal.png
  artifactKey: Guid(8c4ea0ac96f81af4c990feeb97d26178) Importer(815301076,1909f56bfc062723c751e8b465ee728b)
Start importing Assets/parking_fullset/p_space_Normal.png using Guid(8c4ea0ac96f81af4c990feeb97d26178) Importer(815301076,1909f56bfc062723c751e8b465ee728b) (PreviewImporter) -> (artifact id: 'ae9f9d3bad5bf1e28af6d8630df19180') in 0.0207397 seconds
Number of updated asset objects reloaded before import = 0Number of asset objects unloaded after import = 2

========================================================================
Received Import Request.
  Time since last request: 0.000025 seconds.
  path: Assets/parking_fullset/parking_full_set.fbx
  artifactKey: Guid(59e5d8a594929b64b8b3f802e97ddd65) Importer(815301076,1909f56bfc062723c751e8b465ee728b)
Start importing Assets/parking_fullset/parking_full_set.fbx using Guid(59e5d8a594929b64b8b3f802e97ddd65) Importer(815301076,1909f56bfc062723c751e8b465ee728b) (PreviewImporter) -> (artifact id: '6ca543c6fb7e70d93691c6679861bee5') in 0.539596 seconds
Number of updated asset objects reloaded before import = 0Number of asset objects unloaded after import = 93

========================================================================
Received Import Request.
  Time since last request: 0.000044 seconds.
  path: Assets/parking_fullset/P_signboard_open_Emission.png
  artifactKey: Guid(bf29b49350cea2f41b438d4ce46ac38b) Importer(815301076,1909f56bfc062723c751e8b465ee728b)
Start importing Assets/parking_fullset/P_signboard_open_Emission.png using Guid(bf29b49350cea2f41b438d4ce46ac38b) Importer(815301076,1909f56bfc062723c751e8b465ee728b) (PreviewImporter) -> (artifact id: '89ed23cb0dc094e575f80cdcfcef5cca') in 0.018723 seconds
Number of updated asset objects reloaded before import = 0Number of asset objects unloaded after import = 2

========================================================================
Received Import Request.
  Time since last request: 0.000043 seconds.
  path: Assets/parking_fullset/road_sign_Normal.png
  artifactKey: Guid(5d30c213b9121f6428410e1ac6543b55) Importer(815301076,1909f56bfc062723c751e8b465ee728b)
Start importing Assets/parking_fullset/road_sign_Normal.png using Guid(5d30c213b9121f6428410e1ac6543b55) Importer(815301076,1909f56bfc062723c751e8b465ee728b) (PreviewImporter) -> (artifact id: 'c4daefdd33a64a9f7a5a9fc029c9ff23') in 0.0189904 seconds
Number of updated asset objects reloaded before import = 0Number of asset objects unloaded after import = 2

========================================================================
Received Import Request.
  Time since last request: 0.000031 seconds.
  path: Assets/parking_fullset/wall_conc_MetallicSmoothness.png
  artifactKey: Guid(cb34ba38047d86c4a893769727b877a2) Importer(815301076,1909f56bfc062723c751e8b465ee728b)
Start importing Assets/parking_fullset/wall_conc_MetallicSmoothness.png using Guid(cb34ba38047d86c4a893769727b877a2) Importer(815301076,1909f56bfc062723c751e8b465ee728b) (PreviewImporter) -> (artifact id: '9f5b8bdd33e3dc4b74827c30ca916680') in 0.0089561 seconds
Number of updated asset objects reloaded before import = 0Number of asset objects unloaded after import = 2

========================================================================
Received Import Request.
  Time since last request: 0.000031 seconds.
  path: Assets/parking_fullset/wall_conc_Normal.png
  artifactKey: Guid(f54b70a85745d0747ab173b3192d72c4) Importer(815301076,1909f56bfc062723c751e8b465ee728b)
Start importing Assets/parking_fullset/wall_conc_Normal.png using Guid(f54b70a85745d0747ab173b3192d72c4) Importer(815301076,1909f56bfc062723c751e8b465ee728b) (PreviewImporter) -> (artifact id: '1649590e092265b6d7621582f990f436') in 0.0185485 seconds
Number of updated asset objects reloaded before import = 0Number of asset objects unloaded after import = 2

========================================================================
Received Import Request.
  Time since last request: 0.000024 seconds.
  path: Assets/parking_fullset/slope.mat
  artifactKey: Guid(aa3b6c2435ede1a4d9b46915c36b81a4) Importer(815301076,1909f56bfc062723c751e8b465ee728b)
Start importing Assets/parking_fullset/slope.mat using Guid(aa3b6c2435ede1a4d9b46915c36b81a4) Importer(815301076,1909f56bfc062723c751e8b465ee728b) (PreviewImporter) -> (artifact id: '1be8d93f491df20650c075bcc74c3a4a') in 0.0164489 seconds
Number of updated asset objects reloaded before import = 0Number of asset objects unloaded after import = 4

========================================================================
Received Import Request.
  Time since last request: 0.000034 seconds.
  path: Assets/parking_fullset/slope_Normal.png
  artifactKey: Guid(a17e3fff2b3bfbd46ab50df92dad56aa) Importer(815301076,1909f56bfc062723c751e8b465ee728b)
Start importing Assets/parking_fullset/slope_Normal.png using Guid(a17e3fff2b3bfbd46ab50df92dad56aa) Importer(815301076,1909f56bfc062723c751e8b465ee728b) (PreviewImporter) -> (artifact id: '399958e7b73cdc0b44c8675e421284ad') in 0.0196392 seconds
Number of updated asset objects reloaded before import = 0Number of asset objects unloaded after import = 2

========================================================================
Received Import Request.
  Time since last request: 384.266303 seconds.
  path: Assets/parking_fullset/P_machine.mat
  artifactKey: Guid(c866533e21282a442bde785fc15d81c5) Importer(815301076,1909f56bfc062723c751e8b465ee728b)
Start importing Assets/parking_fullset/P_machine.mat using Guid(c866533e21282a442bde785fc15d81c5) Importer(815301076,1909f56bfc062723c751e8b465ee728b) (PreviewImporter) -> (artifact id: 'cebc0f6bc0c0c1f7df1ba0f5e284c7c3') in 0.0202876 seconds
Number of updated asset objects reloaded before import = 0Number of asset objects unloaded after import = 4

========================================================================
Received Import Request.
  Time since last request: 0.710500 seconds.
  path: Assets/parking_fullset/floor.mat
  artifactKey: Guid(df1f0665699d07540bc20df6c3c16d25) Importer(2089858483,192608db42251d675da83286b1cce702)
Start importing Assets/parking_fullset/floor.mat using Guid(df1f0665699d07540bc20df6c3c16d25) Importer(2089858483,192608db42251d675da83286b1cce702) (ScriptedImporter) -> (artifact id: '9bd1d95ea1505b7c8ab48b2b2122732a') in 0.031026 seconds
Number of updated asset objects reloaded before import = 0Number of asset objects unloaded after import = 4

========================================================================
Received Import Request.
  Time since last request: 3967.338503 seconds.
  path: Assets/Settings/Project Configuration/Android Preset.asset
  artifactKey: Guid(53a413327819a984d8ab1618c9e90a10) Importer(815301076,1909f56bfc062723c751e8b465ee728b)
Start importing Assets/Settings/Project Configuration/Android Preset.asset using Guid(53a413327819a984d8ab1618c9e90a10) Importer(815301076,1909f56bfc062723c751e8b465ee728b) (PreviewImporter) -> (artifact id: 'aade0c69bd379a0ac2c2177750698fe1') in 0.0837264 seconds
Number of updated asset objects reloaded before import = 0Number of asset objects unloaded after import = 0

========================================================================
Received Import Request.
  Time since last request: 0.000581 seconds.
  path: Assets/Settings/Project Configuration/Performance URP Config.asset
  artifactKey: Guid(fd42a132493b1f143a4963adcd530ef1) Importer(815301076,1909f56bfc062723c751e8b465ee728b)
Start importing Assets/Settings/Project Configuration/Performance URP Config.asset using Guid(fd42a132493b1f143a4963adcd530ef1) Importer(815301076,1909f56bfc062723c751e8b465ee728b) (PreviewImporter) -> (artifact id: '75fe39e95560780cdf2e72bbf7d91c86') in 0.0035887 seconds
Number of updated asset objects reloaded before import = 0Number of asset objects unloaded after import = 0

========================================================================
Received Import Request.
  Time since last request: 0.000033 seconds.
  path: Assets/Settings/Project Configuration/SampleScene.scenetemplate
  artifactKey: Guid(e88974e7ea90fb046bb078f12073588b) Importer(815301076,1909f56bfc062723c751e8b465ee728b)
Start importing Assets/Settings/Project Configuration/SampleScene.scenetemplate using Guid(e88974e7ea90fb046bb078f12073588b) Importer(815301076,1909f56bfc062723c751e8b465ee728b) (PreviewImporter)LightingSettings: switching bake backend from 1 to 2.
 -> (artifact id: 'f4e481710b815cf9d03d8d32179c99b6') in 3.5887267 seconds
Number of updated asset objects reloaded before import = 0Number of asset objects unloaded after import = 3149

========================================================================
Received Import Request.
  Time since last request: 37.105004 seconds.
  path: Assets/parking_fullset/floor.mat
  artifactKey: Guid(df1f0665699d07540bc20df6c3c16d25) Importer(815301076,1909f56bfc062723c751e8b465ee728b)
Start importing Assets/parking_fullset/floor.mat using Guid(df1f0665699d07540bc20df6c3c16d25) Importer(815301076,1909f56bfc062723c751e8b465ee728b) (PreviewImporter) -> (artifact id: 'b1fd785a459a35e3cb790bf87b89d0b8') in 0.8264063 seconds
Number of updated asset objects reloaded before import = 0Number of asset objects unloaded after import = 4

========================================================================
Received Import Request.
  Time since last request: 71.560093 seconds.
  path: Assets/parking_fullset/parking_full_set 1.fbx
  artifactKey: Guid(a3cce977668a3974bbf709982080f206) Importer(815301076,1909f56bfc062723c751e8b465ee728b)
Start importing Assets/parking_fullset/parking_full_set 1.fbx using Guid(a3cce977668a3974bbf709982080f206) Importer(815301076,1909f56bfc062723c751e8b465ee728b) (PreviewImporter) -> (artifact id: '0824b3cd34856bead102c698386e67ee') in 2.2393895 seconds
Number of updated asset objects reloaded before import = 0Number of asset objects unloaded after import = 62

========================================================================
Received Import Request.
  Time since last request: 18.242091 seconds.
  path: Assets/parking_full_set.fbx
  artifactKey: Guid(75faa666d76415340ba7535bc340607b) Importer(815301076,1909f56bfc062723c751e8b465ee728b)
Start importing Assets/parking_full_set.fbx using Guid(75faa666d76415340ba7535bc340607b) Importer(815301076,1909f56bfc062723c751e8b465ee728b) (PreviewImporter) -> (artifact id: '9c7dee874939f1b61252a98c27b0899f') in 0.2098479 seconds
Number of updated asset objects reloaded before import = 0Number of asset objects unloaded after import = 62

========================================================================
Received Import Request.
  Time since last request: 0.680712 seconds.
  path: Assets/parking_full_set.fbx
  artifactKey: Guid(75faa666d76415340ba7535bc340607b) Importer(2089858483,192608db42251d675da83286b1cce702)
Start importing Assets/parking_full_set.fbx using Guid(75faa666d76415340ba7535bc340607b) Importer(2089858483,192608db42251d675da83286b1cce702) (ScriptedImporter) -> (artifact id: '1cf54320294ec05fdc16d946c3f96e59') in 0.2158437 seconds
Number of updated asset objects reloaded before import = 0Number of asset objects unloaded after import = 62

========================================================================
Received Import Request.
  Time since last request: 150.575723 seconds.
  path: Assets/parking_fullset/P_machine_AlbedoTransparency.png
  artifactKey: Guid(7d7b3d8702994b24387caecac64c1ea7) Importer(815301076,1909f56bfc062723c751e8b465ee728b)
Start importing Assets/parking_fullset/P_machine_AlbedoTransparency.png using Guid(7d7b3d8702994b24387caecac64c1ea7) Importer(815301076,1909f56bfc062723c751e8b465ee728b) (PreviewImporter) -> (artifact id: 'e91abf05e65fde634428ee47a90e7160') in 0.0332039 seconds
Number of updated asset objects reloaded before import = 0Number of asset objects unloaded after import = 2

========================================================================
Received Import Request.
  Time since last request: 123.612764 seconds.
  path: Assets/DefaultVolumeProfile.asset
  artifactKey: Guid(b6d8050cecbe75e4c8b3445d5ccd33ff) Importer(2089858483,192608db42251d675da83286b1cce702)
Start importing Assets/DefaultVolumeProfile.asset using Guid(b6d8050cecbe75e4c8b3445d5ccd33ff) Importer(2089858483,192608db42251d675da83286b1cce702) (ScriptedImporter) -> (artifact id: '843b93fb7e8f671371f49d110c21099a') in 0.0794181 seconds
Number of updated asset objects reloaded before import = 20Number of asset objects unloaded after import = 0

========================================================================
Received Prepare
Begin MonoManager ReloadAssembly
- Loaded All Assemblies, in 11.964 seconds
'Packages/com.unity.xr.openxr/Runtime/OpenXRLoader.cs' contains partial class of Unity.Object, exactly 1 of the partial classes needs to be in a file with the same filename. This is to know the one that can be referenced from ie. GameObjects
'Packages/com.unity.xr.openxr/Runtime/OpenXRLoaderInternal.cs' contains partial class of Unity.Object, exactly 1 of the partial classes needs to be in a file with the same filename. This is to know the one that can be referenced from ie. GameObjects
Refreshing native plugins compatible for Editor in 13.69 ms, found 9 plugins.
Native extension for Android target not found
Native extension for WindowsStandalone target not found
[Package Manager] Failed to launch server process. Reason: Unity was launched with the -noUpm command-line argument
[Package Manager] Unable to send message (not connected to server process).
[Package Manager] Cannot connect to Unity Package Manager local server
System.NullReferenceException: Object reference not set to an instance of an object
  at UnityEditor.XR.Interaction.Toolkit.Analytics.XRIAnalytics..cctor () [0x00000] in .\Library\PackageCache\com.unity.xr.interaction.toolkit@9b07900cb163\Editor\Analytics\XRIAnalytics.cs:32 
UnityEngine.Debug:ExtractStackTraceNoAlloc (byte*,int,string)
UnityEngine.StackTraceUtility:ExtractStackTrace ()
UnityEngine.DebugLogHandler:Internal_Log (UnityEngine.LogType,UnityEngine.LogOption,string,UnityEngine.Object)
UnityEngine.DebugLogHandler:LogFormat (UnityEngine.LogType,UnityEngine.Object,string,object[])
UnityEngine.Logger:Log (UnityEngine.LogType,object)
UnityEngine.Debug:LogError (object)
UnityEditor.EditorAssemblies:ProcessInitializeOnLoadAttributes (System.Type[])

[Package Manager] Failed to launch server process. Reason: Unity was launched with the -noUpm command-line argument
[Package Manager] Unable to send message (not connected to server process).
[Package Manager] Cannot connect to Unity Package Manager local server
Failed to get package versions: Cannot connect to Unity Package Manager local server
UnityEngine.Debug:ExtractStackTraceNoAlloc (byte*,int,string)
UnityEngine.StackTraceUtility:ExtractStackTrace ()
UnityEngine.DebugLogHandler:Internal_Log (UnityEngine.LogType,UnityEngine.LogOption,string,UnityEngine.Object)
UnityEngine.DebugLogHandler:LogFormat (UnityEngine.LogType,UnityEngine.Object,string,object[])
UnityEngine.Logger:Log (UnityEngine.LogType,object)
UnityEngine.Debug:LogWarning (object)
Unity.XR.CoreUtils.Editor.PackageVersionUtility:UpdatePackageVersions () (at ./Library/PackageCache/com.unity.xr.core-utils@5b282bc7378d/Editor/ProjectValidation/PackageVersionUtility.cs:59)
Unity.XR.CoreUtils.Editor.PackageVersionUtility:GetPackageVersion (string) (at ./Library/PackageCache/com.unity.xr.core-utils@5b282bc7378d/Editor/ProjectValidation/PackageVersionUtility.cs:77)
UnityEditor.XR.Interaction.Toolkit.Samples.Hands.Editor.HandsSampleProjectValidation:.cctor () (at Assets/Samples/XR Interaction Toolkit/3.1.1/Hands Interaction Demo/Editor/Scripts/HandsSampleProjectValidation.cs:34)
System.Reflection.RuntimeMethodInfo:Invoke (object,System.Reflection.BindingFlags,System.Reflection.Binder,object[],System.Globalization.CultureInfo)
System.Reflection.MethodBase:Invoke (object,object[])
UnityEditor.EditorAssemblies:ProcessInitializeOnLoadMethodAttributes ()

(Filename: ./Library/PackageCache/com.unity.xr.core-utils@5b282bc7378d/Editor/ProjectValidation/PackageVersionUtility.cs Line: 59)

Mono: successfully reloaded assembly
[Package Manager] Failed to launch server process. Reason: Unity was launched with the -noUpm command-line argument
[Package Manager] Unable to send message (not connected to server process).
[Package Manager] Cannot connect to Unity Package Manager local server
- Finished resetting the current domain, in  1.542 seconds
Domain Reload Profiling: 13512ms
	BeginReloadAssembly (2453ms)
		ExecutionOrderSort (5ms)
		DisableScriptedObjects (437ms)
		BackupInstance (0ms)
		ReleaseScriptingObjects (4ms)
		CreateAndSetChildDomain (988ms)
	RebuildCommonClasses (68ms)
	RebuildNativeTypeToScriptingClass (21ms)
	initialDomainReloadingComplete (71ms)
	LoadAllAssembliesAndSetupDomain (9355ms)
		LoadAssemblies (8865ms)
		RebuildTransferFunctionScriptingTraits (0ms)
		AnalyzeDomain (816ms)
			TypeCache.Refresh (38ms)
				TypeCache.ScanAssembly (0ms)
			BuildScriptInfoCaches (741ms)
			ResolveRequiredComponents (19ms)
	FinalizeReload (1543ms)
		ReleaseScriptCaches (0ms)
		RebuildScriptCaches (0ms)
		SetupLoadedEditorAssemblies (1141ms)
			LogAssemblyErrors (0ms)
			InitializePlatformSupportModulesInManaged (20ms)
			SetLoadedEditorAssemblies (6ms)
			BeforeProcessingInitializeOnLoad (215ms)
			ProcessInitializeOnLoadAttributes (701ms)
			ProcessInitializeOnLoadMethodAttributes (185ms)
			AfterProcessingInitializeOnLoad (13ms)
			EditorAssembliesLoaded (1ms)
		ExecutionOrderSort2 (0ms)
		AwakeInstancesAfterBackupRestoration (23ms)
Refreshing native plugins compatible for Editor in 14.60 ms, found 9 plugins.
Preloading 0 native plugins for Editor in 0.00 ms.
Unloading 78 Unused Serialized files (Serialized files now loaded: 0)
Unloading 5693 unused Assets / (8.2 MB). Loaded Objects now: 6448.
Memory consumption went from 192.7 MB to 184.5 MB.
Total: 29.516500 ms (FindLiveObjects: 1.361000 ms CreateObjectMapping: 2.042800 ms MarkObjects: 16.164500 ms  DeleteObjects: 9.945200 ms)

Prepare: number of updated asset objects reloaded= 0
========================================================================
Received Prepare
Begin MonoManager ReloadAssembly
- Loaded All Assemblies, in  1.439 seconds
'Packages/com.unity.xr.openxr/Runtime/OpenXRLoader.cs' contains partial class of Unity.Object, exactly 1 of the partial classes needs to be in a file with the same filename. This is to know the one that can be referenced from ie. GameObjects
'Packages/com.unity.xr.openxr/Runtime/OpenXRLoaderInternal.cs' contains partial class of Unity.Object, exactly 1 of the partial classes needs to be in a file with the same filename. This is to know the one that can be referenced from ie. GameObjects
Refreshing native plugins compatible for Editor in 19.69 ms, found 9 plugins.
Native extension for Android target not found
Native extension for WindowsStandalone target not found
[Package Manager] Failed to launch server process. Reason: Unity was launched with the -noUpm command-line argument
[Package Manager] Unable to send message (not connected to server process).
[Package Manager] Cannot connect to Unity Package Manager local server
System.NullReferenceException: Object reference not set to an instance of an object
  at UnityEditor.XR.Interaction.Toolkit.Analytics.XRIAnalytics..cctor () [0x00000] in .\Library\PackageCache\com.unity.xr.interaction.toolkit@9b07900cb163\Editor\Analytics\XRIAnalytics.cs:32 
UnityEngine.Debug:ExtractStackTraceNoAlloc (byte*,int,string)
UnityEngine.StackTraceUtility:ExtractStackTrace ()
UnityEngine.DebugLogHandler:Internal_Log (UnityEngine.LogType,UnityEngine.LogOption,string,UnityEngine.Object)
UnityEngine.DebugLogHandler:LogFormat (UnityEngine.LogType,UnityEngine.Object,string,object[])
UnityEngine.Logger:Log (UnityEngine.LogType,object)
UnityEngine.Debug:LogError (object)
UnityEditor.EditorAssemblies:ProcessInitializeOnLoadAttributes (System.Type[])

[Package Manager] Failed to launch server process. Reason: Unity was launched with the -noUpm command-line argument
[Package Manager] Unable to send message (not connected to server process).
[Package Manager] Cannot connect to Unity Package Manager local server
Failed to get package versions: Cannot connect to Unity Package Manager local server
UnityEngine.Debug:ExtractStackTraceNoAlloc (byte*,int,string)
UnityEngine.StackTraceUtility:ExtractStackTrace ()
UnityEngine.DebugLogHandler:Internal_Log (UnityEngine.LogType,UnityEngine.LogOption,string,UnityEngine.Object)
UnityEngine.DebugLogHandler:LogFormat (UnityEngine.LogType,UnityEngine.Object,string,object[])
UnityEngine.Logger:Log (UnityEngine.LogType,object)
UnityEngine.Debug:LogWarning (object)
Unity.XR.CoreUtils.Editor.PackageVersionUtility:UpdatePackageVersions () (at ./Library/PackageCache/com.unity.xr.core-utils@5b282bc7378d/Editor/ProjectValidation/PackageVersionUtility.cs:59)
Unity.XR.CoreUtils.Editor.PackageVersionUtility:GetPackageVersion (string) (at ./Library/PackageCache/com.unity.xr.core-utils@5b282bc7378d/Editor/ProjectValidation/PackageVersionUtility.cs:77)
UnityEditor.XR.Interaction.Toolkit.Samples.Hands.Editor.HandsSampleProjectValidation:.cctor () (at Assets/Samples/XR Interaction Toolkit/3.1.1/Hands Interaction Demo/Editor/Scripts/HandsSampleProjectValidation.cs:34)
System.Reflection.RuntimeMethodInfo:Invoke (object,System.Reflection.BindingFlags,System.Reflection.Binder,object[],System.Globalization.CultureInfo)
System.Reflection.MethodBase:Invoke (object,object[])
UnityEditor.EditorAssemblies:ProcessInitializeOnLoadMethodAttributes ()

(Filename: ./Library/PackageCache/com.unity.xr.core-utils@5b282bc7378d/Editor/ProjectValidation/PackageVersionUtility.cs Line: 59)

Mono: successfully reloaded assembly
[Package Manager] Failed to launch server process. Reason: Unity was launched with the -noUpm command-line argument
[Package Manager] Unable to send message (not connected to server process).
[Package Manager] Cannot connect to Unity Package Manager local server
- Finished resetting the current domain, in  1.472 seconds
Domain Reload Profiling: 2909ms
	BeginReloadAssembly (353ms)
		ExecutionOrderSort (0ms)
		DisableScriptedObjects (10ms)
		BackupInstance (0ms)
		ReleaseScriptingObjects (0ms)
		CreateAndSetChildDomain (85ms)
	RebuildCommonClasses (63ms)
	RebuildNativeTypeToScriptingClass (25ms)
	initialDomainReloadingComplete (47ms)
	LoadAllAssembliesAndSetupDomain (948ms)
		LoadAssemblies (674ms)
		RebuildTransferFunctionScriptingTraits (0ms)
		AnalyzeDomain (458ms)
			TypeCache.Refresh (10ms)
				TypeCache.ScanAssembly (0ms)
			BuildScriptInfoCaches (421ms)
			ResolveRequiredComponents (23ms)
	FinalizeReload (1473ms)
		ReleaseScriptCaches (0ms)
		RebuildScriptCaches (0ms)
		SetupLoadedEditorAssemblies (1148ms)
			LogAssemblyErrors (0ms)
			InitializePlatformSupportModulesInManaged (20ms)
			SetLoadedEditorAssemblies (8ms)
			BeforeProcessingInitializeOnLoad (196ms)
			ProcessInitializeOnLoadAttributes (741ms)
			ProcessInitializeOnLoadMethodAttributes (169ms)
			AfterProcessingInitializeOnLoad (12ms)
			EditorAssembliesLoaded (0ms)
		ExecutionOrderSort2 (0ms)
		AwakeInstancesAfterBackupRestoration (16ms)
Refreshing native plugins compatible for Editor in 10.75 ms, found 9 plugins.
Preloading 0 native plugins for Editor in 0.00 ms.
Unloading 68 Unused Serialized files (Serialized files now loaded: 0)
Unloading 5680 unused Assets / (8.0 MB). Loaded Objects now: 6451.
Memory consumption went from 190.6 MB to 182.6 MB.
Total: 16.264200 ms (FindLiveObjects: 1.234800 ms CreateObjectMapping: 1.229100 ms MarkObjects: 8.305600 ms  DeleteObjects: 5.492900 ms)

Prepare: number of updated asset objects reloaded= 0
========================================================================
Received Prepare
Begin MonoManager ReloadAssembly
- Loaded All Assemblies, in  3.642 seconds
'Packages/com.unity.xr.openxr/Runtime/OpenXRLoader.cs' contains partial class of Unity.Object, exactly 1 of the partial classes needs to be in a file with the same filename. This is to know the one that can be referenced from ie. GameObjects
'Packages/com.unity.xr.openxr/Runtime/OpenXRLoaderInternal.cs' contains partial class of Unity.Object, exactly 1 of the partial classes needs to be in a file with the same filename. This is to know the one that can be referenced from ie. GameObjects
Refreshing native plugins compatible for Editor in 11.06 ms, found 9 plugins.
Native extension for Android target not found
Native extension for WindowsStandalone target not found
[Package Manager] Failed to launch server process. Reason: Unity was launched with the -noUpm command-line argument
[Package Manager] Unable to send message (not connected to server process).
[Package Manager] Cannot connect to Unity Package Manager local server
System.NullReferenceException: Object reference not set to an instance of an object
  at UnityEditor.XR.Interaction.Toolkit.Analytics.XRIAnalytics..cctor () [0x00000] in .\Library\PackageCache\com.unity.xr.interaction.toolkit@9b07900cb163\Editor\Analytics\XRIAnalytics.cs:32 
UnityEngine.Debug:ExtractStackTraceNoAlloc (byte*,int,string)
UnityEngine.StackTraceUtility:ExtractStackTrace ()
UnityEngine.DebugLogHandler:Internal_Log (UnityEngine.LogType,UnityEngine.LogOption,string,UnityEngine.Object)
UnityEngine.DebugLogHandler:LogFormat (UnityEngine.LogType,UnityEngine.Object,string,object[])
UnityEngine.Logger:Log (UnityEngine.LogType,object)
UnityEngine.Debug:LogError (object)
UnityEditor.EditorAssemblies:ProcessInitializeOnLoadAttributes (System.Type[])

[Package Manager] Failed to launch server process. Reason: Unity was launched with the -noUpm command-line argument
[Package Manager] Unable to send message (not connected to server process).
[Package Manager] Cannot connect to Unity Package Manager local server
Failed to get package versions: Cannot connect to Unity Package Manager local server
UnityEngine.Debug:ExtractStackTraceNoAlloc (byte*,int,string)
UnityEngine.StackTraceUtility:ExtractStackTrace ()
UnityEngine.DebugLogHandler:Internal_Log (UnityEngine.LogType,UnityEngine.LogOption,string,UnityEngine.Object)
UnityEngine.DebugLogHandler:LogFormat (UnityEngine.LogType,UnityEngine.Object,string,object[])
UnityEngine.Logger:Log (UnityEngine.LogType,object)
UnityEngine.Debug:LogWarning (object)
Unity.XR.CoreUtils.Editor.PackageVersionUtility:UpdatePackageVersions () (at ./Library/PackageCache/com.unity.xr.core-utils@5b282bc7378d/Editor/ProjectValidation/PackageVersionUtility.cs:59)
Unity.XR.CoreUtils.Editor.PackageVersionUtility:GetPackageVersion (string) (at ./Library/PackageCache/com.unity.xr.core-utils@5b282bc7378d/Editor/ProjectValidation/PackageVersionUtility.cs:77)
UnityEditor.XR.Interaction.Toolkit.Samples.Hands.Editor.HandsSampleProjectValidation:.cctor () (at Assets/Samples/XR Interaction Toolkit/3.1.1/Hands Interaction Demo/Editor/Scripts/HandsSampleProjectValidation.cs:34)
System.Reflection.RuntimeMethodInfo:Invoke (object,System.Reflection.BindingFlags,System.Reflection.Binder,object[],System.Globalization.CultureInfo)
System.Reflection.MethodBase:Invoke (object,object[])
UnityEditor.EditorAssemblies:ProcessInitializeOnLoadMethodAttributes ()

(Filename: ./Library/PackageCache/com.unity.xr.core-utils@5b282bc7378d/Editor/ProjectValidation/PackageVersionUtility.cs Line: 59)

Mono: successfully reloaded assembly
[Package Manager] Failed to launch server process. Reason: Unity was launched with the -noUpm command-line argument
[Package Manager] Unable to send message (not connected to server process).
[Package Manager] Cannot connect to Unity Package Manager local server
- Finished resetting the current domain, in  1.345 seconds
Domain Reload Profiling: 4982ms
	BeginReloadAssembly (323ms)
		ExecutionOrderSort (0ms)
		DisableScriptedObjects (9ms)
		BackupInstance (0ms)
		ReleaseScriptingObjects (0ms)
		CreateAndSetChildDomain (67ms)
	RebuildCommonClasses (70ms)
	RebuildNativeTypeToScriptingClass (25ms)
	initialDomainReloadingComplete (53ms)
	LoadAllAssembliesAndSetupDomain (3167ms)
		LoadAssemblies (2999ms)
		RebuildTransferFunctionScriptingTraits (0ms)
		AnalyzeDomain (349ms)
			TypeCache.Refresh (12ms)
				TypeCache.ScanAssembly (0ms)
			BuildScriptInfoCaches (316ms)
			ResolveRequiredComponents (15ms)
	FinalizeReload (1346ms)
		ReleaseScriptCaches (0ms)
		RebuildScriptCaches (0ms)
		SetupLoadedEditorAssemblies (1015ms)
			LogAssemblyErrors (0ms)
			InitializePlatformSupportModulesInManaged (24ms)
			SetLoadedEditorAssemblies (9ms)
			BeforeProcessingInitializeOnLoad (203ms)
			ProcessInitializeOnLoadAttributes (607ms)
			ProcessInitializeOnLoadMethodAttributes (159ms)
			AfterProcessingInitializeOnLoad (11ms)
			EditorAssembliesLoaded (0ms)
		ExecutionOrderSort2 (0ms)
		AwakeInstancesAfterBackupRestoration (17ms)
Refreshing native plugins compatible for Editor in 9.58 ms, found 9 plugins.
Preloading 0 native plugins for Editor in 0.00 ms.
Unloading 68 Unused Serialized files (Serialized files now loaded: 0)
Unloading 5680 unused Assets / (7.9 MB). Loaded Objects now: 6454.
Memory consumption went from 213.9 MB to 206.0 MB.
Total: 13.344700 ms (FindLiveObjects: 0.764600 ms CreateObjectMapping: 0.324600 ms MarkObjects: 6.734900 ms  DeleteObjects: 5.518700 ms)

Prepare: number of updated asset objects reloaded= 0
========================================================================
Received Import Request.
  Time since last request: 725.159833 seconds.
  path: Assets/parking_fullset/filde_base.mat
  artifactKey: Guid(ade59c1654e720d4aada8d5bb80acac9) Importer(815301076,1909f56bfc062723c751e8b465ee728b)
Start importing Assets/parking_fullset/filde_base.mat using Guid(ade59c1654e720d4aada8d5bb80acac9) Importer(815301076,1909f56bfc062723c751e8b465ee728b) (PreviewImporter) -> (artifact id: '2bc002eb78051af46f70186bd39b4a8b') in 1.3866793 seconds
Number of updated asset objects reloaded before import = 0Number of asset objects unloaded after import = 5

========================================================================
Received Import Request.
  Time since last request: 0.000041 seconds.
  path: Assets/parking_fullset/P_signboard_close.mat
  artifactKey: Guid(21a5e76c6f79c1c4da5008ebc2d5662e) Importer(815301076,1909f56bfc062723c751e8b465ee728b)
Start importing Assets/parking_fullset/P_signboard_close.mat using Guid(21a5e76c6f79c1c4da5008ebc2d5662e) Importer(815301076,1909f56bfc062723c751e8b465ee728b) (PreviewImporter) -> (artifact id: '21a4c6a388b46c50ad22d504898302e4') in 0.5098996 seconds
Number of updated asset objects reloaded before import = 0Number of asset objects unloaded after import = 5

========================================================================
Received Import Request.
  Time since last request: 0.000078 seconds.
  path: Assets/parking_fullset/P_signboard_open.mat
  artifactKey: Guid(aec6d9429bb86a6449ba072ac52b3c4a) Importer(815301076,1909f56bfc062723c751e8b465ee728b)
Start importing Assets/parking_fullset/P_signboard_open.mat using Guid(aec6d9429bb86a6449ba072ac52b3c4a) Importer(815301076,1909f56bfc062723c751e8b465ee728b) (PreviewImporter) -> (artifact id: '30d896406a32b1d6e6bcfa39bd6c3c35') in 0.1948094 seconds
Number of updated asset objects reloaded before import = 0Number of asset objects unloaded after import = 5

========================================================================
Received Import Request.
  Time since last request: 0.000027 seconds.
  path: Assets/parking_fullset/P_machine.mat
  artifactKey: Guid(c866533e21282a442bde785fc15d81c5) Importer(815301076,1909f56bfc062723c751e8b465ee728b)
Start importing Assets/parking_fullset/P_machine.mat using Guid(c866533e21282a442bde785fc15d81c5) Importer(815301076,1909f56bfc062723c751e8b465ee728b) (PreviewImporter) -> (artifact id: '00000000000000000000000000000000') in 0.019937 seconds
Import Error Code:(4)
Message: Build asset version error: assets/parking_fullset/p_machine.mat in SourceAssetDB has modification time of '2025-07-02T06:01:19.5540987Z' while content on disk has modification time of '2022-02-18T05:57:35Z'
  ERROR: Build asset version error: assets/parking_fullset/p_machine.mat in SourceAssetDB has modification time of '2025-07-02T06:01:19.5540987Z' while content on disk has modification time of '2022-02-18T05:57:35Z'
Number of updated asset objects reloaded before import = 0Number of asset objects unloaded after import = 4

Editor requested this worker to shutdown with reason: Scaling down because of idle timeout
AssetImportWorker is now disconnected from the server
Process exiting
Exiting without the bug reporter. Application will terminate with return code 0